solid auto-kdk-case
facet normal -0.9999962159494826 -0.0027510155789622613 0
outer loop
vertex -84.51568603515625 30.164398193359375 -6.927865982055664
vertex -84.51313018798828 29.2353458404541 -7.121771812438965
vertex -84.51568603515625 30.164398193359375 -1
endloop
endfacet
facet normal -0.9937218207182582 -0.11187914474197548 4.40321368729358e-7
outer loop
vertex -82.49869537353516 17.423696517944336 -8.456647872924805
vertex -82.46329498291016 17.10926628112793 -8.559640884399414
vertex -82.50517272949219 17.481258392333984 -1
endloop
endfacet
facet normal -0.9851864421784332 -0.17148665880412062 0
outer loop
vertex -82.5526123046875 17.75379753112793 -8.398516654968262
vertex -82.50517272949219 17.481258392333984 -8.449419975280762
vertex -82.50517272949219 17.481258392333984 -1
endloop
endfacet
facet normal 0.000041007995570976105 -0.99999999915888 -7.642936652542696e-7
outer loop
vertex -6.663998126983643 -52.63694381713867 -11.449999809265137
vertex 29.80826759338379 -52.63544464111328 -16.057538986206055
vertex 5.336001873016357 -52.636451721191406 -11.449999809265137
endloop
endfacet
facet normal 0.0000405300792310107 -0.9999999991732025 -0.0000033026759185610728
outer loop
vertex 5.336001873016357 -52.636451721191406 -11.449999809265137
vertex 29.80826759338379 -52.63544464111328 -16.057538986206055
vertex 5.910027027130127 -52.63642883300781 -11.335819244384766
endloop
endfacet
facet normal 0.000040728935861330455 -0.9999999991679406 -0.000002296194412964198
outer loop
vertex 5.910027027130127 -52.63642883300781 -11.335819244384766
vertex 29.80826759338379 -52.63544464111328 -16.057538986206055
vertex 6.396661758422852 -52.636409759521484 -11.010660171508789
endloop
endfacet
facet normal 0.0000419419861579939 -0.9999999991148872 0.00000333093801826561
outer loop
vertex 6.396661758422852 -52.636409759521484 -11.010660171508789
vertex 29.80826759338379 -52.63544464111328 -16.057538986206055
vertex 6.721821308135986 -52.63639450073242 -10.524024963378906
endloop
endfacet
facet normal 0.000040791641638752644 -0.9999999991669427 -0.000001468429416764273
outer loop
vertex 6.721821308135986 -52.63639450073242 -10.524024963378906
vertex 29.80826759338379 -52.63544464111328 -16.057538986206055
vertex 6.836001873016357 -52.636390686035156 -9.949999809265137
endloop
endfacet
facet normal -0.6554676424555262 -0.7552232560631866 -0.000056525330079466776
outer loop
vertex -134.65440368652344 -50.19517135620117 -15.78543472290039
vertex -133.777587890625 -50.95615768432617 -15.958986282348633
vertex -133.6974639892578 -51.025699615478516 -15.940252304077148
endloop
endfacet
facet normal 0.0794756028727716 -0.9968368113929229 0
outer loop
vertex 30.441707611083984 -52.58494186401367 -16.0975341796875
vertex 29.80826759338379 -52.63544464111328 -1
vertex 29.80826759338379 -52.63544464111328 -16.057538986206055
endloop
endfacet
facet normal 0.25329631213873405 -0.9673887420561091 1.2590128462012085e-7
outer loop
vertex 30.441707611083984 -52.58494186401367 -1
vertex 30.473461151123047 -52.576629638671875 -16.102087020874023
vertex 31.394372940063477 -52.33550262451172 -16.11034393310547
endloop
endfacet
facet normal 0.25324027358502793 -0.9674034131811714 0
outer loop
vertex 30.473461151123047 -52.576629638671875 -16.102087020874023
vertex 30.441707611083984 -52.58494186401367 -1
vertex 30.441707611083984 -52.58494186401367 -16.0975341796875
endloop
endfacet
facet normal 0.12874411838897964 -0.9916778468737941 0
outer loop
vertex 31.394372940063477 -52.33550262451172 -16.11034393310547
vertex 31.681243896484375 -52.29825973510742 -16.08637809753418
vertex 31.394372940063477 -52.33550262451172 -1
endloop
endfacet
facet normal 0.1287372218523531 -0.9916787421890823 -1.3334944764747245e-7
outer loop
vertex 31.394372940063477 -52.33550262451172 -1
vertex 31.681243896484375 -52.29825973510742 -16.08637809753418
vertex 31.71791648864746 -52.29349899291992 -16.080312728881836
endloop
endfacet
facet normal -0.8801958938836676 -0.4746105639777869 -0.00003083858955140636
outer loop
vertex -135.46006774902344 -49.139034271240234 -15.812478065490723
vertex -135.37486267089844 -49.297054290771484 -15.786190032958984
vertex -135.9762420654297 -48.1817626953125 -15.705102920532227
endloop
endfacet
facet normal 0.12874375986503975 -0.9916778934189332 9.285741200569666e-9
outer loop
vertex 31.71791648864746 -52.29349899291992 -16.080312728881836
vertex 31.854814529418945 -52.275726318359375 -16.082300186157227
vertex 31.394372940063477 -52.33550262451172 -1
endloop
endfacet
facet normal 0.00012246647388414444 -0.9999999925009814 0
outer loop
vertex 31.854814529418945 -52.275726318359375 -16.082300186157227
vertex 32.07285690307617 -52.275699615478516 -16.0629825592041
vertex 31.854814529418945 -52.275726318359375 -1
endloop
endfacet
facet normal 0.6687976847295946 0.7434444544821985 0
outer loop
vertex -25.506301879882812 51.44586944580078 -1
vertex -26.36229133605957 52.215911865234375 -4.712867736816406
vertex -26.36229133605957 52.215911865234375 -1
endloop
endfacet
facet normal 0.7821730646144578 0.6230612305316607 0
outer loop
vertex -24.84783363342285 50.61924743652344 -1
vertex -25.506301879882812 51.44586944580078 -4.699612617492676
vertex -25.506301879882812 51.44586944580078 -1
endloop
endfacet
facet normal -0.950933420325928 -0.3093955295484386 -0.0001907948458287853
outer loop
vertex -136.03985595703125 -47.986236572265625 -15.717329978942871
vertex -135.9762420654297 -48.1817626953125 -15.705102920532227
vertex -136.33250427246094 -47.086883544921875 -15.543020248413086
endloop
endfacet
facet normal 0.8480505044399941 0.5299154101543677 0
outer loop
vertex -24.591136932373047 50.20844268798828 -1
vertex -24.84783363342285 50.61924743652344 -4.8433380126953125
vertex -24.84783363342285 50.61924743652344 -1
endloop
endfacet
facet normal 0.8659025727631158 0.5002126892455019 0
outer loop
vertex -19.380998611450195 41.189334869384766 -1
vertex -24.591136932373047 50.20844268798828 -4.871979713439941
vertex -24.591136932373047 50.20844268798828 -1
endloop
endfacet
facet normal 0.36263836606641037 0.9319299412813629 0
outer loop
vertex -28.097614288330078 53.13669967651367 -1
vertex -28.513751983642578 53.29862976074219 -4.544187068939209
vertex -28.513751983642578 53.29862976074219 -1
endloop
endfacet
facet normal 0.3626459186834924 0.9319270023243039 -0.0000010210618570102428
outer loop
vertex -27.440744400024414 52.88108825683594 -1
vertex -28.513751983642578 53.29862976074219 -4.544187068939209
vertex -28.097614288330078 53.13669967651367 -1
endloop
endfacet
facet normal 0.524963223627118 0.8511249108321436 0
outer loop
vertex -26.36229133605957 52.215911865234375 -1
vertex -27.440744400024414 52.88108825683594 -4.682629585266113
vertex -27.440744400024414 52.88108825683594 -1
endloop
endfacet
facet normal 0.009614733095900527 0.9999537773854823 0
outer loop
vertex -29.757755279541016 53.53940200805664 -1
vertex -30.909086227416992 53.550472259521484 -4.525310039520264
vertex -30.909086227416992 53.550472259521484 -1
endloop
endfacet
facet normal 0.19001994076851464 0.9817802310651453 0
outer loop
vertex -28.513751983642578 53.29862976074219 -1
vertex -29.757755279541016 53.53940200805664 -4.640141010284424
vertex -29.757755279541016 53.53940200805664 -1
endloop
endfacet
facet normal -0.34465618601340575 0.9387289882829296 0
outer loop
vertex -32.15784454345703 53.33572006225586 -1
vertex -33.23868179321289 52.93888854980469 -4.4787821769714355
vertex -33.23868179321289 52.93888854980469 -1
endloop
endfacet
facet normal -0.16948535477233168 0.9855327059604014 2.562468742995471e-7
outer loop
vertex -32.15784454345703 53.33572006225586 -4.637651443481445
vertex -31.62032699584961 53.428157806396484 -1
vertex -30.909086227416992 53.550472259521484 -1
endloop
endfacet
facet normal -0.16948367043418064 0.9855329956202167 0
outer loop
vertex -32.15784454345703 53.33572006225586 -4.637651443481445
vertex -32.15784454345703 53.33572006225586 -1
vertex -31.62032699584961 53.428157806396484 -1
endloop
endfacet
facet normal -0.9852899996309139 0.17089065664546046 0.000009929610854927206
outer loop
vertex -136.48074340820312 -27.99541664123535 -13.541952133178711
vertex -136.2839813232422 -26.86096954345703 -13.41051197052002
vertex -136.44195556640625 -27.771780014038086 -13.555793762207031
endloop
endfacet
facet normal 0.00004118204675971512 -0.9999999991520195 0
outer loop
vertex 6.836001873016357 -52.636390686035156 -9.949999809265137
vertex 29.80826759338379 -52.63544464111328 -16.057538986206055
vertex 29.80826759338379 -52.63544464111328 -1
endloop
endfacet
facet normal 0.8659025408920575 0.5002127444164627 1.7139693764272912e-7
outer loop
vertex -19.380998611450195 41.189334869384766 -1
vertex -15.844894409179688 35.06809616088867 -1
vertex -24.591136932373047 50.20844268798828 -4.871979713439941
endloop
endfacet
facet normal 0.6687976847295946 0.7434444544821985 0
outer loop
vertex -26.36229133605957 52.215911865234375 -4.712867736816406
vertex -25.506301879882812 51.44586944580078 -1
vertex -25.506301879882812 51.44586944580078 -4.699612617492676
endloop
endfacet
facet normal 0.7821730646144578 0.6230612305316608 0
outer loop
vertex -25.506301879882812 51.44586944580078 -4.699612617492676
vertex -24.84783363342285 50.61924743652344 -1
vertex -24.84783363342285 50.61924743652344 -4.8433380126953125
endloop
endfacet
facet normal 0.8480505044399941 0.5299154101543677 0
outer loop
vertex -24.591136932373047 50.20844268798828 -4.871979713439941
vertex -24.84783363342285 50.61924743652344 -4.8433380126953125
vertex -24.591136932373047 50.20844268798828 -1
endloop
endfacet
facet normal 0.3626429896087231 0.9319281421266596 0
outer loop
vertex -28.513751983642578 53.29862976074219 -4.544187068939209
vertex -27.440744400024414 52.88108825683594 -1
vertex -27.440744400024414 52.88108825683594 -4.682629585266113
endloop
endfacet
facet normal 0.5249619910136032 0.8511256710913996 4.982913127462667e-7
outer loop
vertex -26.36229133605957 52.215911865234375 -1
vertex -26.497085571289062 52.29905319213867 -4.747915267944336
vertex -27.440744400024414 52.88108825683594 -4.682629585266113
endloop
endfacet
facet normal 0.5249720275624936 0.8511194806118143 0
outer loop
vertex -26.36229133605957 52.215911865234375 -4.712867736816406
vertex -26.497085571289062 52.29905319213867 -4.747915267944336
vertex -26.36229133605957 52.215911865234375 -1
endloop
endfacet
facet normal 0.19001994076851467 0.9817802310651453 0
outer loop
vertex -28.513751983642578 53.29862976074219 -4.544187068939209
vertex -29.757755279541016 53.53940200805664 -4.640141010284424
vertex -28.513751983642578 53.29862976074219 -1
endloop
endfacet
facet normal 0.3394441752276418 0.9406262020080165 0
outer loop
vertex 80.47132110595703 35.68617630004883 -1
vertex 79.38829803466797 36.07700729370117 -6.398202896118164
vertex 79.38829803466797 36.07700729370117 -1
endloop
endfacet
facet normal 0.5037115334421012 0.8638719182132308 0
outer loop
vertex 81.56592559814453 35.04792785644531 -1
vertex 80.47132110595703 35.68617630004883 -6.602058410644531
vertex 80.47132110595703 35.68617630004883 -1
endloop
endfacet
facet normal 0.6501709528452936 0.7597879520473083 0
outer loop
vertex 81.99349975585938 34.68204116821289 -1
vertex 81.56592559814453 35.04792785644531 -6.553092956542969
vertex 81.56592559814453 35.04792785644531 -1
endloop
endfacet
facet normal 0.6501757985914579 0.7597838053851517 -6.463288741080046e-7
outer loop
vertex 82.44072723388672 34.29933166503906 -1
vertex 81.56592559814453 35.04792785644531 -6.553092956542969
vertex 81.99349975585938 34.68204116821289 -1
endloop
endfacet
facet normal 0.7766812281768702 0.6298938559770755 0
outer loop
vertex 83.23886108398438 33.31520462036133 -1
vertex 82.44072723388672 34.29933166503906 -6.689271926879883
vertex 82.44072723388672 34.29933166503906 -1
endloop
endfacet
facet normal 0.3394441752276418 0.9406262020080165 0
outer loop
vertex 79.38829803466797 36.07700729370117 -6.398202896118164
vertex 80.47132110595703 35.68617630004883 -1
vertex 80.47132110595703 35.68617630004883 -6.602058410644531
endloop
endfacet
facet normal 0.17517161031137532 0.984537915441005 0
outer loop
vertex 79.38829803466797 36.07700729370117 -6.398202896118164
vertex 63.06806182861328 38.98074722290039 -6.2968316078186035
vertex 79.38829803466797 36.07700729370117 -1
endloop
endfacet
facet normal 0.9492543116447961 0.31450954170543755 0
outer loop
vertex 83.88163757324219 32.03618240356445 -1
vertex 83.79237365722656 32.305599212646484 -6.851347923278809
vertex 83.79237365722656 32.305599212646484 -1
endloop
endfacet
facet normal 0.9492590008267897 0.3144953884380533 -7.232013785336855e-7
outer loop
vertex 84.19087219238281 31.102802276611328 -1
vertex 83.79237365722656 32.305599212646484 -6.851347923278809
vertex 83.88163757324219 32.03618240356445 -1
endloop
endfacet
facet normal 0.990214549326305 0.13955338155165778 0
outer loop
vertex 84.26806640625 30.555063247680664 -1
vertex 84.19087219238281 31.102802276611328 -6.9266676902771
vertex 84.19087219238281 31.102802276611328 -1
endloop
endfacet
facet normal 0.9902138371130413 0.13955843503579482 4.7631643690214547e-7
outer loop
vertex 84.35155487060547 29.962684631347656 -1
vertex 84.19087219238281 31.102802276611328 -6.9266676902771
vertex 84.26806640625 30.555063247680664 -1
endloop
endfacet
facet normal 0.009614733095900527 0.9999537773854823 0
outer loop
vertex -29.757755279541016 53.53940200805664 -4.640141010284424
vertex -30.909086227416992 53.550472259521484 -4.525310039520264
vertex -29.757755279541016 53.53940200805664 -1
endloop
endfacet
facet normal -0.34465618601340575 0.9387289882829297 0
outer loop
vertex -33.23868179321289 52.93888854980469 -4.4787821769714355
vertex -32.15784454345703 53.33572006225586 -1
vertex -32.15784454345703 53.33572006225586 -4.637651443481445
endloop
endfacet
facet normal -0.16948462976328119 0.9855328306423908 0
outer loop
vertex -30.909086227416992 53.550472259521484 -4.525310039520264
vertex -32.15784454345703 53.33572006225586 -4.637651443481445
vertex -30.909086227416992 53.550472259521484 -1
endloop
endfacet
facet normal 0.36264291420524725 0.9319281714683129 -6.729136533481659e-7
outer loop
vertex -27.440744400024414 52.88108825683594 -4.682629585266113
vertex -27.535442352294922 52.917938232421875 -4.698997497558594
vertex -28.513751983642578 53.29862976074219 -4.544187068939209
endloop
endfacet
facet normal -0.16948896900814894 0.9855320831500902 0.00004966284496381005
outer loop
vertex -30.909086227416992 53.550472259521484 -4.525310039520264
vertex -32.083988189697266 53.34842300415039 -4.664221286773682
vertex -32.15784454345703 53.33572006225586 -4.637651443481445
endloop
endfacet
facet normal 0.86590256475146 0.5002127031142267 -4.399940904865849e-8
outer loop
vertex -15.844894409179688 35.06809616088867 -1
vertex -16.063549041748047 35.44660186767578 -6.554610729217529
vertex -24.591136932373047 50.20844268798828 -4.871979713439941
endloop
endfacet
facet normal 0.00012180331423917151 -0.9999999925819762 -9.59948700053572e-9
outer loop
vertex 31.854814529418945 -52.275726318359375 -1
vertex 32.07285690307617 -52.275699615478516 -16.0629825592041
vertex 64.6754150390625 -52.271728515625 -16.08281898498535
endloop
endfacet
facet normal -0.3460016256450431 -0.9382339127589597 0
outer loop
vertex -132.70591735839844 -51.610965728759766 -15.906367301940918
vertex -131.57904052734375 -52.02653503417969 -16.047327041625977
vertex -132.70591735839844 -51.610965728759766 -1
endloop
endfacet
facet normal -0.1744262414038331 -0.9846702033767569 -0.0002772935412424851
outer loop
vertex -131.53921508789062 -52.041221618652344 -16.043886184692383
vertex -130.3826446533203 -52.24614334106445 -15.884920120239258
vertex -131.51708984375 -52.04937744140625 -1
endloop
endfacet
facet normal -0.34599690001490113 -0.9382356554618444 4.0202601629814253e-7
outer loop
vertex -131.53921508789062 -52.041221618652344 -16.043886184692383
vertex -132.70591735839844 -51.610965728759766 -1
vertex -131.57904052734375 -52.02653503417969 -16.047327041625977
endloop
endfacet
facet normal -0.0004879575792556063 -0.9999998809486879 -1.0387508846800232e-7
outer loop
vertex -130.3826446533203 -52.24614334106445 -15.884920120239258
vertex -78.019775390625 -52.27169418334961 -16.074426651000977
vertex -126.79664611816406 -52.247894287109375 -5
endloop
endfacet
facet normal -0.6554624275525374 -0.7552277842260139 0
outer loop
vertex -134.65440368652344 -50.19517135620117 -15.78543472290039
vertex -133.6974639892578 -51.025699615478516 -15.940252304077148
vertex -134.65440368652344 -50.19517135620117 -1
endloop
endfacet
facet normal -0.5083122355711664 -0.8611728462792142 0
outer loop
vertex -133.6974639892578 -51.025699615478516 -15.940252304077148
vertex -132.70591735839844 -51.610965728759766 -15.906367301940918
vertex -133.6974639892578 -51.025699615478516 -1
endloop
endfacet
facet normal -0.7800354639077232 -0.6257353074953202 0
outer loop
vertex -135.37486267089844 -49.297054290771484 -15.786190032958984
vertex -134.65440368652344 -50.19517135620117 -15.78543472290039
vertex -135.37486267089844 -49.297054290771484 -1
endloop
endfacet
facet normal -0.8801949576572835 -0.4746123012677745 0
outer loop
vertex -135.9762420654297 -48.1817626953125 -15.705102920532227
vertex -135.37486267089844 -49.297054290771484 -15.786190032958984
vertex -135.9762420654297 -48.1817626953125 -1
endloop
endfacet
facet normal -0.950925127360261 -0.30942107580911693 0
outer loop
vertex -136.33250427246094 -47.086883544921875 -15.543020248413086
vertex -135.9762420654297 -48.1817626953125 -15.705102920532227
vertex -136.33250427246094 -47.086883544921875 -1
endloop
endfacet
facet normal -0.9889138622694928 -0.14849031285317715 0
outer loop
vertex -136.4894256591797 -46.04182052612305 -15.515192985534668
vertex -136.33250427246094 -47.086883544921875 -15.543020248413086
vertex -136.4894256591797 -46.04182052612305 -1
endloop
endfacet
facet normal -0.9999993177537998 -0.00013531874958068956 -0.0011602503052736987
outer loop
vertex -136.4894256591797 -45.81943893432617 -15.541129112243652
vertex -136.4894256591797 -46.04182052612305 -15.515192985534668
vertex -136.50633239746094 -45.55800247192383 -1
endloop
endfacet
facet normal -0.9979155197899846 -0.06453383114525946 0
outer loop
vertex -136.50633239746094 -45.55800247192383 -15.494668006896973
vertex -136.4894256591797 -45.81943893432617 -15.541129112243652
vertex -136.50633239746094 -45.55800247192383 -1
endloop
endfacet
facet normal -0.9999989385521605 0.0014570156321583093 0
outer loop
vertex -136.48074340820312 -27.99541664123535 -13.541952133178711
vertex -136.50633239746094 -45.55800247192383 -15.494668006896973
vertex -136.48074340820312 -27.99541664123535 -1
endloop
endfacet
facet normal -0.9852898059660284 0.1708917735276507 0
outer loop
vertex -136.2839813232422 -26.86096954345703 -13.41051197052002
vertex -136.48074340820312 -27.99541664123535 -13.541952133178711
vertex -136.2839813232422 -26.86096954345703 -1
endloop
endfacet
facet normal -0.3231158568530664 -0.9463594153650657 0
outer loop
vertex -77.2017822265625 -52.366146087646484 -16.162691116333008
vertex -76.76238250732422 -52.516170501708984 -16.1920166015625
vertex -77.2017822265625 -52.366146087646484 -1
endloop
endfacet
facet normal -0.17321450761280616 -0.9848841222968584 0
outer loop
vertex -77.65907287597656 -52.28572082519531 -16.09745979309082
vertex -77.37220001220703 -52.33617401123047 -16.134782791137695
vertex -77.65907287597656 -52.28572082519531 -1
endloop
endfacet
facet normal -0.048286913860975125 -0.9988335066214903 0
outer loop
vertex -77.65907287597656 -52.28572082519531 -16.09745979309082
vertex -77.9485092163086 -52.271728515625 -1
vertex -77.9485092163086 -52.271728515625 -16.08074951171875
endloop
endfacet
facet normal -0.00048174708037891114 -0.9999998839598687 0
outer loop
vertex -78.019775390625 -52.27169418334961 -16.074426651000977
vertex -77.9485092163086 -52.271728515625 -16.08074951171875
vertex -77.9485092163086 -52.271728515625 -1
endloop
endfacet
facet normal -0.17321558869929768 -0.9848839321623413 -2.1125329274880573e-8
outer loop
vertex -77.37220001220703 -52.33617401123047 -16.134782791137695
vertex -77.2017822265625 -52.366146087646484 -16.162691116333008
vertex -77.65907287597656 -52.28572082519531 -1
endloop
endfacet
facet normal -0.37591293456477426 -0.9266549873749668 0
outer loop
vertex -76.27078247070312 -52.76927947998047 -16.161273956298828
vertex -75.15193176269531 -53.22315979003906 -16.182371139526367
vertex -76.27078247070312 -52.76927947998047 -1
endloop
endfacet
facet normal -0.37593773691509247 -0.9266449255020112 -0.000002128588013929807
outer loop
vertex -76.27078247070312 -52.76927947998047 -1
vertex -75.15193176269531 -53.22315979003906 -16.182371139526367
vertex -75.09663391113281 -53.2455940246582 -16.17274284362793
endloop
endfacet
facet normal -0.4577571623048943 -0.8890772634358447 0
outer loop
vertex -76.27078247070312 -52.76927947998047 -16.161273956298828
vertex -76.76238250732422 -52.516170501708984 -1
vertex -76.76238250732422 -52.516170501708984 -16.1920166015625
endloop
endfacet
facet normal -0.2024089467086476 -0.9793010866389844 0
outer loop
vertex -73.96907806396484 -53.47864532470703 -16.100149154663086
vertex -75.09663391113281 -53.2455940246582 -1
vertex -75.09663391113281 -53.2455940246582 -16.17274284362793
endloop
endfacet
facet normal -0.02389306671338479 -0.9997145199320802 0
outer loop
vertex -73.96907806396484 -53.47864532470703 -16.100149154663086
vertex -72.71070098876953 -53.50872039794922 -16.20160675048828
vertex -73.96907806396484 -53.47864532470703 -1
endloop
endfacet
facet normal 0.16615401973105695 -0.9860998077648836 -0.00010417903423449093
outer loop
vertex -72.70234680175781 -53.50891876220703 -1
vertex -72.71070098876953 -53.50872039794922 -16.20160675048828
vertex -67.83003997802734 -52.68635559082031 -16.128005981445312
endloop
endfacet
facet normal -0.061432798804298125 -0.9981112218740738 -3.37968235146643e-7
outer loop
vertex 65.04322052001953 -52.29436111450195 -16.07978057861328
vertex 64.69959259033203 -52.273216247558594 -1
vertex 64.87674713134766 -52.284114837646484 -16.07303237915039
endloop
endfacet
facet normal -0.06140574660519008 -0.9981128865433301 -1.881795779705083e-8
outer loop
vertex 64.6754150390625 -52.271728515625 -16.08281898498535
vertex 64.87674713134766 -52.284114837646484 -16.07303237915039
vertex 64.69959259033203 -52.273216247558594 -1
endloop
endfacet
facet normal 0.8768644014158379 0.4807377887473006 0
outer loop
vertex 83.23886108398438 33.31520462036133 -6.683070659637451
vertex 83.23886108398438 33.31520462036133 -1
vertex 83.79237365722656 32.305599212646484 -1
endloop
endfacet
facet normal -0.17309295150495368 -0.984905492998848 0
outer loop
vertex 65.04322052001953 -52.29436111450195 -16.07978057861328
vertex 65.1741714477539 -52.31737518310547 -16.069019317626953
vertex 65.04322052001953 -52.29436111450195 -1
endloop
endfacet
facet normal -0.17309685583103068 -0.9849048068221672 -3.497685071990094e-8
outer loop
vertex 65.04322052001953 -52.29436111450195 -1
vertex 65.1741714477539 -52.31737518310547 -16.069019317626953
vertex 71.98517608642578 -53.514408111572266 -16.1500244140625
endloop
endfacet
facet normal 0.1485444946114174 -0.9889055664742348 -0.0005601043756364584
outer loop
vertex 130.25994873046875 -52.254825592041016 -16.060504913330078
vertex 130.295166015625 -52.249534606933594 -16.06220245361328
vertex 131.3050079345703 -52.097900390625 -15.96483325958252
endloop
endfacet
facet normal 0.8611717656865043 -0.5083140662047418 -0.000009098893654130017
outer loop
vertex 135.2438201904297 -49.462852478027344 -15.800661087036133
vertex 135.32650756835938 -49.3227653503418 -15.82508659362793
vertex 135.82908630371094 -48.4713134765625 -15.643440246582031
endloop
endfacet
facet normal 0.9996738386205494 -0.025538527319635226 0
outer loop
vertex 84.32938385009766 29.09482765197754 -1
vertex 84.35155487060547 29.962684631347656 -6.9622087478637695
vertex 84.35155487060547 29.962684631347656 -1
endloop
endfacet
facet normal 0.9996739980282406 -0.025532286724985875 9.089715040574593e-7
outer loop
vertex 84.32456970214844 28.90633773803711 -1
vertex 84.35155487060547 29.962684631347656 -6.9622087478637695
vertex 84.32938385009766 29.09482765197754 -1
endloop
endfacet
facet normal 0.9902705979483163 -0.13915510353229654 0
outer loop
vertex 84.2940673828125 28.689273834228516 -1
vertex 84.32456970214844 28.90633773803711 -7.122557163238525
vertex 84.32456970214844 28.90633773803711 -1
endloop
endfacet
facet normal 0.9902713124439219 -0.13915001886654077 1.8382697647801303e-7
outer loop
vertex 84.25728607177734 28.42751693725586 -1
vertex 84.32456970214844 28.90633773803711 -7.122557163238525
vertex 84.2940673828125 28.689273834228516 -1
endloop
endfacet
facet normal -0.00014976784210059518 0.9999999887846841 4.7454350602080247e-7
outer loop
vertex 13.348180770874023 33.7685546875 -1
vertex -13.032630920410156 33.76460647583008 -6.870092391967773
vertex -13.370621681213379 33.76455307006836 -1
endloop
endfacet
facet normal -0.9457480224157672 0.3249010281557534 0
outer loop
vertex -135.80162048339844 -25.45687484741211 -13.427079200744629
vertex -136.2839813232422 -26.86096954345703 -13.41051197052002
vertex -135.80162048339844 -25.45687484741211 -1
endloop
endfacet
facet normal -0.9859491553329757 0.16704569164809852 0
outer loop
vertex -135.72406005859375 -24.99909210205078 -13.352206230163574
vertex -135.80162048339844 -25.45687484741211 -13.427079200744629
vertex -135.72406005859375 -24.99909210205078 -1
endloop
endfacet
facet normal -0.9999165205733309 0.01292098620382651 -2.0995790003652884e-7
outer loop
vertex -135.72406005859375 -24.99909210205078 -13.352206230163574
vertex -135.7180633544922 -24.53482437133789 -1
vertex -135.72021484375 -24.701520919799805 -13.260315895080566
endloop
endfacet
facet normal -0.9999184160968123 0.012773454787784093 0.0000017962755651425402
outer loop
vertex -135.72021484375 -24.701520919799805 -13.260315895080566
vertex -135.7180633544922 -24.53482437133789 -1
vertex -135.71971130371094 -24.662105560302734 -13.244368553161621
endloop
endfacet
facet normal -0.9999161940970398 0.01294622657345565 0
outer loop
vertex -135.71971130371094 -24.662105560302734 -13.244368553161621
vertex -135.7180633544922 -24.53482437133789 -1
vertex -135.7180633544922 -24.53482437133789 -13.218928337097168
endloop
endfacet
facet normal -0.9928668249829689 -0.11922863686274889 -2.991151538928559e-7
outer loop
vertex -135.7180633544922 -24.53482437133789 -13.218928337097168
vertex -135.75738525390625 -24.20740509033203 -1
vertex -135.7501678466797 -24.26747703552246 -13.129304885864258
endloop
endfacet
facet normal -0.9928596737735013 -0.11928817290233144 0
outer loop
vertex -135.7501678466797 -24.26747703552246 -13.129304885864258
vertex -135.75738525390625 -24.20740509033203 -1
vertex -135.75738525390625 -24.20740509033203 -13.12131118774414
endloop
endfacet
facet normal -0.9849563698365722 -0.17280321038210372 0
outer loop
vertex -135.75738525390625 -24.20740509033203 -13.12131118774414
vertex -135.75738525390625 -24.20740509033203 -1
vertex -135.80548095703125 -23.933265686035156 -13.069741249084473
endloop
endfacet
facet normal 0.5500806499843949 0.8351115365702628 0
outer loop
vertex -14.822050094604492 34.139034271240234 -1
vertex -15.209796905517578 34.394439697265625 -6.837024688720703
vertex -15.209796905517578 34.394439697265625 -1
endloop
endfacet
facet normal 0.41463193163566114 0.9099892094239802 0
outer loop
vertex -14.3995361328125 33.94651794433594 -1
vertex -14.822050094604492 34.139034271240234 -6.942989826202393
vertex -14.822050094604492 34.139034271240234 -1
endloop
endfacet
facet normal 0.5037115334421012 0.8638719182132308 0
outer loop
vertex 80.47132110595703 35.68617630004883 -6.602058410644531
vertex 81.56592559814453 35.04792785644531 -1
vertex 81.56592559814453 35.04792785644531 -6.553092956542969
endloop
endfacet
facet normal 0.2692520213516594 0.9630697529244938 0
outer loop
vertex -13.952377319335938 33.821502685546875 -1
vertex -14.3995361328125 33.94651794433594 -7.015787124633789
vertex -14.3995361328125 33.94651794433594 -1
endloop
endfacet
facet normal 0.09742640943511496 0.9952427315708356 5.464949206146344e-8
outer loop
vertex -13.370621681213379 33.76455307006836 -1
vertex -13.952377319335938 33.821502685546875 -6.9996867179870605
vertex -13.69908618927002 33.79670715332031 -1
endloop
endfacet
facet normal 0.09742769162595158 0.9952426060536388 0
outer loop
vertex -13.952377319335938 33.821502685546875 -6.9996867179870605
vertex -13.952377319335938 33.821502685546875 -1
vertex -13.69908618927002 33.79670715332031 -1
endloop
endfacet
facet normal 0.7785266358512282 0.6276115655962419 5.669179898909363e-8
outer loop
vertex -15.553488731384277 34.70661926269531 -1
vertex -15.811561584472656 35.02674865722656 -6.651182651519775
vertex -15.844894409179688 35.06809616088867 -1
endloop
endfacet
facet normal 0.6723572381762913 0.7402268194762669 0
outer loop
vertex -15.209796905517578 34.394439697265625 -1
vertex -15.553488731384277 34.70661926269531 -6.7371506690979
vertex -15.553488731384277 34.70661926269531 -1
endloop
endfacet
facet normal 0.9889098560645186 0.14851694902878707 -0.00011148826714315527
outer loop
vertex 136.43930053710938 -27.87751007080078 -13.562448501586914
vertex 136.31602478027344 -27.056570053100586 -13.428839683532715
vertex 136.47296142578125 -28.101634979248047 -13.551353454589844
endloop
endfacet
facet normal -0.10358485841520512 -0.9946206196872764 0
outer loop
vertex 71.98517608642578 -53.514408111572266 -16.1500244140625
vertex 72.92829132080078 -53.61262893676758 -16.214385986328125
vertex 71.98517608642578 -53.514408111572266 -1
endloop
endfacet
facet normal -0.02103201088591995 -0.9997787986533778 -0.00009100166529451828
outer loop
vertex 72.96165466308594 -53.61333084106445 -16.21382713317871
vertex 72.9449691772461 -53.61436462402344 -1
vertex 72.92829132080078 -53.61262893676758 -16.214385986328125
endloop
endfacet
facet normal 0.06179821318081733 -0.9980886638208334 -4.429137069789614e-8
outer loop
vertex 72.9449691772461 -53.61436462402344 -1
vertex 72.96165466308594 -53.61333084106445 -16.21382713317871
vertex 74.20963287353516 -53.53606033325195 -16.087413787841797
endloop
endfacet
facet normal 0.16902739996229765 -0.9856113524417144 0
outer loop
vertex 74.3228759765625 -53.516639709472656 -16.085708618164062
vertex 74.20963287353516 -53.53606033325195 -1
vertex 74.20963287353516 -53.53606033325195 -16.087413787841797
endloop
endfacet
facet normal 0.26519370846148876 -0.964195155034728 0
outer loop
vertex 75.54460144042969 -53.18061447143555 -16.166866302490234
vertex 74.3228759765625 -53.516639709472656 -1
vertex 74.3228759765625 -53.516639709472656 -16.085708618164062
endloop
endfacet
facet normal 0.4407992638224986 -0.8976057091025788 0
outer loop
vertex 75.54460144042969 -53.18061447143555 -16.166866302490234
vertex 75.60150146484375 -53.152671813964844 -16.178699493408203
vertex 75.54460144042969 -53.18061447143555 -1
endloop
endfacet
facet normal -0.4986759701318556 0.8667884844718765 0
outer loop
vertex -33.23868179321289 52.93888854980469 -1
vertex -47.738277435302734 44.59706115722656 -5.637637615203857
vertex -47.738277435302734 44.59706115722656 -1
endloop
endfacet
facet normal 0.4407860035969911 -0.8976122208576427 -6.1695858515781e-8
outer loop
vertex 75.54460144042969 -53.18061447143555 -1
vertex 75.60150146484375 -53.152671813964844 -16.178699493408203
vertex 76.7474136352539 -52.5899543762207 -16.226362228393555
endloop
endfacet
facet normal 0.40147391728174653 -0.9158704568564537 0
outer loop
vertex 77.03106689453125 -52.465614318847656 -16.227031707763672
vertex 76.7474136352539 -52.5899543762207 -1
vertex 76.7474136352539 -52.5899543762207 -16.226362228393555
endloop
endfacet
facet normal 0.28022461896994755 -0.9599344576184083 0
outer loop
vertex 77.47677612304688 -52.33550262451172 -16.17949676513672
vertex 77.03106689453125 -52.465614318847656 -1
vertex 77.03106689453125 -52.465614318847656 -16.227031707763672
endloop
endfacet
facet normal 0.12874599185792904 -0.9916776036497538 0
outer loop
vertex 77.47677612304688 -52.33550262451172 -16.17949676513672
vertex 77.63899993896484 -52.3144416809082 -16.14678382873535
vertex 77.47677612304688 -52.33550262451172 -1
endloop
endfacet
facet normal 0.12874209078019308 -0.9916781101050597 -4.248520018720508e-8
outer loop
vertex 77.47677612304688 -52.33550262451172 -1
vertex 77.63899993896484 -52.3144416809082 -16.14678382873535
vertex 77.93721771240234 -52.275726318359375 -16.097455978393555
endloop
endfacet
facet normal 0.00035304865718000194 -0.9999999376783208 0
outer loop
vertex 77.93721771240234 -52.275726318359375 -1
vertex 77.93721771240234 -52.275726318359375 -16.097455978393555
vertex 78.3045883178711 -52.275596618652344 -16.062820434570312
endloop
endfacet
facet normal 0.00035594856077554495 -0.9999999366503065 7.072642720906064e-8
outer loop
vertex 77.93721771240234 -52.275726318359375 -1
vertex 78.3045883178711 -52.275596618652344 -16.062820434570312
vertex 89.17161560058594 -52.271728515625 -16.06195640563965
endloop
endfacet
facet normal 0.6501734301606985 0.7597858321349981 0
outer loop
vertex 81.56592559814453 35.04792785644531 -6.553092956542969
vertex 82.44072723388672 34.29933166503906 -1
vertex 82.44072723388672 34.29933166503906 -6.689271926879883
endloop
endfacet
facet normal 0.7766812281768701 0.6298938559770754 0
outer loop
vertex 82.44072723388672 34.29933166503906 -6.689271926879883
vertex 83.23886108398438 33.31520462036133 -1
vertex 83.23886108398438 33.31520462036133 -6.683070659637451
endloop
endfacet
facet normal 0.33944424940330825 0.9406261752401037 4.453923568436951e-7
outer loop
vertex 80.47132110595703 35.68617630004883 -6.602058410644531
vertex 80.3787841796875 35.71957015991211 -6.627204895019531
vertex 79.38829803466797 36.07700729370117 -6.398202896118164
endloop
endfacet
facet normal 0.6501777439288908 0.7597821391651547 0.000048012072748029166
outer loop
vertex 82.44072723388672 34.29933166503906 -6.689271926879883
vertex 82.30714416503906 34.41364669799805 -6.726386547088623
vertex 81.56592559814453 35.04792785644531 -6.553092956542969
endloop
endfacet
facet normal 0.8768644014158379 0.4807377887473006 0
outer loop
vertex 83.79237365722656 32.305599212646484 -6.851347923278809
vertex 83.23886108398438 33.31520462036133 -6.683070659637451
vertex 83.79237365722656 32.305599212646484 -1
endloop
endfacet
facet normal 0.9492565965016134 0.31450264545358575 9.322865936434591e-7
outer loop
vertex 84.19087219238281 31.102802276611328 -1
vertex 84.11869049072266 31.3206844329834 -6.9618239402771
vertex 83.79237365722656 32.305599212646484 -6.851347923278809
endloop
endfacet
facet normal 0.9492642120728322 0.3144796586072699 0
outer loop
vertex 84.19087219238281 31.102802276611328 -6.9266676902771
vertex 84.11869049072266 31.3206844329834 -6.9618239402771
vertex 84.19087219238281 31.102802276611328 -1
endloop
endfacet
facet normal 0.9902141792800042 0.13955600722587147 0
outer loop
vertex 84.19087219238281 31.102802276611328 -6.9266676902771
vertex 84.35155487060547 29.962684631347656 -1
vertex 84.35155487060547 29.962684631347656 -6.9622087478637695
endloop
endfacet
facet normal 0.9996739995663507 -0.025532226502399856 9.196483271111463e-7
outer loop
vertex 84.32456970214844 28.90633773803711 -1
vertex 84.3302230834961 29.127466201782227 -7.128777980804443
vertex 84.35155487060547 29.962684631347656 -6.9622087478637695
endloop
endfacet
facet normal 0.9996733486665643 -0.025557698757473556 0
outer loop
vertex 84.32456970214844 28.90633773803711 -7.122557163238525
vertex 84.3302230834961 29.127466201782227 -7.128777980804443
vertex 84.32456970214844 28.90633773803711 -1
endloop
endfacet
facet normal 0.9902709885446407 -0.13915232390017823 0
outer loop
vertex 84.25728607177734 28.42751693725586 -1
vertex 84.25728607177734 28.42751693725586 -7.162717819213867
vertex 84.32456970214844 28.90633773803711 -7.122557163238525
endloop
endfacet
facet normal 0.8768695375881668 0.4807284147012004 0.00007313539173965108
outer loop
vertex 83.69022369384766 32.49192810058594 -6.870487213134766
vertex 83.23886108398438 33.31520462036133 -6.683070659637451
vertex 83.79237365722656 32.305599212646484 -6.851347923278809
endloop
endfacet
facet normal -0.08149330634407141 -0.9966738890033748 0
outer loop
vertex 90.54003143310547 -52.38361740112305 -15.972137451171875
vertex 89.17161560058594 -52.271728515625 -1
vertex 89.17161560058594 -52.271728515625 -16.06195640563965
endloop
endfacet
facet normal 0.000041142124621787336 -0.9999999991536185 2.9744237258096393e-7
outer loop
vertex -6.663998126983643 -52.63694381713867 -11.449999809265137
vertex -67.26922607421875 -52.63943862915039 -16.10356903076172
vertex 29.80826759338379 -52.63544464111328 -16.057538986206055
endloop
endfacet
facet normal 0.07557524931549305 -0.9971401013352642 0
outer loop
vertex 90.54003143310547 -52.38361740112305 -15.972137451171875
vertex 91.96354675292969 -52.275726318359375 -16.057748794555664
vertex 90.54003143310547 -52.38361740112305 -1
endloop
endfacet
facet normal 0.00010572675788316575 -0.9999999944109264 0
outer loop
vertex 91.96354675292969 -52.275726318359375 -16.057748794555664
vertex 129.77613830566406 -52.271728515625 -16.04718780517578
vertex 91.96354675292969 -52.275726318359375 -1
endloop
endfacet
facet normal 0.03491577754702616 -0.9993902583467014 0
outer loop
vertex 130.25994873046875 -52.254825592041016 -16.060504913330078
vertex 129.77613830566406 -52.271728515625 -1
vertex 129.77613830566406 -52.271728515625 -16.04718780517578
endloop
endfacet
facet normal 0.1484943730821832 -0.9889132525974811 0
outer loop
vertex 131.3050079345703 -52.097900390625 -15.96483325958252
vertex 130.25994873046875 -52.254825592041016 -1
vertex 130.25994873046875 -52.254825592041016 -16.060504913330078
endloop
endfacet
facet normal 0.30942706766725564 -0.9509231776515091 0
outer loop
vertex 132.39988708496094 -51.74163055419922 -16.00803565979004
vertex 131.3050079345703 -52.097900390625 -1
vertex 131.3050079345703 -52.097900390625 -15.96483325958252
endloop
endfacet
facet normal 0.47456538367759665 -0.8802202546038891 0
outer loop
vertex 132.39988708496094 -51.74163055419922 -16.00803565979004
vertex 132.45407104492188 -51.71241760253906 -16.019153594970703
vertex 132.39988708496094 -51.74163055419922 -1
endloop
endfacet
facet normal 0.11753797445002746 -0.9930683886632304 0
outer loop
vertex -67.83003997802734 -52.68635559082031 -16.128005981445312
vertex -67.5641098022461 -52.65488052368164 -16.117610931396484
vertex -67.83003997802734 -52.68635559082031 -1
endloop
endfacet
facet normal 0.11753902991299292 -0.9930682637397654 1.8826481755471892e-8
outer loop
vertex -67.83003997802734 -52.68635559082031 -1
vertex -67.5641098022461 -52.65488052368164 -16.117610931396484
vertex -67.43370819091797 -52.63944625854492 -16.118310928344727
endloop
endfacet
facet normal 0.000046384340596699595 -0.9999999989242465 0
outer loop
vertex -67.43370819091797 -52.63944625854492 -16.118310928344727
vertex -67.26922607421875 -52.63943862915039 -16.10356903076172
vertex -67.43370819091797 -52.63944625854492 -1
endloop
endfacet
facet normal 0.00004111844500763173 -0.9999999991546351 -5.7347084838066545e-8
outer loop
vertex -67.43370819091797 -52.63944625854492 -1
vertex -67.26922607421875 -52.63943862915039 -16.10356903076172
vertex -8.1639986038208 -52.63700866699219 -9.949999809265137
endloop
endfacet
facet normal 0.4746060119687329 -0.8801983488981897 1.8918056892624403e-7
outer loop
vertex 132.39988708496094 -51.74163055419922 -1
vertex 132.45407104492188 -51.71241760253906 -16.019153594970703
vertex 133.5151824951172 -51.140262603759766 -15.957795143127441
endloop
endfacet
facet normal 0.6257692913750273 -0.7800082012209848 0
outer loop
vertex 133.5151824951172 -51.140262603759766 -15.957795143127441
vertex 133.6016082763672 -51.070926666259766 -15.968433380126953
vertex 133.5151824951172 -51.140262603759766 -1
endloop
endfacet
facet normal 0.00004265603236405066 -0.9999999989016872 -0.00001941876256010654
outer loop
vertex -67.26922607421875 -52.63943862915039 -16.10356903076172
vertex -6.663998126983643 -52.63694381713867 -11.449999809265137
vertex -7.238023281097412 -52.63697052001953 -11.335819244384766
endloop
endfacet
facet normal 0.00004090989107685022 -0.9999999991598956 0.000002567072907637868
outer loop
vertex -67.26922607421875 -52.63943862915039 -16.10356903076172
vertex -7.238023281097412 -52.63697052001953 -11.335819244384766
vertex -7.724658489227295 -52.63698959350586 -11.010660171508789
endloop
endfacet
facet normal 0.000040808659165567405 -0.9999999991602929 0.0000037506421704491528
outer loop
vertex -67.26922607421875 -52.63943862915039 -16.10356903076172
vertex -7.724658489227295 -52.63698959350586 -11.010660171508789
vertex -8.049817085266113 -52.637001037597656 -10.524024963378906
endloop
endfacet
facet normal 0.00004163402037911783 -0.9999999991207569 -0.000005009464887574426
outer loop
vertex -8.1639986038208 -52.63700866699219 -9.949999809265137
vertex -67.26922607421875 -52.63943862915039 -16.10356903076172
vertex -8.049817085266113 -52.637001037597656 -10.524024963378906
endloop
endfacet
facet normal 0.6257361880178851 -0.7800347575619611 -3.141472578832184e-7
outer loop
vertex 133.5151824951172 -51.140262603759766 -1
vertex 133.6016082763672 -51.070926666259766 -15.968433380126953
vertex 134.41329956054688 -50.419795989990234 -15.806710243225098
endloop
endfacet
facet normal 0.1743756113228232 0.9846792097813105 -4.955706228971477e-7
outer loop
vertex 101.78193664550781 17.41404151916504 -1
vertex 135.81495666503906 11.387176513671875 -1
vertex 121.95774841308594 13.841132164001465 -1.100000023841858
endloop
endfacet
facet normal 0.17437538317721166 0.9846792490170296 -0.00004792764513832081
outer loop
vertex 121.95774841308594 13.841132164001465 -1.100000023841858
vertex 119.59451293945312 14.259634017944336 -1.100000023841858
vertex 101.78193664550781 17.41404151916504 -1
endloop
endfacet
facet normal -0.44591195704118664 0.8950768271873085 0
outer loop
vertex -47.86003875732422 44.53640365600586 -1
vertex -48.06787109375 44.432865142822266 -5.658827304840088
vertex -48.06787109375 44.432865142822266 -1
endloop
endfacet
facet normal 0.17437564426242094 0.9846792039482023 0
outer loop
vertex 119.59451293945312 14.259634017944336 -1.100000023841858
vertex 119.59451293945312 14.259634017944336 -2.5
vertex 101.78193664550781 17.41404151916504 -1
endloop
endfacet
facet normal -0.4459007340921342 0.8950824181804183 -6.249158095919413e-7
outer loop
vertex -47.738277435302734 44.59706115722656 -1
vertex -48.06787109375 44.432865142822266 -5.658827304840088
vertex -47.86003875732422 44.53640365600586 -1
endloop
endfacet
facet normal 0.1743756548912798 0.9846792020659422 1.3017651670146004e-7
outer loop
vertex 119.59451293945312 14.259634017944336 -2.5
vertex 119.79327392578125 14.224435806274414 -3.5
vertex 101.78193664550781 17.41404151916504 -1
endloop
endfacet
facet normal 0.17437538337748645 0.9846792501479601 7.45177662873954e-8
outer loop
vertex 121.95774841308594 13.841132164001465 -2.5
vertex 119.79327392578125 14.224435806274414 -3.5
vertex 119.59451293945312 14.259634017944336 -2.5
endloop
endfacet
facet normal 0.1743756373720023 0.9846792051684182 0
outer loop
vertex 119.79327392578125 14.224435806274414 -3.5
vertex 119.79327392578125 14.224435806274414 -8.902153015136719
vertex 101.78193664550781 17.41404151916504 -1
endloop
endfacet
facet normal 0.7552320583033181 -0.6554575029023116 0
outer loop
vertex 135.2438201904297 -49.462852478027344 -15.800661087036133
vertex 134.41329956054688 -50.419795989990234 -1
vertex 134.41329956054688 -50.419795989990234 -15.806710243225098
endloop
endfacet
facet normal 0.8611711341674834 -0.5083151361868838 0
outer loop
vertex 135.82908630371094 -48.4713134765625 -15.643440246582031
vertex 135.2438201904297 -49.462852478027344 -1
vertex 135.2438201904297 -49.462852478027344 -15.800661087036133
endloop
endfacet
facet normal 0.9382338955682261 -0.3460016722602235 0
outer loop
vertex 136.2675018310547 -47.28248596191406 -15.614337921142578
vertex 135.82908630371094 -48.4713134765625 -1
vertex 135.82908630371094 -48.4713134765625 -15.643440246582031
endloop
endfacet
facet normal 0.9852882436847575 -0.17090078073726248 0
outer loop
vertex 136.2675018310547 -47.28248596191406 -15.614337921142578
vertex 136.30323791503906 -47.07645797729492 -15.644330978393555
vertex 136.2675018310547 -47.28248596191406 -1
endloop
endfacet
facet normal -0.4986759701318556 0.8667884844718765 0
outer loop
vertex -33.23868179321289 52.93888854980469 -4.4787821769714355
vertex -47.738277435302734 44.59706115722656 -5.637637615203857
vertex -33.23868179321289 52.93888854980469 -1
endloop
endfacet
facet normal -0.4458975026487938 0.8950840279725524 0
outer loop
vertex -47.738277435302734 44.59706115722656 -5.637637615203857
vertex -47.81094741821289 44.56085968017578 -5.648785591125488
vertex -47.738277435302734 44.59706115722656 -1
endloop
endfacet
facet normal -0.4459107347178354 0.8950774361268043 2.5817684213662274e-7
outer loop
vertex -47.81094741821289 44.56085968017578 -5.648785591125488
vertex -48.06787109375 44.432865142822266 -5.658827304840088
vertex -47.738277435302734 44.59706115722656 -1
endloop
endfacet
facet normal -0.3422778043513228 0.9395987998334383 0
outer loop
vertex -48.06787109375 44.432865142822266 -5.658827304840088
vertex -48.13998031616211 44.40659713745117 -5.666716575622559
vertex -48.06787109375 44.432865142822266 -1
endloop
endfacet
facet normal -0.3422665792255878 0.9396028888552943 0
outer loop
vertex -48.06787109375 44.432865142822266 -1
vertex -62.4494514465332 39.19412612915039 -6.267885684967041
vertex -62.4494514465332 39.19412612915039 -1
endloop
endfacet
facet normal -0.34226651533038166 0.9396029121302034 -1.9758310590220832e-7
outer loop
vertex -48.13998031616211 44.40659713745117 -5.666716575622559
vertex -62.4494514465332 39.19412612915039 -6.267885684967041
vertex -48.06787109375 44.432865142822266 -1
endloop
endfacet
facet normal 0.9852873701765125 -0.17090581666709515 -7.298102178177885e-8
outer loop
vertex 136.2675018310547 -47.28248596191406 -1
vertex 136.30323791503906 -47.07645797729492 -15.644330978393555
vertex 136.4642791748047 -46.148040771484375 -15.39005184173584
endloop
endfacet
facet normal 0.9999989398179002 -0.0014561466531809047 0
outer loop
vertex 136.4642791748047 -46.148040771484375 -15.39005184173584
vertex 136.48985290527344 -28.585453033447266 -13.583427429199219
vertex 136.4642791748047 -46.148040771484375 -1
endloop
endfacet
facet normal 0.999391102148808 0.034891617127768844 0
outer loop
vertex 136.47296142578125 -28.101634979248047 -13.551353454589844
vertex 136.48985290527344 -28.585453033447266 -1
vertex 136.48985290527344 -28.585453033447266 -13.583427429199219
endloop
endfacet
facet normal 0.988911781699678 0.1485041683440853 0
outer loop
vertex 136.47296142578125 -28.101634979248047 -13.551353454589844
vertex 136.31602478027344 -27.056570053100586 -13.428839683532715
vertex 136.47296142578125 -28.101634979248047 -1
endloop
endfacet
facet normal 0.947806058225719 0.31884741803976513 0
outer loop
vertex 135.88038635253906 -25.7615909576416 -13.461441993713379
vertex 136.31602478027344 -27.056570053100586 -1
vertex 136.31602478027344 -27.056570053100586 -13.428839683532715
endloop
endfacet
facet normal 0.9652485894133289 0.2613334280867618 0
outer loop
vertex 135.75904846191406 -25.31342315673828 -13.443038940429688
vertex 135.88038635253906 -25.7615909576416 -1
vertex 135.88038635253906 -25.7615909576416 -13.461441993713379
endloop
endfacet
facet normal 0.9940119569455723 0.1092713569478918 0
outer loop
vertex 135.70831298828125 -24.851896286010742 -13.349194526672363
vertex 135.75904846191406 -25.31342315673828 -1
vertex 135.75904846191406 -25.31342315673828 -13.443038940429688
endloop
endfacet
facet normal 0.9989682164339845 -0.04541478343782003 0
outer loop
vertex 135.70831298828125 -24.851896286010742 -1
vertex 135.70831298828125 -24.851896286010742 -13.349194526672363
vertex 135.72265625 -24.536394119262695 -13.235599517822266
endloop
endfacet
facet normal 0.9989724546079185 -0.045321462121337405 0.0000024113135403803115
outer loop
vertex 135.70831298828125 -24.851896286010742 -1
vertex 135.72265625 -24.536394119262695 -13.235599517822266
vertex 135.72938537597656 -24.38806915283203 -13.197092056274414
endloop
endfacet
facet normal 0.9848242984876175 -0.17355431745817182 0
outer loop
vertex 135.72938537597656 -24.38806915283203 -1
vertex 135.72938537597656 -24.38806915283203 -13.197092056274414
vertex 135.7726287841797 -24.14268684387207 -13.100833892822266
endloop
endfacet
facet normal 0.9848384846770789 -0.17347379945144722 0.0000016834503940051302
outer loop
vertex 135.72938537597656 -24.38806915283203 -1
vertex 135.7726287841797 -24.14268684387207 -13.100833892822266
vertex 135.83116149902344 -23.810386657714844 -13.038069725036621
endloop
endfacet
facet normal -0.30073331451944024 0.9537082748608896 -1.3009469345710946e-7
outer loop
vertex -62.4494514465332 39.19412612915039 -1
vertex -62.94490051269531 39.03789520263672 -6.285094738006592
vertex -62.87246322631836 39.06073760986328 -1
endloop
endfacet
facet normal -0.3007419478710437 0.9537055524587924 0
outer loop
vertex -62.94490051269531 39.03789520263672 -6.285094738006592
vertex -62.94490051269531 39.03789520263672 -1
vertex -62.87246322631836 39.06073760986328 -1
endloop
endfacet
facet normal -0.17389109242101156 0.9847648896953095 -1.0989105698602847e-7
outer loop
vertex -62.94490051269531 39.03789520263672 -1
vertex -78.98968505859375 36.20468521118164 -6.572545051574707
vertex -67.52436065673828 38.229248046875 -1
endloop
endfacet
facet normal -0.30073655164227425 0.9537072540912718 0
outer loop
vertex -62.4494514465332 39.19412612915039 -6.267885684967041
vertex -62.69643020629883 39.11624526977539 -6.272543907165527
vertex -62.4494514465332 39.19412612915039 -1
endloop
endfacet
facet normal -0.3007326044011078 0.9537084987825607 -2.0328372298130605e-7
outer loop
vertex -62.69643020629883 39.11624526977539 -6.272543907165527
vertex -62.94490051269531 39.03789520263672 -6.285094738006592
vertex -62.4494514465332 39.19412612915039 -1
endloop
endfacet
facet normal -0.17386485356000891 0.9847695226275879 -6.237856132005727e-7
outer loop
vertex -63.02873611450195 39.02309036254883 -6.27532958984375
vertex -63.07181930541992 39.01548385620117 -6.280050754547119
vertex -62.94490051269531 39.03789520263672 -1
endloop
endfacet
facet normal -0.17390291815552522 0.9847628014181855 0
outer loop
vertex -62.94490051269531 39.03789520263672 -6.285094738006592
vertex -63.02873611450195 39.02309036254883 -6.27532958984375
vertex -62.94490051269531 39.03789520263672 -1
endloop
endfacet
facet normal -0.17389113877736853 0.984764881509647 2.7742547365757764e-8
outer loop
vertex -63.07181930541992 39.01548385620117 -6.280050754547119
vertex -78.98968505859375 36.20468521118164 -6.572545051574707
vertex -62.94490051269531 39.03789520263672 -1
endloop
endfacet
facet normal 0.7821714367545893 0.6230632737982987 -0.0000192095711611845
outer loop
vertex -24.84783363342285 50.61924743652344 -4.8433380126953125
vertex -24.9682674407959 50.77043533325195 -4.856781959533691
vertex -25.506301879882812 51.44586944580078 -4.699612617492676
endloop
endfacet
facet normal 0.000041182046759715125 -0.9999999991520195 0
outer loop
vertex 6.836001873016357 -52.636390686035156 -4.949999809265137
vertex 6.836001873016357 -52.636390686035156 -9.949999809265137
vertex 29.80826759338379 -52.63544464111328 -1
endloop
endfacet
facet normal 0.07947269209587027 -0.996837043458468 -1.2290235639245135e-7
outer loop
vertex 29.80826759338379 -52.63544464111328 -1
vertex 30.441707611083984 -52.58494186401367 -16.0975341796875
vertex 30.37282943725586 -52.59043502807617 -1
endloop
endfacet
facet normal 0.07949946105896996 -0.9968349089449734 0
outer loop
vertex 30.37282943725586 -52.59043502807617 -1
vertex 30.441707611083984 -52.58494186401367 -16.0975341796875
vertex 30.441707611083984 -52.58494186401367 -1
endloop
endfacet
facet normal 0.25329444332275786 -0.9673892313757757 0
outer loop
vertex 30.441707611083984 -52.58494186401367 -1
vertex 31.394372940063477 -52.33550262451172 -16.11034393310547
vertex 31.394372940063477 -52.33550262451172 -1
endloop
endfacet
facet normal 0.1287295983279673 -0.9916797318258224 -4.30332468790512e-7
outer loop
vertex 31.394372940063477 -52.33550262451172 -1
vertex 31.854814529418945 -52.275726318359375 -16.082300186157227
vertex 31.51150894165039 -52.32029724121094 -1
endloop
endfacet
facet normal 0.1287481905848921 -0.991677318194339 0
outer loop
vertex 31.51150894165039 -52.32029724121094 -1
vertex 31.854814529418945 -52.275726318359375 -16.082300186157227
vertex 31.854814529418945 -52.275726318359375 -1
endloop
endfacet
facet normal 0.8659022850776159 0.50021318724856 0
outer loop
vertex -15.844894409179688 35.06809616088867 -1
vertex -15.844894409179688 35.06809616088867 -6.645860195159912
vertex -16.063549041748047 35.44660186767578 -6.554610729217529
endloop
endfacet
facet normal 0.6723516610823796 0.7402318851815242 6.097471475190905e-7
outer loop
vertex -15.209796905517578 34.394439697265625 -1
vertex -15.336185455322266 34.50924301147461 -6.776655197143555
vertex -15.553488731384277 34.70661926269531 -6.7371506690979
endloop
endfacet
facet normal 0.6723669311818405 0.7402180150827958 0
outer loop
vertex -15.209796905517578 34.394439697265625 -6.837024688720703
vertex -15.336185455322266 34.50924301147461 -6.776655197143555
vertex -15.209796905517578 34.394439697265625 -1
endloop
endfacet
facet normal -0.00015800952938814668 0.9999999875164943 0
outer loop
vertex -13.032630920410156 33.76460647583008 -6.870092391967773
vertex -13.370621681213379 33.76455307006836 -6.907284736633301
vertex -13.370621681213379 33.76455307006836 -1
endloop
endfacet
facet normal 0.09745144119570467 0.9952402808412047 0
outer loop
vertex -13.370621681213379 33.76455307006836 -6.907284736633301
vertex -13.484925270080566 33.7757453918457 -6.9060282707214355
vertex -13.370621681213379 33.76455307006836 -1
endloop
endfacet
facet normal 0.5500750849971797 0.8351152021518137 5.300672222657945e-7
outer loop
vertex -14.822050094604492 34.139034271240234 -1
vertex -14.977462768554688 34.24140548706055 -6.88370943069458
vertex -15.209796905517578 34.394439697265625 -6.837024688720703
endloop
endfacet
facet normal 0.5500843468610853 0.8351091014582352 1.7927721833925255e-7
outer loop
vertex -14.977462768554688 34.24140548706055 -6.88370943069458
vertex -14.822050094604492 34.139034271240234 -1
vertex -14.857473373413086 34.16236877441406 -6.939356803894043
endloop
endfacet
facet normal 0.7785228499069715 0.6276162618772135 0
outer loop
vertex -15.844894409179688 35.06809616088867 -6.645860195159912
vertex -15.844894409179688 35.06809616088867 -1
vertex -15.811561584472656 35.02674865722656 -6.651182651519775
endloop
endfacet
facet normal 0.7785244719175304 0.6276142498584908 3.075709298261354e-7
outer loop
vertex -15.553488731384277 34.70661926269531 -1
vertex -15.686229705810547 34.871280670166016 -6.685561180114746
vertex -15.811561584472656 35.02674865722656 -6.651182651519775
endloop
endfacet
facet normal 0.7785383497779509 0.6275970346685522 -5.15010689151715e-7
outer loop
vertex -15.641449928283691 34.815731048583984 -6.69271183013916
vertex -15.686229705810547 34.871280670166016 -6.685561180114746
vertex -15.553488731384277 34.70661926269531 -1
endloop
endfacet
facet normal 0.7785252210400038 0.6276133206080106 0
outer loop
vertex -15.553488731384277 34.70661926269531 -6.7371506690979
vertex -15.641449928283691 34.815731048583984 -6.69271183013916
vertex -15.553488731384277 34.70661926269531 -1
endloop
endfacet
facet normal 0.2692520213516594 0.9630697529244939 0
outer loop
vertex -13.952377319335938 33.821502685546875 -6.9996867179870605
vertex -14.3995361328125 33.94651794433594 -7.015787124633789
vertex -13.952377319335938 33.821502685546875 -1
endloop
endfacet
facet normal 0.09742011141966639 0.995243348076542 6.1216017917941e-7
outer loop
vertex -13.484925270080566 33.7757453918457 -6.9060282707214355
vertex -13.804252624511719 33.807003021240234 -6.9734673500061035
vertex -13.370621681213379 33.76455307006836 -1
endloop
endfacet
facet normal 0.09742251028451998 0.9952431132591033 4.363510625325673e-7
outer loop
vertex -13.804252624511719 33.807003021240234 -6.9734673500061035
vertex -13.952377319335938 33.821502685546875 -6.9996867179870605
vertex -13.370621681213379 33.76455307006836 -1
endloop
endfacet
facet normal 0.5501053097641492 0.8350952928674006 0
outer loop
vertex -14.822050094604492 34.139034271240234 -6.942989826202393
vertex -14.857473373413086 34.16236877441406 -6.939356803894043
vertex -14.822050094604492 34.139034271240234 -1
endloop
endfacet
facet normal -0.00048827288104948737 -0.9999998807947897 0
outer loop
vertex -130.3826446533203 -52.24614334106445 -15.884920120239258
vertex -126.79664611816406 -52.247894287109375 -5
vertex -130.3826446533203 -52.24614334106445 -1
endloop
endfacet
facet normal -0.0004879633004671561 -0.9999998809458932 -1.2907394268214476e-7
outer loop
vertex -126.79664611816406 -52.247894287109375 -5
vertex -78.019775390625 -52.27169418334961 -16.074426651000977
vertex -114.79664611816406 -52.25374984741211 -5
endloop
endfacet
facet normal -0.5083087326875647 -0.8611749138667842 3.1418529274745777e-7
outer loop
vertex -133.6974639892578 -51.025699615478516 -1
vertex -132.70591735839844 -51.610965728759766 -15.906367301940918
vertex -133.20423889160156 -51.31682586669922 -1
endloop
endfacet
facet normal -0.5083157026051968 -0.8611707998329862 0
outer loop
vertex -133.20423889160156 -51.31682586669922 -1
vertex -132.70591735839844 -51.610965728759766 -15.906367301940918
vertex -132.70591735839844 -51.610965728759766 -1
endloop
endfacet
facet normal -0.6554624275525374 -0.755227784226014 0
outer loop
vertex -134.65440368652344 -50.19517135620117 -1
vertex -133.6974639892578 -51.025699615478516 -15.940252304077148
vertex -133.6974639892578 -51.025699615478516 -1
endloop
endfacet
facet normal -0.7800354639077233 -0.6257353074953204 0
outer loop
vertex -135.37486267089844 -49.297054290771484 -1
vertex -134.65440368652344 -50.19517135620117 -15.78543472290039
vertex -134.65440368652344 -50.19517135620117 -1
endloop
endfacet
facet normal -0.8801967014284957 -0.4746090673326794 0
outer loop
vertex -135.37486267089844 -49.297054290771484 -15.786190032958984
vertex -135.37486267089844 -49.297054290771484 -1
vertex -135.7010955810547 -48.69203186035156 -1
endloop
endfacet
facet normal -0.8801928900739604 -0.4746161356961112 3.733150792709227e-7
outer loop
vertex -135.9762420654297 -48.1817626953125 -1
vertex -135.37486267089844 -49.297054290771484 -15.786190032958984
vertex -135.7010955810547 -48.69203186035156 -1
endloop
endfacet
facet normal -0.9509251273602611 -0.30942107580911693 0
outer loop
vertex -136.33250427246094 -47.086883544921875 -1
vertex -135.9762420654297 -48.1817626953125 -15.705102920532227
vertex -135.9762420654297 -48.1817626953125 -1
endloop
endfacet
facet normal -0.17089526884343365 -0.9852891997210417 0
outer loop
vertex -131.51708984375 -52.04937744140625 -1
vertex -130.3826446533203 -52.24614334106445 -15.884920120239258
vertex -130.3826446533203 -52.24614334106445 -1
endloop
endfacet
facet normal -0.3459990220808721 -0.9382348728964586 2.1507149414701961e-7
outer loop
vertex -132.70591735839844 -51.610965728759766 -1
vertex -131.53921508789062 -52.041221618652344 -16.043886184692383
vertex -131.51708984375 -52.04937744140625 -1
endloop
endfacet
facet normal 0.4146319316356611 0.9099892094239802 0
outer loop
vertex -14.822050094604492 34.139034271240234 -6.942989826202393
vertex -14.3995361328125 33.94651794433594 -1
vertex -14.3995361328125 33.94651794433594 -7.015787124633789
endloop
endfacet
facet normal -0.98891388625058 -0.14849015314415603 -1.1735467204804861e-8
outer loop
vertex -136.4894256591797 -46.04182052612305 -1
vertex -136.33250427246094 -47.086883544921875 -15.543020248413086
vertex -136.41893005371094 -46.51130676269531 -1
endloop
endfacet
facet normal -0.9993900025723036 -0.03492309777970866 0
outer loop
vertex -136.50633239746094 -45.55800247192383 -1
vertex -136.4894256591797 -46.04182052612305 -15.515192985534668
vertex -136.4894256591797 -46.04182052612305 -1
endloop
endfacet
facet normal -0.9889138427085914 -0.14849044312455825 0
outer loop
vertex -136.41893005371094 -46.51130676269531 -1
vertex -136.33250427246094 -47.086883544921875 -15.543020248413086
vertex -136.33250427246094 -47.086883544921875 -1
endloop
endfacet
facet normal -0.00048804636304824713 -0.9999998809052734 -4.3203176182661947e-7
outer loop
vertex -78.019775390625 -52.27169418334961 -16.074426651000977
vertex -119.65411376953125 -52.251380920410156 -1.6613578796386719
vertex -120.39665222167969 -52.25101852416992 -1.6683158874511719
endloop
endfacet
facet normal 0.00007642221775879387 -0.9999999922030507 -0.00009876002792082973
outer loop
vertex 31.854814529418945 -52.275726318359375 -1
vertex 64.6754150390625 -52.271728515625 -16.08281898498535
vertex 64.69959259033203 -52.273216247558594 -1
endloop
endfacet
facet normal -0.06141802334734833 -0.998112131179711 0
outer loop
vertex 64.69959259033203 -52.273216247558594 -1
vertex 65.04322052001953 -52.29436111450195 -16.07978057861328
vertex 65.04322052001953 -52.29436111450195 -1
endloop
endfacet
facet normal -0.17309678178517968 -0.9849048198357108 0
outer loop
vertex 65.04322052001953 -52.29436111450195 -1
vertex 71.98517608642578 -53.514408111572266 -16.1500244140625
vertex 71.98517608642578 -53.514408111572266 -1
endloop
endfacet
facet normal 0.000040924994549726215 -0.999999999161455 0.0000014949549280858911
outer loop
vertex 6.721821308135986 -52.63639450073242 -4.375974655151367
vertex 6.836001873016357 -52.636390686035156 -4.949999809265137
vertex 29.80826759338379 -52.63544464111328 -1
endloop
endfacet
facet normal 0.17437560785532083 0.9846792103954909 0
outer loop
vertex 121.95774841308594 13.841132164001465 -2.5
vertex 121.95774841308594 13.841132164001465 -1.100000023841858
vertex 135.81495666503906 11.387176513671875 -1
endloop
endfacet
facet normal -0.9999989385521605 0.0014570156321583093 0
outer loop
vertex -136.48074340820312 -27.99541664123535 -1
vertex -136.50633239746094 -45.55800247192383 -15.494668006896973
vertex -136.50633239746094 -45.55800247192383 -1
endloop
endfacet
facet normal -0.9852898059660284 0.1708917735276507 0
outer loop
vertex -136.2839813232422 -26.86096954345703 -1
vertex -136.48074340820312 -27.99541664123535 -13.541952133178711
vertex -136.48074340820312 -27.99541664123535 -1
endloop
endfacet
facet normal -0.0004879244331154199 -0.9999998809648667 0
outer loop
vertex -114.79664611816406 -52.25374984741211 -5
vertex -78.019775390625 -52.27169418334961 -16.074426651000977
vertex -114.79664611816406 -52.25374984741211 -4
endloop
endfacet
facet normal -0.0004886281092363649 -0.9999998806189815 -0.000002143291163111748
outer loop
vertex -114.79664611816406 -52.25374984741211 -4
vertex -78.019775390625 -52.27169418334961 -16.074426651000977
vertex -120.39665222167969 -52.25101852416992 -1.6683158874511719
endloop
endfacet
facet normal -0.0004863410734986446 -0.9999998817260752 0.000004493957279202235
outer loop
vertex -119.65411376953125 -52.251380920410156 -1.6613578796386719
vertex -78.019775390625 -52.27169418334961 -16.074426651000977
vertex -118.43803405761719 -52.25197219848633 -1.6276445388793945
endloop
endfacet
facet normal -0.0004898333560666377 -0.9999998800177134 -0.0000052765239787121495
outer loop
vertex -118.43803405761719 -52.25197219848633 -1.6276445388793945
vertex -78.019775390625 -52.27169418334961 -16.074426651000977
vertex -117.71412658691406 -52.25232696533203 -1.5949000120162964
endloop
endfacet
facet normal -0.0004862905125686456 -0.9999998817509232 0.000004435872780972352
outer loop
vertex -117.71412658691406 -52.25232696533203 -1.5949000120162964
vertex -78.019775390625 -52.27169418334961 -16.074426651000977
vertex -117.05488586425781 -52.252647399902344 -1.561540961265564
endloop
endfacet
facet normal -0.0004879957202572899 -0.9999998809300701 -1.5060213272511962e-7
outer loop
vertex -117.05488586425781 -52.252647399902344 -1.561540961265564
vertex -78.019775390625 -52.27169418334961 -16.074426651000977
vertex -116.29664611816406 -52.25301742553711 -1.5094853639602661
endloop
endfacet
facet normal -0.000487938413830284 -0.9999998809580452 0
outer loop
vertex -116.29664611816406 -52.25301742553711 -1.5094853639602661
vertex -78.019775390625 -52.27169418334961 -16.074426651000977
vertex -116.29664611816406 -52.25301742553711 -1
endloop
endfacet
facet normal -0.00048792690785678266 -0.9999998809636587 2.9215888295212084e-8
outer loop
vertex -116.29664611816406 -52.25301742553711 -1
vertex -78.019775390625 -52.27169418334961 -16.074426651000977
vertex -77.9485092163086 -52.271728515625 -1
endloop
endfacet
facet normal -0.048286913860975125 -0.9988335066214904 0
outer loop
vertex -77.9485092163086 -52.271728515625 -1
vertex -77.65907287597656 -52.28572082519531 -16.09745979309082
vertex -77.65907287597656 -52.28572082519531 -1
endloop
endfacet
facet normal -0.17321490924908767 -0.9848840516598034 0
outer loop
vertex -77.65907287597656 -52.28572082519531 -1
vertex -77.2017822265625 -52.366146087646484 -16.162691116333008
vertex -77.2017822265625 -52.366146087646484 -1
endloop
endfacet
facet normal -0.37591411766612387 -0.9266545074294408 0
outer loop
vertex -76.27078247070312 -52.76927947998047 -1
vertex -75.09663391113281 -53.2455940246582 -16.17274284362793
vertex -75.09663391113281 -53.2455940246582 -1
endloop
endfacet
facet normal -0.45775716230489444 -0.8890772634358449 0
outer loop
vertex -76.76238250732422 -52.516170501708984 -1
vertex -76.27078247070312 -52.76927947998047 -16.161273956298828
vertex -76.27078247070312 -52.76927947998047 -1
endloop
endfacet
facet normal -0.3231158568530664 -0.9463594153650656 0
outer loop
vertex -77.2017822265625 -52.366146087646484 -1
vertex -76.76238250732422 -52.516170501708984 -16.1920166015625
vertex -76.76238250732422 -52.516170501708984 -1
endloop
endfacet
facet normal -0.20240894670864762 -0.9793010866389845 0
outer loop
vertex -75.09663391113281 -53.2455940246582 -1
vertex -73.96907806396484 -53.47864532470703 -16.100149154663086
vertex -73.96907806396484 -53.47864532470703 -1
endloop
endfacet
facet normal -0.02389767158246041 -0.9997144098655332 -3.8140520496717133e-7
outer loop
vertex -73.96907806396484 -53.47864532470703 -1
vertex -72.71070098876953 -53.50872039794922 -16.20160675048828
vertex -73.70704650878906 -53.48490905761719 -1
endloop
endfacet
facet normal -0.023890573034546815 -0.9997145795276139 8.41144213494073e-8
outer loop
vertex -73.70704650878906 -53.48490905761719 -1
vertex -72.71070098876953 -53.50872039794922 -16.20160675048828
vertex -72.70234680175781 -53.50891876220703 -1
endloop
endfacet
facet normal 0.00004165840314084447 -0.9999999991260919 -0.0000035204257566430865
outer loop
vertex 6.396661758422852 -52.636409759521484 -3.8893399238586426
vertex 6.721821308135986 -52.63639450073242 -4.375974655151367
vertex 29.80826759338379 -52.63544464111328 -1
endloop
endfacet
facet normal 0.00004090755457666752 -0.9999999991600002 0.000002563514216576415
outer loop
vertex 5.910027027130127 -52.63642883300781 -3.564180612564087
vertex 6.396661758422852 -52.636409759521484 -3.8893399238586426
vertex 29.80826759338379 -52.63544464111328 -1
endloop
endfacet
facet normal 0.00004072376760678921 -0.9999999991616435 0.0000042764143138593615
outer loop
vertex 29.80826759338379 -52.63544464111328 -1
vertex 5.336001873016357 -52.636451721191406 -3.450000047683716
vertex 5.910027027130127 -52.63642883300781 -3.564180612564087
endloop
endfacet
facet normal -0.1035835977877469 -0.9946207509746315 7.899182485334385e-8
outer loop
vertex 71.98517608642578 -53.514408111572266 -1
vertex 72.92829132080078 -53.61262893676758 -16.214385986328125
vertex 72.9449691772461 -53.61436462402344 -1
endloop
endfacet
facet normal 0.06179873955804826 -0.9980886312292293 0
outer loop
vertex 72.9449691772461 -53.61436462402344 -1
vertex 74.20963287353516 -53.53606033325195 -16.087413787841797
vertex 74.20963287353516 -53.53606033325195 -1
endloop
endfacet
facet normal 0.17437566632917315 0.9846792000402703 -5.571304007506487e-7
outer loop
vertex 135.81495666503906 11.387176513671875 -1
vertex 119.79327392578125 14.224435806274414 -3.5
vertex 121.95774841308594 13.841132164001465 -2.5
endloop
endfacet
facet normal 0.16902739996229765 -0.9856113524417144 0
outer loop
vertex 74.20963287353516 -53.53606033325195 -1
vertex 74.3228759765625 -53.516639709472656 -16.085708618164062
vertex 74.3228759765625 -53.516639709472656 -1
endloop
endfacet
facet normal 0.2651937084614887 -0.9641951550347279 0
outer loop
vertex 74.3228759765625 -53.516639709472656 -1
vertex 75.54460144042969 -53.18061447143555 -16.166866302490234
vertex 75.54460144042969 -53.18061447143555 -1
endloop
endfacet
facet normal 0.44079102556498573 -0.8976097547270655 4.306823704403159e-7
outer loop
vertex 75.54460144042969 -53.18061447143555 -1
vertex 76.7474136352539 -52.5899543762207 -16.226362228393555
vertex 75.89667510986328 -53.007720947265625 -1
endloop
endfacet
facet normal 0.44078481495167693 -0.8976128045588566 0
outer loop
vertex 75.89667510986328 -53.007720947265625 -1
vertex 76.7474136352539 -52.5899543762207 -16.226362228393555
vertex 76.7474136352539 -52.5899543762207 -1
endloop
endfacet
facet normal 0.40147391728174653 -0.9158704568564537 0
outer loop
vertex 76.7474136352539 -52.5899543762207 -1
vertex 77.03106689453125 -52.465614318847656 -16.227031707763672
vertex 77.03106689453125 -52.465614318847656 -1
endloop
endfacet
facet normal 0.28022461896994755 -0.9599344576184083 0
outer loop
vertex 77.03106689453125 -52.465614318847656 -1
vertex 77.47677612304688 -52.33550262451172 -16.17949676513672
vertex 77.47677612304688 -52.33550262451172 -1
endloop
endfacet
facet normal 0.1287163816819643 -0.9916814473841878 -8.397737159119888e-7
outer loop
vertex 77.47677612304688 -52.33550262451172 -1
vertex 77.93721771240234 -52.275726318359375 -16.097455978393555
vertex 77.58116912841797 -52.32195281982422 -1
endloop
endfacet
facet normal -0.0004882728810494873 -0.9999998807947897 0
outer loop
vertex -130.3826446533203 -52.24614334106445 -1
vertex -126.79664611816406 -52.247894287109375 -5
vertex -126.79664611816406 -52.247894287109375 -4
endloop
endfacet
facet normal -0.0004877363681322732 -0.9999998810564048 6.413116644320874e-7
outer loop
vertex -130.3826446533203 -52.24614334106445 -1
vertex -126.79664611816406 -52.247894287109375 -4
vertex -121.19664764404297 -52.25062561035156 -4
endloop
endfacet
facet normal 0.1287514002334505 -0.9916769014845136 0
outer loop
vertex 77.58116912841797 -52.32195281982422 -1
vertex 77.93721771240234 -52.275726318359375 -16.097455978393555
vertex 77.93721771240234 -52.275726318359375 -1
endloop
endfacet
facet normal 0.0003558537378719033 -0.9999999366840566 0
outer loop
vertex 77.93721771240234 -52.275726318359375 -1
vertex 89.17161560058594 -52.271728515625 -16.06195640563965
vertex 89.17161560058594 -52.271728515625 -1
endloop
endfacet
facet normal 0.07558085202941595 -0.9971396766783597 5.327068411431148e-7
outer loop
vertex 90.54003143310547 -52.38361740112305 -1
vertex 91.96354675292969 -52.275726318359375 -16.057748794555664
vertex 90.77651977539062 -52.365692138671875 -1
endloop
endfacet
facet normal 0.07557413310030119 -0.9971401859348253 0
outer loop
vertex 90.77651977539062 -52.365692138671875 -1
vertex 91.96354675292969 -52.275726318359375 -16.057748794555664
vertex 91.96354675292969 -52.275726318359375 -1
endloop
endfacet
facet normal -0.08149330634407141 -0.9966738890033748 0
outer loop
vertex 89.17161560058594 -52.271728515625 -1
vertex 90.54003143310547 -52.38361740112305 -15.972137451171875
vertex 90.54003143310547 -52.38361740112305 -1
endloop
endfacet
facet normal 0.00010564746230791122 -0.999999994419287 -1.9926455835369511e-7
outer loop
vertex 91.96354675292969 -52.275726318359375 -1
vertex 129.77613830566406 -52.271728515625 -16.04718780517578
vertex 114.77613067626953 -52.2733154296875 -5
endloop
endfacet
facet normal 0.00010585784852797797 -0.9999999943970542 8.64004449988914e-8
outer loop
vertex 129.77613830566406 -52.271728515625 -16.04718780517578
vertex 126.77613067626953 -52.27204513549805 -5
vertex 114.77613067626953 -52.2733154296875 -5
endloop
endfacet
facet normal 0.0001055396886931987 -0.999999994430687 0
outer loop
vertex 126.77613067626953 -52.27204513549805 -5
vertex 129.77613830566406 -52.271728515625 -16.04718780517578
vertex 126.77613067626953 -52.27204513549805 -4
endloop
endfacet
facet normal 0.0001055396886931987 -0.999999994430687 0
outer loop
vertex 126.77613067626953 -52.27204513549805 -4
vertex 129.77613830566406 -52.271728515625 -16.04718780517578
vertex 129.77613830566406 -52.271728515625 -1
endloop
endfacet
facet normal 0.03491577754702616 -0.9993902583467014 0
outer loop
vertex 129.77613830566406 -52.271728515625 -1
vertex 130.25994873046875 -52.254825592041016 -16.060504913330078
vertex 130.25994873046875 -52.254825592041016 -1
endloop
endfacet
facet normal 0.1484943730821832 -0.988913252597481 0
outer loop
vertex 130.25994873046875 -52.254825592041016 -1
vertex 131.3050079345703 -52.097900390625 -15.96483325958252
vertex 131.3050079345703 -52.097900390625 -1
endloop
endfacet
facet normal 0.30942706766725564 -0.9509231776515091 0
outer loop
vertex 131.3050079345703 -52.097900390625 -1
vertex 132.39988708496094 -51.74163055419922 -16.00803565979004
vertex 132.39988708496094 -51.74163055419922 -1
endloop
endfacet
facet normal 0.4746040462739956 -0.8801994088048181 0
outer loop
vertex 132.39988708496094 -51.74163055419922 -1
vertex 133.5151824951172 -51.140262603759766 -15.957795143127441
vertex 133.5151824951172 -51.140262603759766 -1
endloop
endfacet
facet normal 0.62573853545669 -0.7800328744639614 -8.013281220520203e-8
outer loop
vertex 133.5151824951172 -51.140262603759766 -1
vertex 134.41329956054688 -50.419795989990234 -15.806710243225098
vertex 134.34725952148438 -50.472774505615234 -1
endloop
endfacet
facet normal 0.6257494669660162 -0.7800241051350572 0
outer loop
vertex 134.34725952148438 -50.472774505615234 -1
vertex 134.41329956054688 -50.419795989990234 -15.806710243225098
vertex 134.41329956054688 -50.419795989990234 -1
endloop
endfacet
facet normal 0.18431833068766268 0.9804774825291274 -0.06848838752561133
outer loop
vertex 135.81495666503906 11.387176513671875 -1
vertex 121.75691986083984 13.855293273925781 -3.5
vertex 119.79327392578125 14.224435806274414 -3.5
endloop
endfacet
facet normal 0.650098616565828 0.7598498461796229 0
outer loop
vertex 138.86756896972656 9.609801292419434 -1
vertex 137.99269104003906 10.35831356048584 -9.322491645812988
vertex 137.99269104003906 10.35831356048584 -1
endloop
endfacet
facet normal 0.5036276619648878 0.8639208170334712 0
outer loop
vertex 137.99269104003906 10.35831356048584 -1
vertex 136.8980255126953 10.996455192565918 -9.37147045135498
vertex 136.8980255126953 10.996455192565918 -1
endloop
endfacet
facet normal 0.33934720223301074 0.9406611910441655 0
outer loop
vertex 136.8980255126953 10.996455192565918 -1
vertex 135.81495666503906 11.387176513671875 -9.156232833862305
vertex 135.81495666503906 11.387176513671875 -1
endloop
endfacet
facet normal 0.7766175466427433 0.6299723694310778 0
outer loop
vertex 139.66580200195312 8.625755310058594 -1
vertex 138.86756896972656 9.609801292419434 -9.458666801452637
vertex 138.86756896972656 9.609801292419434 -1
endloop
endfacet
facet normal 0.7552234619826202 -0.6554674076334577 -0.0000011227667325684073
outer loop
vertex 134.41329956054688 -50.419795989990234 -1
vertex 135.2438201904297 -49.462852478027344 -15.800661087036133
vertex 134.7883758544922 -49.98763656616211 -1
endloop
endfacet
facet normal 0.7552391374179506 -0.6554493461070733 0
outer loop
vertex 134.7883758544922 -49.98763656616211 -1
vertex 135.2438201904297 -49.462852478027344 -15.800661087036133
vertex 135.2438201904297 -49.462852478027344 -1
endloop
endfacet
facet normal -0.00048773570364518806 -0.9999998810569347 0
outer loop
vertex -114.79664611816406 -52.25374984741211 -4
vertex -120.39665222167969 -52.25101852416992 -1.6683158874511719
vertex -120.39665222167969 -52.25101852416992 -4
endloop
endfacet
facet normal 0.876817850951249 0.480822686916116 0
outer loop
vertex 140.0525360107422 7.920515537261963 -1
vertex 139.66580200195312 8.625755310058594 -9.452455520629883
vertex 139.66580200195312 8.625755310058594 -1
endloop
endfacet
facet normal 0.8768264596776338 0.48080698789252657 -0.0000017037490537003722
outer loop
vertex 140.2194061279297 7.616201877593994 -1
vertex 139.66580200195312 8.625755310058594 -9.452455520629883
vertex 140.0525360107422 7.920515537261963 -1
endloop
endfacet
facet normal 0.9492260206822403 0.3145949167735536 0
outer loop
vertex 140.61802673339844 6.413445472717285 -1
vertex 140.2194061279297 7.616201877593994 -9.62073040008545
vertex 140.2194061279297 7.616201877593994 -1
endloop
endfacet
facet normal 0.17292144992264027 0.9849356182800233 0
outer loop
vertex 135.81495666503906 11.387176513671875 -9.156232833862305
vertex 121.75691986083984 13.855293273925781 -3.5
vertex 135.81495666503906 11.387176513671875 -1
endloop
endfacet
facet normal 0.8611711341674834 -0.5083151361868838 0
outer loop
vertex 135.2438201904297 -49.462852478027344 -1
vertex 135.82908630371094 -48.4713134765625 -15.643440246582031
vertex 135.82908630371094 -48.4713134765625 -1
endloop
endfacet
facet normal 0.93823059975996 -0.34601060919194854 -8.258604608273015e-7
outer loop
vertex 135.82908630371094 -48.4713134765625 -1
vertex 136.2675018310547 -47.28248596191406 -15.614337921142578
vertex 135.98898315429688 -48.037742614746094 -1
endloop
endfacet
facet normal 0.9382357875676395 -0.3459965417852196 0
outer loop
vertex 135.98898315429688 -48.037742614746094 -1
vertex 136.2675018310547 -47.28248596191406 -15.614337921142578
vertex 136.2675018310547 -47.28248596191406 -1
endloop
endfacet
facet normal 0.9852875260626418 -0.1709049179671517 0
outer loop
vertex 136.2675018310547 -47.28248596191406 -1
vertex 136.4642791748047 -46.148040771484375 -15.39005184173584
vertex 136.4642791748047 -46.148040771484375 -1
endloop
endfacet
facet normal 0.9999989398179003 -0.001456146653180905 0
outer loop
vertex 136.4642791748047 -46.148040771484375 -1
vertex 136.48985290527344 -28.585453033447266 -13.583427429199219
vertex 136.48985290527344 -28.585453033447266 -1
endloop
endfacet
facet normal 0.988911781699678 0.1485041683440853 0
outer loop
vertex 136.31602478027344 -27.056570053100586 -13.428839683532715
vertex 136.31602478027344 -27.056570053100586 -1
vertex 136.47296142578125 -28.101634979248047 -1
endloop
endfacet
facet normal -0.0004865193905937286 -0.9999998816480411 0.0000016692625175835823
outer loop
vertex -121.19664764404297 -52.25062561035156 -4
vertex -123.88562774658203 -52.24931335449219 -1.5949000120162964
vertex -124.53630065917969 -52.24899673461914 -1.5620431900024414
endloop
endfacet
facet normal -0.000486542276503054 -0.9999998816369583 0.000001637912079453662
outer loop
vertex -125.29664611816406 -52.248626708984375 -1.5099155902862549
vertex -121.19664764404297 -52.25062561035156 -4
vertex -124.53630065917969 -52.24899673461914 -1.5620431900024414
endloop
endfacet
facet normal -0.0004884213053154464 -0.9999998807212471 -0.0000014559658083807002
outer loop
vertex -130.3826446533203 -52.24614334106445 -1
vertex -121.19664764404297 -52.25062561035156 -4
vertex -125.29664611816406 -52.248626708984375 -1.5099155902862549
endloop
endfacet
facet normal 0.9993911021488079 0.03489161712776884 0
outer loop
vertex 136.48985290527344 -28.585453033447266 -1
vertex 136.47296142578125 -28.101634979248047 -13.551353454589844
vertex 136.47296142578125 -28.101634979248047 -1
endloop
endfacet
facet normal -0.1738911442168308 0.9847648805491398 0
outer loop
vertex -78.98968505859375 36.20468521118164 -6.572545051574707
vertex -78.98968505859375 36.20468521118164 -1
vertex -67.52436065673828 38.229248046875 -1
endloop
endfacet
facet normal 0.9902001728196874 0.1396553534522073 0
outer loop
vertex 140.77882385253906 5.273343563079834 -1
vertex 140.61802673339844 6.413445472717285 -9.696043014526367
vertex 140.61802673339844 6.413445472717285 -1
endloop
endfacet
facet normal 0.9996759309509269 -0.025456493815875114 0
outer loop
vertex 140.77882385253906 5.273343563079834 -1
vertex 140.75877380371094 4.485978603363037 -1
vertex 140.77882385253906 5.273343563079834 -9.731573104858398
endloop
endfacet
facet normal 0.9996774395388728 -0.02539718189801216 0.00000535188476574401
outer loop
vertex 140.75877380371094 4.485978603363037 -1
vertex 140.75193786621094 4.216904163360596 -1
vertex 140.77882385253906 5.273343563079834 -9.731573104858398
endloop
endfacet
facet normal 0.9902748165755724 -0.13912507917775466 0
outer loop
vertex 140.68458557128906 3.7374989986419678 -1
vertex 140.75193786621094 4.216904163360596 -9.890679359436035
vertex 140.75193786621094 4.216904163360596 -1
endloop
endfacet
facet normal 0.9848322606685392 -0.17350913044129507 0
outer loop
vertex 140.68458557128906 3.7374989986419678 -9.92808723449707
vertex 140.68458557128906 3.7374989986419678 -1
vertex 139.15618896484375 -4.937631130218506 -1
endloop
endfacet
facet normal -0.3179250350440843 0.9481158537289048 3.5743226265077514e-7
outer loop
vertex -79.462646484375 36.10414505004883 -1
vertex -80.46450805664062 35.7681999206543 -6.517996311187744
vertex -79.92598724365234 35.94877624511719 -1
endloop
endfacet
facet normal -0.3179217427680815 0.948116957698419 0
outer loop
vertex -80.46450805664062 35.7681999206543 -6.517996311187744
vertex -80.46450805664062 35.7681999206543 -1
vertex -79.92598724365234 35.94877624511719 -1
endloop
endfacet
facet normal -0.2079297103837837 0.9781437703833297 0
outer loop
vertex -78.98968505859375 36.20468521118164 -1
vertex -79.462646484375 36.10414505004883 -6.583034992218018
vertex -79.462646484375 36.10414505004883 -1
endloop
endfacet
facet normal -0.4698156018686087 0.8827645780392624 0
outer loop
vertex -80.46450805664062 35.7681999206543 -1
vertex -81.48091125488281 35.22726058959961 -6.6444220542907715
vertex -81.48091125488281 35.22726058959961 -1
endloop
endfacet
facet normal -0.6202018947841336 0.7844422284057446 0
outer loop
vertex -81.48091125488281 35.22726058959961 -1
vertex -82.47486877441406 34.441410064697266 -6.679720878601074
vertex -82.47486877441406 34.441410064697266 -1
endloop
endfacet
facet normal -0.751653410350579 0.6595582997039338 0
outer loop
vertex -82.47486877441406 34.441410064697266 -1
vertex -83.2342758178711 33.575965881347656 -6.659841060638428
vertex -83.2342758178711 33.575965881347656 -1
endloop
endfacet
facet normal -0.8575518924583435 0.5143974647498893 0
outer loop
vertex -83.2342758178711 33.575965881347656 -1
vertex -83.88606262207031 32.48937225341797 -6.839630126953125
vertex -83.88606262207031 32.48937225341797 -1
endloop
endfacet
facet normal -0.9363405461303986 0.3510931239318519 0
outer loop
vertex -83.88606262207031 32.48937225341797 -1
vertex -84.2903060913086 31.411283493041992 -6.899271011352539
vertex -84.2903060913086 31.411283493041992 -1
endloop
endfacet
facet normal -0.9840431138034517 0.1779301829824102 -0.000012643301676791577
outer loop
vertex -84.2903060913086 31.411283493041992 -1
vertex -84.51568603515625 30.164398193359375 -6.927865982055664
vertex -84.30750274658203 31.316177368164062 -1
endloop
endfacet
facet normal -0.9840545053981878 0.17786717067949306 0
outer loop
vertex -84.51568603515625 30.164398193359375 -6.927865982055664
vertex -84.51568603515625 30.164398193359375 -1
vertex -84.30750274658203 31.316177368164062 -1
endloop
endfacet
facet normal -0.999996219004914 -0.002749904703097228 0
outer loop
vertex -84.51568603515625 30.164398193359375 -1
vertex -84.51251983642578 29.013017654418945 -7.110057353973389
vertex -84.51251983642578 29.013017654418945 -1
endloop
endfacet
facet normal -0.20792885971413455 0.978143951214738 0
outer loop
vertex -78.98968505859375 36.20468521118164 -1
vertex -78.98968505859375 36.20468521118164 -6.572545051574707
vertex -79.3907241821289 36.11943435668945 -6.597822189331055
endloop
endfacet
facet normal -0.2079343725124373 0.9781427793158259 4.1279503082397905e-7
outer loop
vertex -79.3907241821289 36.11943435668945 -6.597822189331055
vertex -79.462646484375 36.10414505004883 -6.583034992218018
vertex -78.98968505859375 36.20468521118164 -1
endloop
endfacet
facet normal -0.31792326538073246 0.9481164471359267 0
outer loop
vertex -79.462646484375 36.10414505004883 -6.583034992218018
vertex -80.46450805664062 35.7681999206543 -6.517996311187744
vertex -79.462646484375 36.10414505004883 -1
endloop
endfacet
facet normal -0.46981560186860866 0.8827645780392624 0
outer loop
vertex -80.46450805664062 35.7681999206543 -6.517996311187744
vertex -81.48091125488281 35.22726058959961 -6.6444220542907715
vertex -80.46450805664062 35.7681999206543 -1
endloop
endfacet
facet normal -0.6202018947841336 0.7844422284057447 0
outer loop
vertex -81.48091125488281 35.22726058959961 -6.6444220542907715
vertex -82.47486877441406 34.441410064697266 -6.679720878601074
vertex -81.48091125488281 35.22726058959961 -1
endloop
endfacet
facet normal -0.751653410350579 0.6595582997039338 0
outer loop
vertex -82.47486877441406 34.441410064697266 -6.679720878601074
vertex -83.2342758178711 33.575965881347656 -6.659841060638428
vertex -82.47486877441406 34.441410064697266 -1
endloop
endfacet
facet normal -0.46982679368255514 0.8827586140043099 0.0001154952797476528
outer loop
vertex -81.36734771728516 35.28770446777344 -6.663136005401611
vertex -81.48091125488281 35.22726058959961 -6.6444220542907715
vertex -80.46450805664062 35.7681999206543 -6.517996311187744
endloop
endfacet
facet normal -0.6202035690369431 0.7844409009424257 0.000076697282940988
outer loop
vertex -82.33380889892578 34.552940368652344 -6.720059871673584
vertex -82.47486877441406 34.441410064697266 -6.679720878601074
vertex -81.48091125488281 35.22726058959961 -6.6444220542907715
endloop
endfacet
facet normal -0.8575518924583435 0.5143974647498895 0
outer loop
vertex -83.2342758178711 33.575965881347656 -6.659841060638428
vertex -83.88606262207031 32.48937225341797 -6.839630126953125
vertex -83.2342758178711 33.575965881347656 -1
endloop
endfacet
facet normal -0.9363405461303987 0.3510931239318519 0
outer loop
vertex -83.88606262207031 32.48937225341797 -6.839630126953125
vertex -84.2903060913086 31.411283493041992 -6.899271011352539
vertex -83.88606262207031 32.48937225341797 -1
endloop
endfacet
facet normal -0.9840536366436226 0.17787197701847562 0
outer loop
vertex -84.2903060913086 31.411283493041992 -6.899271011352539
vertex -84.51568603515625 30.164398193359375 -6.927865982055664
vertex -84.2903060913086 31.411283493041992 -1
endloop
endfacet
facet normal 0.10358829592873249 0.9946202616811007 0
outer loop
vertex 101.78193664550781 17.41404151916504 -8.616519927978516
vertex 100.82361602783203 17.51384925842285 -8.687440872192383
vertex 101.78193664550781 17.41404151916504 -1
endloop
endfacet
facet normal -0.9999962316337603 -0.0027453082757169633 -8.661583211302453e-7
outer loop
vertex -84.51313018798828 29.2353458404541 -7.121771812438965
vertex -84.51251983642578 29.013017654418945 -7.110057353973389
vertex -84.51568603515625 30.164398193359375 -1
endloop
endfacet
facet normal -0.8575569853337438 0.5143889695867305 0.00006980546367609318
outer loop
vertex -83.77819061279297 32.669212341308594 -6.859147548675537
vertex -83.88606262207031 32.48937225341797 -6.839630126953125
vertex -83.2342758178711 33.575965881347656 -6.659841060638428
endloop
endfacet
facet normal -0.9363417670528686 0.351089861359813 0.00006725071601966407
outer loop
vertex -84.20992279052734 31.625669479370117 -6.936509609222412
vertex -84.2903060913086 31.411283493041992 -6.899271011352539
vertex -83.88606262207031 32.48937225341797 -6.839630126953125
endloop
endfacet
facet normal 0.00010568240171798595 -0.999999994415615 0
outer loop
vertex 91.96354675292969 -52.275726318359375 -1
vertex 114.77613067626953 -52.2733154296875 -5
vertex 114.77613067626953 -52.2733154296875 -4
endloop
endfacet
facet normal 0.00010626659503955622 -0.9999999943438383 0.000004442319782940693
outer loop
vertex 114.77613067626953 -52.2733154296875 -4
vertex 120.37612915039062 -52.27272033691406 -4
vertex 91.96354675292969 -52.275726318359375 -1
endloop
endfacet
facet normal 0.00010558539892616828 -0.9999999944258617 0
outer loop
vertex 121.17613220214844 -52.27263641357422 -4
vertex 126.77613067626953 -52.27204513549805 -4
vertex 121.17613220214844 -52.27263641357422 -1.6660130023956299
endloop
endfacet
facet normal 0.00010574085769649334 -0.9999999944092914 -5.368654757083514e-7
outer loop
vertex 120.37612915039062 -52.27272033691406 -4
vertex 116.27613067626953 -52.273155212402344 -1.5075122117996216
vertex 91.96354675292969 -52.275726318359375 -1
endloop
endfacet
facet normal 0.00010747968593309002 -0.9999999942213594 0.0000023234065915339356
outer loop
vertex 116.27613067626953 -52.273155212402344 -1.5075122117996216
vertex 120.37612915039062 -52.27272033691406 -4
vertex 117.02257537841797 -52.273075103759766 -1.558730125427246
endloop
endfacet
facet normal 0.00010098339365851287 -0.9999999948793938 -0.000006600500560888743
outer loop
vertex 120.37612915039062 -52.27272033691406 -4
vertex 117.73794555664062 -52.27300262451172 -1.5949000120162964
vertex 117.02257537841797 -52.273075103759766 -1.558730125427246
endloop
endfacet
facet normal 0.00010791015066791794 -0.9999999941772022 9.975440067490193e-7
outer loop
vertex 117.73794555664062 -52.27300262451172 -1.5949000120162964
vertex 120.37612915039062 -52.27272033691406 -4
vertex 118.4098892211914 -52.27293014526367 -1.6252690553665161
endloop
endfacet
facet normal 0.00010630868442393852 -0.9999999943491777 -3.2844490891103477e-7
outer loop
vertex 120.37612915039062 -52.27272033691406 -4
vertex 119.62981414794922 -52.27280044555664 -1.6590410470962524
vertex 118.4098892211914 -52.27293014526367 -1.6252690553665161
endloop
endfacet
facet normal -0.00048827533211474167 -0.9999998807935928 0
outer loop
vertex -130.3826446533203 -52.24614334106445 -1
vertex -125.29664611816406 -52.248626708984375 -1.5099155902862549
vertex -125.29664611816406 -52.248626708984375 -1
endloop
endfacet
facet normal 0.00010733891433855079 -0.9999999942391787 0
outer loop
vertex 119.62981414794922 -52.27280044555664 -1.6590410470962524
vertex 120.37612915039062 -52.27272033691406 -4
vertex 120.37612915039062 -52.27272033691406 -1.6660040616989136
endloop
endfacet
facet normal 0.00010575206447661997 -0.9999999944082504 0
outer loop
vertex 116.27613067626953 -52.273155212402344 -1.5075122117996216
vertex 116.27613067626953 -52.273155212402344 -1
vertex 91.96354675292969 -52.275726318359375 -1
endloop
endfacet
facet normal 0.00010230701831122292 -0.9999999947357008 -0.000007865907840672183
outer loop
vertex 121.17613220214844 -52.27263641357422 -1.6660130023956299
vertex 126.77613067626953 -52.27204513549805 -4
vertex 121.92240142822266 -52.272560119628906 -1.6590672731399536
endloop
endfacet
facet normal 0.00010631669419706671 -0.9999999943482799 4.4782159653747487e-7
outer loop
vertex 121.92240142822266 -52.272560119628906 -1.6590672731399536
vertex 126.77613067626953 -52.27204513549805 -4
vertex 123.14219665527344 -52.272430419921875 -1.6253257989883423
endloop
endfacet
facet normal 0.00010751401418128242 -0.9999999942177691 0.000002280065309418254
outer loop
vertex 123.14219665527344 -52.272430419921875 -1.6253257989883423
vertex 126.77613067626953 -52.27204513549805 -4
vertex 123.81568908691406 -52.27235794067383 -1.5949000120162964
endloop
endfacet
facet normal 0.0001068493963845176 -0.9999999942905344 0.0000014619861446600103
outer loop
vertex 123.81568908691406 -52.27235794067383 -1.5949000120162964
vertex 126.77613067626953 -52.27204513549805 -4
vertex 124.52922821044922 -52.272281646728516 -1.5588393211364746
endloop
endfacet
facet normal 0.00010233205656841308 -0.9999999947604412 -0.00000269588112346961
outer loop
vertex 124.52922821044922 -52.272281646728516 -1.5588393211364746
vertex 126.77613067626953 -52.27204513549805 -4
vertex 125.27613067626953 -52.2722053527832 -1.5076054334640503
endloop
endfacet
facet normal 0.00010681152282820962 -0.9999999942956493 0
outer loop
vertex 125.27613067626953 -52.2722053527832 -1.5076054334640503
vertex 126.77613067626953 -52.27204513549805 -4
vertex 125.27613067626953 -52.2722053527832 -1
endloop
endfacet
facet normal 0.00010596363268615314 -0.9999999943857644 -4.2394507584090197e-7
outer loop
vertex 125.27613067626953 -52.2722053527832 -1
vertex 126.77613067626953 -52.27204513549805 -4
vertex 129.77613830566406 -52.271728515625 -1
endloop
endfacet
facet normal 0.9848322686004495 -0.17350908542001023 -6.24054634582155e-8
outer loop
vertex 140.68458557128906 3.7374989986419678 -9.92808723449707
vertex 135.72938537597656 -24.38806915283203 -1
vertex 135.83116149902344 -23.810386657714844 -13.038069725036621
endloop
endfacet
facet normal 0.9478051423861202 0.3188501404521052 3.1492679534229713e-7
outer loop
vertex 136.31602478027344 -27.056570053100586 -1
vertex 135.88038635253906 -25.7615909576416 -13.461441993713379
vertex 136.04432678222656 -26.24892807006836 -1
endloop
endfacet
facet normal 0.9478075759922941 0.3188429062902474 0
outer loop
vertex 136.04432678222656 -26.24892807006836 -1
vertex 135.88038635253906 -25.7615909576416 -13.461441993713379
vertex 135.88038635253906 -25.7615909576416 -1
endloop
endfacet
facet normal 0.965248589413329 0.2613334280867618 0
outer loop
vertex 135.88038635253906 -25.7615909576416 -1
vertex 135.75904846191406 -25.31342315673828 -13.443038940429688
vertex 135.75904846191406 -25.31342315673828 -1
endloop
endfacet
facet normal 0.9940121645072174 0.10926946879925535 -7.141859075251242e-8
outer loop
vertex 135.75904846191406 -25.31342315673828 -1
vertex 135.70831298828125 -24.851896286010742 -13.349194526672363
vertex 135.74127197265625 -25.15171241760254 -1
endloop
endfacet
facet normal 0.9940118449923466 0.1092723753512803 0
outer loop
vertex 135.70831298828125 -24.851896286010742 -13.349194526672363
vertex 135.70831298828125 -24.851896286010742 -1
vertex 135.74127197265625 -25.15171241760254 -1
endloop
endfacet
facet normal 0.99896958175988 -0.04538474103143427 0
outer loop
vertex 135.72938537597656 -24.38806915283203 -13.197092056274414
vertex 135.72938537597656 -24.38806915283203 -1
vertex 135.70831298828125 -24.851896286010742 -1
endloop
endfacet
facet normal -0.9851854417001333 -0.17149240642683192 -2.1814026846886748e-7
outer loop
vertex -84.51251983642578 29.013017654418945 -1
vertex -82.5526123046875 17.75379753112793 -8.398516654968262
vertex -82.50517272949219 17.481258392333984 -1
endloop
endfacet
facet normal -0.9937228155153058 -0.11187030850200254 0
outer loop
vertex -82.50517272949219 17.481258392333984 -1
vertex -82.46329498291016 17.10926628112793 -8.559640884399414
vertex -82.46329498291016 17.10926628112793 -1
endloop
endfacet
facet normal -0.9996134318299594 0.027802642053067223 0
outer loop
vertex -82.46329498291016 17.10926628112793 -1
vertex -82.47620391845703 16.645139694213867 -8.704882621765137
vertex -82.47620391845703 16.645139694213867 -1
endloop
endfacet
facet normal -0.9833564000291268 0.18168706756881678 0
outer loop
vertex -82.47620391845703 16.645139694213867 -1
vertex -82.56056213378906 16.188562393188477 -8.793388366699219
vertex -82.56056213378906 16.188562393188477 -1
endloop
endfacet
facet normal -0.9435292094253985 0.3312893462801391 -0.0000015363844545187452
outer loop
vertex -82.56056213378906 16.188562393188477 -1
vertex -82.71437072753906 15.750471115112305 -8.85757827758789
vertex -82.63056182861328 15.9891996383667 -1
endloop
endfacet
facet normal -0.943545015532648 0.33124432623592975 0
outer loop
vertex -82.71437072753906 15.750471115112305 -8.85757827758789
vertex -82.71437072753906 15.750471115112305 -1
vertex -82.63056182861328 15.9891996383667 -1
endloop
endfacet
facet normal -0.8811213600892388 0.47289020797061343 0
outer loop
vertex -82.71437072753906 15.750471115112305 -1
vertex -82.9339370727539 15.341360092163086 -8.938718795776367
vertex -82.9339370727539 15.341360092163086 -1
endloop
endfacet
facet normal -0.7975964378438398 0.6031913486592945 0.0003453134796891939
outer loop
vertex -82.9339370727539 15.341360092163086 -1
vertex -83.22697448730469 14.958484649658203 -9.046148300170898
vertex -83.06991577148438 15.161556243896484 -1
endloop
endfacet
facet normal -0.797612108266891 0.603170626714795 0.0003461423501719633
outer loop
vertex -83.22697448730469 14.958484649658203 -9.046148300170898
vertex -83.21399688720703 14.971028327941895 -1
vertex -83.06991577148438 15.161556243896484 -1
endloop
endfacet
facet normal -0.6949685817916624 0.7190401034173264 -2.931380851769091e-7
outer loop
vertex -83.21399688720703 14.971028327941895 -1
vertex -83.5478515625 14.648346900939941 -9.106860160827637
vertex -83.40742492675781 14.784075736999512 -1
endloop
endfacet
facet normal -0.6949773311056692 0.7190316469038348 0
outer loop
vertex -83.5478515625 14.648346900939941 -9.106860160827637
vertex -83.5478515625 14.648346900939941 -1
vertex -83.40742492675781 14.784075736999512 -1
endloop
endfacet
facet normal -0.5756994445850633 0.8176613904939194 0
outer loop
vertex -83.5478515625 14.648346900939941 -1
vertex -83.92749786376953 14.3810453414917 -9.111133575439453
vertex -83.92749786376953 14.3810453414917 -1
endloop
endfacet
facet normal -0.4426380721021923 0.89670036083725 0
outer loop
vertex -83.92749786376953 14.3810453414917 -1
vertex -84.34384155273438 14.175525665283203 -9.117714881896973
vertex -84.34384155273438 14.175525665283203 -1
endloop
endfacet
facet normal -0.2989756731044799 0.9542607133082585 0.00019475147466292513
outer loop
vertex -84.34384155273438 14.175525665283203 -1
vertex -84.79908752441406 14.03455638885498 -9.143858909606934
vertex -84.6656494140625 14.074701309204102 -1
endloop
endfacet
facet normal -0.2989654676834381 0.9542639107060077 0.00019456849612736017
outer loop
vertex -84.6656494140625 14.074701309204102 -1
vertex -84.79908752441406 14.03455638885498 -9.143858909606934
vertex -84.78691101074219 14.036710739135742 -1
endloop
endfacet
facet normal 0.6595579215624199 0.7516537421607511 0
outer loop
vertex -96.28365325927734 15.983983039855957 -1
vertex -96.64998626708984 16.305431365966797 -8.65353012084961
vertex -96.64998626708984 16.305431365966797 -1
endloop
endfacet
facet normal 0.6595581795668213 0.75165351576807 -2.185776681996245e-8
outer loop
vertex -95.7845458984375 15.546028137207031 -1
vertex -96.64998626708984 16.305431365966797 -8.65353012084961
vertex -96.28365325927734 15.983983039855957 -1
endloop
endfacet
facet normal 0.7844395885267831 0.620205233734714 0
outer loop
vertex -94.99868774414062 14.552069664001465 -1
vertex -95.7845458984375 15.546028137207031 -8.820513725280762
vertex -95.7845458984375 15.546028137207031 -1
endloop
endfacet
facet normal -0.0004905275373333074 -0.9999998796874068 -0.000002811977122134555
outer loop
vertex -123.88562774658203 -52.24931335449219 -1.5949000120162964
vertex -121.19664764404297 -52.25062561035156 -4
vertex -123.15442657470703 -52.249671936035156 -1.6279053688049316
endloop
endfacet
facet normal -0.00048645774824136284 -0.9999998816792729 5.469737102919773e-7
outer loop
vertex -121.19664764404297 -52.25062561035156 -4
vertex -121.9389877319336 -52.25026321411133 -1.6614785194396973
vertex -123.15442657470703 -52.249671936035156 -1.6279053688049316
endloop
endfacet
facet normal -0.00048818082569257297 -0.9999998808397337 0
outer loop
vertex -121.9389877319336 -52.25026321411133 -1.6614785194396973
vertex -121.19664764404297 -52.25062561035156 -4
vertex -121.19664764404297 -52.25062561035156 -1.668357491493225
endloop
endfacet
facet normal 0.5143996787270906 0.8575505644132397 0
outer loop
vertex -96.64998626708984 16.305431365966797 -1
vertex -97.73657989501953 16.95722198486328 -8.700860023498535
vertex -97.73657989501953 16.95722198486328 -1
endloop
endfacet
facet normal 0.3510928590694903 0.9363406454439503 1.313804014923587e-7
outer loop
vertex -97.73657989501953 16.95722198486328 -1
vertex -98.81466674804688 17.361465454101562 -8.576080322265625
vertex -98.7861328125 17.350765228271484 -1
endloop
endfacet
facet normal -0.002748243593876355 0.9999962235714436 0
outer loop
vertex -100.06155395507812 17.58683967590332 -1
vertex -101.21293640136719 17.583675384521484 -8.463417053222656
vertex -101.21293640136719 17.583675384521484 -1
endloop
endfacet
facet normal 0.17786751363857617 0.9840544434085093 0
outer loop
vertex -99.0685806274414 17.407360076904297 -1
vertex -100.06155395507812 17.58683967590332 -8.67381763458252
vertex -100.06155395507812 17.58683967590332 -1
endloop
endfacet
facet normal 0.19646695248941862 0.9805072860758649 -0.0024896850529059406
outer loop
vertex -98.7861328125 17.350765228271484 -1
vertex -100.06155395507812 17.58683967590332 -8.67381763458252
vertex -99.0685806274414 17.407360076904297 -1
endloop
endfacet
facet normal 0.7567598703382348 0.6536929697079953 0
outer loop
vertex -94.33779907226562 13.636377334594727 -1
vertex -94.64131164550781 13.987744331359863 -9.200754165649414
vertex -94.64131164550781 13.987744331359863 -1
endloop
endfacet
facet normal 0.646819982862236 0.7626426482045247 0.0003176628499475651
outer loop
vertex -93.98369598388672 13.336051940917969 -1
vertex -94.3488998413086 13.649231910705566 -9.257965087890625
vertex -94.33779907226562 13.636377334594727 -1
endloop
endfacet
facet normal 0.8448394152183664 0.5350199645746772 0
outer loop
vertex -94.90570831298828 14.405247688293457 -1
vertex -94.99868774414062 14.552069664001465 -9.017056465148926
vertex -94.99868774414062 14.552069664001465 -1
endloop
endfacet
facet normal 0.8448393126885779 0.5350201264773984 4.1541479647707156e-9
outer loop
vertex -94.64131164550781 13.987744331359863 -1
vertex -94.99868774414062 14.552069664001465 -9.017056465148926
vertex -94.90570831298828 14.405247688293457 -1
endloop
endfacet
facet normal 0.9848322770329875 -0.17350903755716118 9.305389763971588e-8
outer loop
vertex 140.68458557128906 3.7374989986419678 -9.92808723449707
vertex 139.15618896484375 -4.937631130218506 -1
vertex 135.72938537597656 -24.38806915283203 -1
endloop
endfacet
facet normal 0.8768324915550357 0.4807959570400007 0.00017160238317041087
outer loop
vertex 140.2194061279297 7.616201877593994 -9.62073040008545
vertex 140.11724853515625 7.802514553070068 -9.639870643615723
vertex 139.66580200195312 8.625755310058594 -9.452455520629883
endloop
endfacet
facet normal 0.6500939845151216 0.7598538074140346 -0.000051532979368378524
outer loop
vertex 138.86756896972656 9.609801292419434 -9.458666801452637
vertex 138.73397827148438 9.724092483520508 -9.495780944824219
vertex 137.99269104003906 10.35831356048584 -9.322491645812988
endloop
endfacet
facet normal 0.33933515477859283 0.9406655346286131 -0.00006850732599224788
outer loop
vertex 136.8980255126953 10.996455192565918 -9.37147045135498
vertex 136.80653381347656 11.029458045959473 -9.396331787109375
vertex 135.81495666503906 11.387176513671875 -9.156232833862305
endloop
endfacet
facet normal -0.1741992168505002 0.9847104309636738 -8.961383706722751e-8
outer loop
vertex -84.78691101074219 14.036710739135742 -1
vertex -91.32819366455078 12.879530906677246 -9.21336841583252
vertex -91.70514678955078 12.812847137451172 -1
endloop
endfacet
facet normal -0.08403980357389675 0.9964623983950729 0
outer loop
vertex -91.70514678955078 12.812847137451172 -1
vertex -92.24486541748047 12.767328262329102 -9.36333179473877
vertex -92.24486541748047 12.767328262329102 -1
endloop
endfacet
facet normal 0.38348451296785074 0.9235473070253685 0
outer loop
vertex -93.15869140625 12.915908813476562 -1
vertex -93.5875015258789 13.093963623046875 -9.30877685546875
vertex -93.5875015258789 13.093963623046875 -1
endloop
endfacet
facet normal 0.521402152892184 0.8533110774854594 0
outer loop
vertex -93.5875015258789 13.093963623046875 -1
vertex -93.98369598388672 13.336051940917969 -9.276456832885742
vertex -93.98369598388672 13.336051940917969 -1
endloop
endfacet
facet normal 0.08362205646746367 0.996497542230864 0
outer loop
vertex -92.24486541748047 12.767328262329102 -1
vertex -92.7075424194336 12.806154251098633 -9.393071174621582
vertex -92.7075424194336 12.806154251098633 -1
endloop
endfacet
facet normal 0.23638741727576648 0.9716588850793463 -2.3314079934518278e-7
outer loop
vertex -92.7075424194336 12.806154251098633 -1
vertex -93.15869140625 12.915908813476562 -9.355841636657715
vertex -92.87974548339844 12.848048210144043 -1
endloop
endfacet
facet normal 0.23638082375784084 0.9716604891419455 0
outer loop
vertex -93.15869140625 12.915908813476562 -9.355841636657715
vertex -93.15869140625 12.915908813476562 -1
vertex -92.87974548339844 12.848048210144043 -1
endloop
endfacet
facet normal -0.17291787735326145 0.9849362454959419 0
outer loop
vertex -115.3745346069336 15.097432136535645 -1
vertex -119.6147232055664 14.35301399230957 -2.5
vertex -119.6147232055664 14.35301399230957 -1.100000023841858
endloop
endfacet
facet normal -0.172917385048237 0.9849363316911038 -0.000021516308810627306
outer loop
vertex -119.6147232055664 14.35301399230957 -1.100000023841858
vertex -121.97857666015625 13.938011169433594 -1.100000023841858
vertex -115.3745346069336 15.097432136535645 -1
endloop
endfacet
facet normal -0.1729177121552164 0.9849362744983944 -4.789106723158159e-7
outer loop
vertex -101.21293640136719 17.583675384521484 -1
vertex -119.81364440917969 14.318090438842773 -3.5
vertex -115.3745346069336 15.097432136535645 -1
endloop
endfacet
facet normal -0.13904832504127548 0.9856137671926857 -0.09607843266549551
outer loop
vertex -115.3745346069336 15.097432136535645 -1
vertex -121.77743530273438 13.950422286987305 -3.5
vertex -119.6147232055664 14.35301399230957 -2.5
endloop
endfacet
facet normal -0.17291771075963108 0.9849362747433059 6.540680490967935e-7
outer loop
vertex -121.97857666015625 13.938011169433594 -1.100000023841858
vertex -135.25482177734375 11.607202529907227 -1
vertex -115.3745346069336 15.097432136535645 -1
endloop
endfacet
facet normal -0.18398804756982817 0.9827178408495079 0.020348062009046677
outer loop
vertex -119.81364440917969 14.318090438842773 -3.5
vertex -121.77743530273438 13.950422286987305 -3.5
vertex -115.3745346069336 15.097432136535645 -1
endloop
endfacet
facet normal -0.172873411367501 0.9846858578837246 -0.02255094068893774
outer loop
vertex -121.77743530273438 13.950422286987305 -3.5
vertex -121.97857666015625 13.938011169433594 -2.5
vertex -119.6147232055664 14.35301399230957 -2.5
endloop
endfacet
facet normal -0.00014961099731665282 0.9999999888082483 -2.3033344082956544e-7
outer loop
vertex 13.280826568603516 33.7685432434082 -6.9355788230896
vertex -13.032630920410156 33.76460647583008 -6.870092391967773
vertex 13.348180770874023 33.7685546875 -1
endloop
endfacet
facet normal -0.00016990909617967028 0.9999999855654494 0
outer loop
vertex 13.348180770874023 33.7685546875 -6.943689346313477
vertex 13.280826568603516 33.7685432434082 -6.9355788230896
vertex 13.348180770874023 33.7685546875 -1
endloop
endfacet
facet normal -0.12874231898786362 0.9916780804785503 -6.928237777781491e-8
outer loop
vertex 13.726792335510254 33.81770706176758 -6.924380779266357
vertex 13.348180770874023 33.7685546875 -6.943689346313477
vertex 13.808623313903809 33.828330993652344 -1
endloop
endfacet
facet normal -0.12874725173680462 0.9916774400833266 0
outer loop
vertex 13.808623313903809 33.828330993652344 -6.938517093658447
vertex 13.726792335510254 33.81770706176758 -6.924380779266357
vertex 13.808623313903809 33.828330993652344 -1
endloop
endfacet
facet normal -0.28022479887282264 0.9599344051009713 3.6127158680211716e-7
outer loop
vertex 14.16813850402832 33.93328094482422 -6.930487632751465
vertex 13.808623313903809 33.828330993652344 -6.938517093658447
vertex 14.254326820373535 33.958438873291016 -1
endloop
endfacet
facet normal 0.10358829592873249 0.9946202616811007 0
outer loop
vertex 101.78193664550781 17.41404151916504 -1
vertex 100.82361602783203 17.51384925842285 -8.687440872192383
vertex 100.82361602783203 17.51384925842285 -1
endloop
endfacet
facet normal -0.06168403076499356 0.998095727046551 0
outer loop
vertex 100.82361602783203 17.51384925842285 -1
vertex 99.5589370727539 17.43568992614746 -8.684556007385254
vertex 99.5589370727539 17.43568992614746 -1
endloop
endfacet
facet normal -0.24089663976707787 0.9705507760797116 0
outer loop
vertex 99.5589370727539 17.43568992614746 -1
vertex 98.44145965576172 17.1583251953125 -8.593019485473633
vertex 98.44145965576172 17.1583251953125 -1
endloop
endfacet
facet normal -0.41068961972820756 0.9117752114679912 0
outer loop
vertex 97.2861557006836 16.637943267822266 -8.724370002746582
vertex 97.2861557006836 16.637943267822266 -1
vertex 98.44145965576172 17.1583251953125 -1
endloop
endfacet
facet normal -0.28020189212331276 0.9599410917605911 0
outer loop
vertex 14.254326820373535 33.958438873291016 -6.948212146759033
vertex 14.16813850402832 33.93328094482422 -6.930487632751465
vertex 14.254326820373535 33.958438873291016 -1
endloop
endfacet
facet normal -0.42499478502334453 0.9051957979922945 2.3308385219202305e-7
outer loop
vertex 14.44340991973877 34.04721450805664 -6.949875354766846
vertex 14.254326820373535 33.958438873291016 -6.948212146759033
vertex 14.674615859985352 34.155765533447266 -1
endloop
endfacet
facet normal -0.42498987020144274 0.9051981055140145 0
outer loop
vertex 14.674615859985352 34.155765533447266 -6.9481892585754395
vertex 14.44340991973877 34.04721450805664 -6.949875354766846
vertex 14.674615859985352 34.155765533447266 -1
endloop
endfacet
facet normal -0.5595765635394992 0.8287786613670292 0
outer loop
vertex 15.059423446655273 34.41558074951172 -6.878799915313721
vertex 14.674615859985352 34.155765533447266 -6.9481892585754395
vertex 15.059423446655273 34.41558074951172 -1
endloop
endfacet
facet normal -0.6807530671513695 0.7325129770617737 -3.172147174543687e-7
outer loop
vertex 15.10093879699707 34.45416259765625 -6.871341705322266
vertex 15.059423446655273 34.41558074951172 -6.878799915313721
vertex 15.399531364440918 34.731658935546875 -1
endloop
endfacet
facet normal -0.6807593232862831 0.7325071629402172 2.757388186890161e-7
outer loop
vertex 15.218911170959473 34.56380081176758 -6.812240123748779
vertex 15.10093879699707 34.45416259765625 -6.871341705322266
vertex 15.399531364440918 34.731658935546875 -1
endloop
endfacet
facet normal -0.6807545622352122 0.7325115876188885 0
outer loop
vertex 15.399531364440918 34.731658935546875 -6.775703430175781
vertex 15.218911170959473 34.56380081176758 -6.812240123748779
vertex 15.399531364440918 34.731658935546875 -1
endloop
endfacet
facet normal -0.1729177745978834 0.9849362635359283 0
outer loop
vertex -101.21293640136719 17.583675384521484 -1
vertex -119.81364440917969 14.318090438842773 -8.935901641845703
vertex -119.81364440917969 14.318090438842773 -3.5
endloop
endfacet
facet normal -0.785638530741141 0.6186857837503508 3.398356394877969e-7
outer loop
vertex 15.519771575927734 34.88434600830078 -6.7115159034729
vertex 15.399531364440918 34.731658935546875 -6.775703430175781
vertex 15.686793327331543 35.096435546875 -1
endloop
endfacet
facet normal -0.7856340824470052 0.6186914323777665 0
outer loop
vertex 15.686793327331543 35.096435546875 -6.68088436126709
vertex 15.519771575927734 34.88434600830078 -6.7115159034729
vertex 15.686793327331543 35.096435546875 -1
endloop
endfacet
facet normal -0.1729177155389653 0.9849362739044519 0
outer loop
vertex -121.97857666015625 13.938011169433594 -2.5
vertex -135.25482177734375 11.607202529907227 -1
vertex -121.97857666015625 13.938011169433594 -1.100000023841858
endloop
endfacet
facet normal -0.8652780058058651 0.5012923026225568 0
outer loop
vertex 15.76672077178955 35.234397888183594 -6.636781215667725
vertex 15.686793327331543 35.096435546875 -6.68088436126709
vertex 15.686793327331543 35.096435546875 -1
endloop
endfacet
facet normal -0.8652843776509781 0.5012813040529541 -3.595445046131697e-7
outer loop
vertex 15.825169563293457 35.335289001464844 -6.6294050216674805
vertex 15.76672077178955 35.234397888183594 -6.636781215667725
vertex 15.686793327331543 35.096435546875 -1
endloop
endfacet
facet normal -0.6395629095754477 0.7687387623213541 -1.4293273372015777e-7
outer loop
vertex 26.44195556640625 52.401145935058594 -4.607400417327881
vertex 25.60717010498047 51.706634521484375 -4.788662910461426
vertex 25.4678955078125 51.590763092041016 -4.737338066101074
endloop
endfacet
facet normal -0.568583477744075 0.8226255702543327 4.321913157918432e-7
outer loop
vertex 97.2861557006836 16.637943267822266 -1
vertex 96.33899688720703 15.983288764953613 -8.678082466125488
vertex 97.05767059326172 16.480018615722656 -1
endloop
endfacet
facet normal -0.5685803530812148 0.8226277299544679 0
outer loop
vertex 96.33899688720703 15.983288764953613 -8.678082466125488
vertex 96.33899688720703 15.983288764953613 -1
vertex 97.05767059326172 16.480018615722656 -1
endloop
endfacet
facet normal -0.12874319850599292 0.9916779662967442 0
outer loop
vertex 13.808623313903809 33.828330993652344 -1
vertex 13.348180770874023 33.7685546875 -6.943689346313477
vertex 13.348180770874023 33.7685546875 -1
endloop
endfacet
facet normal -0.2802275705109208 0.9599335959979455 0
outer loop
vertex 13.808623313903809 33.828330993652344 -6.938517093658447
vertex 13.808623313903809 33.828330993652344 -1
vertex 14.044960975646973 33.89732360839844 -1
endloop
endfacet
facet normal -0.706614000285474 0.7075992189089528 0
outer loop
vertex 96.33899688720703 15.983288764953613 -1
vertex 95.4424057006836 15.087945938110352 -8.849675178527832
vertex 95.4424057006836 15.087945938110352 -1
endloop
endfacet
facet normal -0.2802122275531341 0.9599380748409094 -6.626445276819356e-7
outer loop
vertex 14.254326820373535 33.958438873291016 -1
vertex 13.808623313903809 33.828330993652344 -6.938517093658447
vertex 14.044960975646973 33.89732360839844 -1
endloop
endfacet
facet normal -0.4249920820824938 0.9051970670341276 0
outer loop
vertex 14.674615859985352 34.155765533447266 -1
vertex 14.254326820373535 33.958438873291016 -6.948212146759033
vertex 14.254326820373535 33.958438873291016 -1
endloop
endfacet
facet normal -0.5595712034785907 0.8287822803592761 0
outer loop
vertex 14.674615859985352 34.155765533447266 -6.9481892585754395
vertex 14.674615859985352 34.155765533447266 -1
vertex 14.928298950195312 34.32704544067383 -1
endloop
endfacet
facet normal -0.5595869333077699 0.8287716597895053 9.766807388186693e-7
outer loop
vertex 15.059423446655273 34.41558074951172 -1
vertex 14.674615859985352 34.155765533447266 -6.9481892585754395
vertex 14.928298950195312 34.32704544067383 -1
endloop
endfacet
facet normal -0.1753991591195298 0.9842271872790874 -0.023064665635078644
outer loop
vertex -121.77743530273438 13.950422286987305 -3.5
vertex -135.25482177734375 11.607202529907227 -1
vertex -121.97857666015625 13.938011169433594 -2.5
endloop
endfacet
facet normal -0.6807560092246425 0.7325102428666364 0
outer loop
vertex 15.399531364440918 34.731658935546875 -1
vertex 15.059423446655273 34.41558074951172 -6.878799915313721
vertex 15.059423446655273 34.41558074951172 -1
endloop
endfacet
facet normal -0.7856359153331455 0.618689104913486 0
outer loop
vertex 15.399531364440918 34.731658935546875 -6.775703430175781
vertex 15.399531364440918 34.731658935546875 -1
vertex 15.686793327331543 35.096435546875 -1
endloop
endfacet
facet normal -0.17055139952531814 0.9853401984375092 0.0041125980943015495
outer loop
vertex -121.77965545654297 13.97293472290039 -8.985840797424316
vertex -135.25482177734375 11.607202529907227 -1
vertex -121.77743530273438 13.950422286987305 -3.5
endloop
endfacet
facet normal -0.20787835784752354 0.9781546852817384 0
outer loop
vertex -135.25482177734375 11.607202529907227 -1
vertex -135.72836303710938 11.50656509399414 -9.342096328735352
vertex -135.72836303710938 11.50656509399414 -1
endloop
endfacet
facet normal -0.31791580960075033 0.9481189471822087 0
outer loop
vertex -135.72836303710938 11.50656509399414 -1
vertex -136.73031616210938 11.170598030090332 -9.277050971984863
vertex -136.73031616210938 11.170598030090332 -1
endloop
endfacet
facet normal -0.4698184073280227 0.8827630849412887 8.361563109874086e-7
outer loop
vertex -136.73031616210938 11.170598030090332 -1
vertex -137.74671936035156 10.62966251373291 -9.403485298156738
vertex -137.2574005126953 10.890076637268066 -1
endloop
endfacet
facet normal -0.46980721687448634 0.882769040560808 0
outer loop
vertex -137.74671936035156 10.62966251373291 -9.403485298156738
vertex -137.74671936035156 10.62966251373291 -1
vertex -137.2574005126953 10.890076637268066 -1
endloop
endfacet
facet normal -0.6202032842103842 0.7844411298846163 0
outer loop
vertex -137.74671936035156 10.62966251373291 -1
vertex -138.7406768798828 9.843809127807617 -9.438783645629883
vertex -138.7406768798828 9.843809127807617 -1
endloop
endfacet
facet normal -0.8254880488217834 0.5644195968004697 0
outer loop
vertex 95.4424057006836 15.087945938110352 -1
vertex 94.66992950439453 13.958166122436523 -9.029220581054688
vertex 94.66992950439453 13.958166122436523 -1
endloop
endfacet
facet normal -0.7733538699272026 0.6339745987566215 0
outer loop
vertex 94.66992950439453 13.958166122436523 -1
vertex 94.37557220458984 13.59909439086914 -9.135773658752441
vertex 94.37557220458984 13.59909439086914 -1
endloop
endfacet
facet normal -0.6662681456069931 0.7457122488932434 0
outer loop
vertex 94.37557220458984 13.59909439086914 -1
vertex 94.02933502197266 13.289743423461914 -9.251265525817871
vertex 94.02933502197266 13.289743423461914 -1
endloop
endfacet
facet normal -0.7516563350715001 0.6595549665849549 0
outer loop
vertex -138.7406768798828 9.843809127807617 -1
vertex -139.5000762939453 8.978365898132324 -9.418904304504395
vertex -139.5000762939453 8.978365898132324 -1
endloop
endfacet
facet normal -0.8575547687221965 0.5143926696985214 0.0000014992699811605357
outer loop
vertex -139.5000762939453 8.978365898132324 -1
vertex -140.15187072753906 7.891770839691162 -9.598692893981934
vertex -139.9360809326172 8.251493453979492 -1
endloop
endfacet
facet normal -0.8575389597268093 0.5144190242892089 0
outer loop
vertex -140.15187072753906 7.891770839691162 -9.598692893981934
vertex -140.15187072753906 7.891770839691162 -1
vertex -139.9360809326172 8.251493453979492 -1
endloop
endfacet
facet normal -0.9363425202634117 0.35108785901361295 0
outer loop
vertex -140.15187072753906 7.891770839691162 -1
vertex -140.5561065673828 6.813683986663818 -9.658333778381348
vertex -140.5561065673828 6.813683986663818 -1
endloop
endfacet
facet normal -0.9840504023656246 0.1778898692774544 -0.0000035358749607921767
outer loop
vertex -140.5561065673828 6.813683986663818 -1
vertex -140.78147888183594 5.566797733306885 -9.686928749084473
vertex -140.6041717529297 6.547797203063965 -1
endloop
endfacet
facet normal 0.9848691323981366 -0.17329971739544744 0
outer loop
vertex 82.29329681396484 17.266088485717773 -1
vertex 84.25728607177734 28.42751693725586 -7.162717819213867
vertex 84.25728607177734 28.42751693725586 -1
endloop
endfacet
facet normal -0.9840558829748574 0.1778595490339891 0
outer loop
vertex -140.78147888183594 5.566797733306885 -9.686928749084473
vertex -140.78147888183594 5.566797733306885 -1
vertex -140.6041717529297 6.547797203063965 -1
endloop
endfacet
facet normal 0.9989695186499089 -0.04538613013211343 0
outer loop
vertex 82.28946685791016 17.18178939819336 -1
vertex 82.29329681396484 17.266088485717773 -8.497143745422363
vertex 82.29329681396484 17.266088485717773 -1
endloop
endfacet
facet normal 0.9989686851238742 -0.04540447270738216 -2.0667267144666362e-7
outer loop
vertex 82.272216796875 16.802261352539062 -1
vertex 82.29329681396484 17.266088485717773 -8.497143745422363
vertex 82.28946685791016 17.18178939819336 -1
endloop
endfacet
facet normal 0.9940119078954571 0.10927180314259154 0
outer loop
vertex 82.32295227050781 16.340736389160156 -1
vertex 82.272216796875 16.802261352539062 -8.573429107666016
vertex 82.272216796875 16.802261352539062 -1
endloop
endfacet
facet normal 0.9652434921072339 0.26135225452372146 0
outer loop
vertex 82.37422180175781 16.151384353637695 -1
vertex 82.32295227050781 16.340736389160156 -8.672701835632324
vertex 82.32295227050781 16.340736389160156 -1
endloop
endfacet
facet normal 0.9652456268255543 0.2613443703126192 -2.088361391671784e-7
outer loop
vertex 82.44429779052734 15.892566680908203 -1
vertex 82.32295227050781 16.340736389160156 -8.672701835632324
vertex 82.37422180175781 16.151384353637695 -1
endloop
endfacet
facet normal 0.9133566339541889 0.4071604833623636 0
outer loop
vertex 82.57511901855469 15.599103927612305 -1
vertex 82.44429779052734 15.892566680908203 -8.795077323913574
vertex 82.44429779052734 15.892566680908203 -1
endloop
endfacet
facet normal 0.9133522623083006 0.40717028984948483 4.4255401851971127e-7
outer loop
vertex 82.63334655761719 15.468489646911621 -1
vertex 82.44429779052734 15.892566680908203 -8.795077323913574
vertex 82.57511901855469 15.599103927612305 -1
endloop
endfacet
facet normal 0.17308232826861047 0.984907359928393 0
outer loop
vertex 91.84190368652344 12.697484970092773 -1
vertex 84.90498352050781 13.916542053222656 -9.130857467651367
vertex 84.90498352050781 13.916542053222656 -1
endloop
endfacet
facet normal 0.3679780934449502 0.9298344598607965 0
outer loop
vertex 84.24475860595703 14.08764362335205 -1
vertex 83.95418548583984 14.20263671875 -9.074822425842285
vertex 83.95418548583984 14.20263671875 -1
endloop
endfacet
facet normal 0.5070429117280427 0.8619208117143581 1.0309376648366788e-7
outer loop
vertex 83.95418548583984 14.20263671875 -1
vertex 83.55398559570312 14.438063621520996 -9.04672908782959
vertex 83.64044952392578 14.387198448181152 -1
endloop
endfacet
facet normal 0.216733792590986 0.9762307427801725 0
outer loop
vertex 84.61849212646484 13.980146408081055 -1
vertex 84.38591003417969 14.031782150268555 -9.108404159545898
vertex 84.38591003417969 14.031782150268555 -1
endloop
endfacet
facet normal 0.21673432554281144 0.9762306244589454 -1.604072175935273e-8
outer loop
vertex 84.90498352050781 13.916542053222656 -1
vertex 84.38591003417969 14.031782150268555 -9.108404159545898
vertex 84.61849212646484 13.980146408081055 -1
endloop
endfacet
facet normal 0.36798599016123307 0.9298313347295567 -3.2866877608276634e-7
outer loop
vertex 84.38591003417969 14.031782150268555 -1
vertex 83.95418548583984 14.20263671875 -9.074822425842285
vertex 84.24475860595703 14.08764362335205 -1
endloop
endfacet
facet normal 0.8395910970555255 0.543218915120874 0
outer loop
vertex 82.88556671142578 15.078661918640137 -1
vertex 82.63334655761719 15.468489646911621 -8.928938865661621
vertex 82.63334655761719 15.468489646911621 -1
endloop
endfacet
facet normal 0.7457227327647499 0.6662564114797495 0
outer loop
vertex 83.08938598632812 14.850532531738281 -1
vertex 82.88556671142578 15.078661918640137 -9.011537551879883
vertex 82.88556671142578 15.078661918640137 -1
endloop
endfacet
facet normal 0.7457033284473532 0.6662781295685024 0.0000011120846798709188
outer loop
vertex 83.19491577148438 14.732422828674316 -1
vertex 82.88556671142578 15.078661918640137 -9.011537551879883
vertex 83.08938598632812 14.850532531738281 -1
endloop
endfacet
facet normal 0.633979069709423 0.773350204739337 0
outer loop
vertex 83.55398559570312 14.438063621520996 -1
vertex 83.19491577148438 14.732422828674316 -9.030899047851562
vertex 83.19491577148438 14.732422828674316 -1
endloop
endfacet
facet normal 0.5070500394112596 0.8619166186662374 0
outer loop
vertex 83.55398559570312 14.438063621520996 -9.04672908782959
vertex 83.55398559570312 14.438063621520996 -1
vertex 83.64044952392578 14.387198448181152 -1
endloop
endfacet
facet normal -0.9999962553026273 -0.002736673160439146 -8.57701911299875e-7
outer loop
vertex -140.78147888183594 5.566797733306885 -1
vertex -140.7783203125 4.415417671203613 -9.868576049804688
vertex -140.78041076660156 5.176502227783203 -1
endloop
endfacet
facet normal -0.9999962279017084 -0.002746667499809593 0
outer loop
vertex -140.7783203125 4.415417671203613 -9.868576049804688
vertex -140.7783203125 4.415417671203613 -1
vertex -140.78041076660156 5.176502227783203 -1
endloop
endfacet
facet normal -0.9851854174823262 -0.17149254555278642 0
outer loop
vertex -84.51251983642578 29.013017654418945 -7.110057353973389
vertex -82.5526123046875 17.75379753112793 -8.398516654968262
vertex -84.51251983642578 29.013017654418945 -1
endloop
endfacet
facet normal -0.9937281606688477 -0.11182281830515944 0
outer loop
vertex -82.50517272949219 17.481258392333984 -8.449419975280762
vertex -82.49869537353516 17.423696517944336 -8.456647872924805
vertex -82.50517272949219 17.481258392333984 -1
endloop
endfacet
facet normal -0.9996130427651572 0.02781662693038324 0
outer loop
vertex -82.46329498291016 17.10926628112793 -8.559640884399414
vertex -82.4655532836914 17.028112411499023 -8.57463264465332
vertex -82.46329498291016 17.10926628112793 -1
endloop
endfacet
facet normal -0.9996130245485674 0.027817281550596654 -7.018967716177501e-9
outer loop
vertex -82.4655532836914 17.028112411499023 -8.57463264465332
vertex -82.46913146972656 16.8995304107666 -8.624741554260254
vertex -82.46329498291016 17.10926628112793 -1
endloop
endfacet
facet normal -0.9996137679910287 0.027790553111563813 7.287766623588916e-7
outer loop
vertex -82.46913146972656 16.8995304107666 -8.624741554260254
vertex -82.47620391845703 16.645139694213867 -8.704882621765137
vertex -82.46329498291016 17.10926628112793 -1
endloop
endfacet
facet normal -0.9833564000291269 0.18168706756881678 0
outer loop
vertex -82.47620391845703 16.645139694213867 -8.704882621765137
vertex -82.56056213378906 16.188562393188477 -8.793388366699219
vertex -82.47620391845703 16.645139694213867 -1
endloop
endfacet
facet normal -0.9434984763295672 0.33137686274660916 0
outer loop
vertex -82.56056213378906 16.188562393188477 -8.793388366699219
vertex -82.57435607910156 16.149288177490234 -8.79446029663086
vertex -82.56056213378906 16.188562393188477 -1
endloop
endfacet
facet normal -0.9435424785682973 0.33125155265551715 7.092755381377678e-7
outer loop
vertex -82.57435607910156 16.149288177490234 -8.79446029663086
vertex -82.67153930664062 15.872469902038574 -8.822433471679688
vertex -82.56056213378906 16.188562393188477 -1
endloop
endfacet
facet normal -0.9435400095467367 0.33125858537461617 3.9006608226734194e-7
outer loop
vertex -82.67153930664062 15.872469902038574 -8.822433471679688
vertex -82.71437072753906 15.750471115112305 -8.85757827758789
vertex -82.56056213378906 16.188562393188477 -1
endloop
endfacet
facet normal -0.8811226352113346 0.4728878320682752 0
outer loop
vertex -82.71437072753906 15.750471115112305 -8.85757827758789
vertex -82.85685729980469 15.484978675842285 -8.887652397155762
vertex -82.71437072753906 15.750471115112305 -1
endloop
endfacet
facet normal -0.8811189589001315 0.47289468200293816 -2.969744008044842e-7
outer loop
vertex -82.85685729980469 15.484978675842285 -8.887652397155762
vertex -82.9339370727539 15.341360092163086 -8.938718795776367
vertex -82.71437072753906 15.750471115112305 -1
endloop
endfacet
facet normal -0.7976029245384181 0.6031828700881372 0
outer loop
vertex -82.9339370727539 15.341360092163086 -8.938718795776367
vertex -83.09955596923828 15.122358322143555 -8.97611141204834
vertex -82.9339370727539 15.341360092163086 -1
endloop
endfacet
facet normal -0.7893459285875248 0.6139485213682785 -0.00046704603922655103
outer loop
vertex -83.09955596923828 15.122358322143555 -8.97611141204834
vertex -83.22697448730469 14.958484649658203 -9.046148300170898
vertex -82.9339370727539 15.341360092163086 -1
endloop
endfacet
facet normal -0.6949717893987662 0.7190370031784703 -3.764285211511217e-8
outer loop
vertex -83.22697448730469 14.958484649658203 -9.046148300170898
vertex -83.5478515625 14.648346900939941 -9.106860160827637
vertex -83.21399688720703 14.971028327941895 -1
endloop
endfacet
facet normal -0.5757113507743977 0.8176530074484644 0
outer loop
vertex -83.5478515625 14.648346900939941 -9.106860160827637
vertex -83.73350524902344 14.517627716064453 -9.114445686340332
vertex -83.5478515625 14.648346900939941 -1
endloop
endfacet
facet normal -0.5756880589484492 0.8176694067797398 -7.970871726859493e-7
outer loop
vertex -83.73350524902344 14.517627716064453 -9.114445686340332
vertex -83.92749786376953 14.3810453414917 -9.111133575439453
vertex -83.5478515625 14.648346900939941 -1
endloop
endfacet
facet normal -0.4426380721021923 0.89670036083725 0
outer loop
vertex -83.92749786376953 14.3810453414917 -9.111133575439453
vertex -84.34384155273438 14.175525665283203 -9.117714881896973
vertex -83.92749786376953 14.3810453414917 -1
endloop
endfacet
facet normal -0.29579825203426235 0.9552504352752084 0
outer loop
vertex -84.34384155273438 14.175525665283203 -9.117714881896973
vertex -84.79908752441406 14.03455638885498 -9.143858909606934
vertex -84.34384155273438 14.175525665283203 -1
endloop
endfacet
facet normal -0.17419928541417318 0.9847104188344867 -3.329954650999872e-8
outer loop
vertex -84.79908752441406 14.03455638885498 -9.143858909606934
vertex -91.32819366455078 12.879530906677246 -9.21336841583252
vertex -84.78691101074219 14.036710739135742 -1
endloop
endfacet
facet normal 0.6595580703559419 0.7516536115980196 0
outer loop
vertex -96.64998626708984 16.305431365966797 -8.65353012084961
vertex -95.7845458984375 15.546028137207031 -1
vertex -95.7845458984375 15.546028137207031 -8.820513725280762
endloop
endfacet
facet normal -0.9457480224157672 0.3249010281557534 0
outer loop
vertex -135.80162048339844 -25.45687484741211 -1
vertex -136.2839813232422 -26.86096954345703 -13.41051197052002
vertex -136.2839813232422 -26.86096954345703 -1
endloop
endfacet
facet normal -0.9859491553329758 0.16704569164809852 0
outer loop
vertex -135.72406005859375 -24.99909210205078 -1
vertex -135.80162048339844 -25.45687484741211 -13.427079200744629
vertex -135.80162048339844 -25.45687484741211 -1
endloop
endfacet
facet normal -0.9999144655678512 0.01307904997156261 0
outer loop
vertex -135.7235870361328 -24.962928771972656 -1
vertex -135.72406005859375 -24.99909210205078 -13.352206230163574
vertex -135.72406005859375 -24.99909210205078 -1
endloop
endfacet
facet normal -0.9999167711911305 0.012901577052214364 5.19672539002911e-7
outer loop
vertex -135.72406005859375 -24.99909210205078 -13.352206230163574
vertex -135.7235870361328 -24.962928771972656 -1
vertex -135.7180633544922 -24.53482437133789 -1
endloop
endfacet
facet normal -0.9928655035099216 -0.11923964080786979 0
outer loop
vertex -135.75738525390625 -24.20740509033203 -1
vertex -135.7180633544922 -24.53482437133789 -13.218928337097168
vertex -135.7180633544922 -24.53482437133789 -1
endloop
endfacet
facet normal -0.9849605799090425 -0.1727792117846569 5.618552596734889e-7
outer loop
vertex -135.80548095703125 -23.933265686035156 -13.069741249084473
vertex -135.75738525390625 -24.20740509033203 -1
vertex -137.36593627929688 -15.037555694580078 -1
endloop
endfacet
facet normal -0.9849609193925745 -0.1727772764819188 -9.084033334444212e-7
outer loop
vertex -137.36593627929688 -15.037555694580078 -1
vertex -137.9672088623047 -11.609848022460938 -1
vertex -135.80548095703125 -23.933265686035156 -13.069741249084473
endloop
endfacet
facet normal -0.9849606545294033 -0.17277878639754782 0
outer loop
vertex -135.80548095703125 -23.933265686035156 -13.069741249084473
vertex -140.7783203125 4.415417671203613 -1
vertex -140.7783203125 4.415417671203613 -9.868576049804688
endloop
endfacet
facet normal -0.9849605672820541 -0.17277928376389337 0.0000012041308752367446
outer loop
vertex -140.7783203125 4.415417671203613 -1
vertex -135.80548095703125 -23.933265686035156 -13.069741249084473
vertex -137.9672088623047 -11.609848022460938 -1
endloop
endfacet
facet normal 0.7567564905916201 0.6536968823142493 2.927238461748084e-7
outer loop
vertex -94.3488998413086 13.649231910705566 -9.257965087890625
vertex -94.64131164550781 13.987744331359863 -9.200754165649414
vertex -94.33779907226562 13.636377334594727 -1
endloop
endfacet
facet normal 0.6611342677666595 0.7502671952119082 -0.0007847123672855169
outer loop
vertex -94.24443817138672 13.557194709777832 -9.244333267211914
vertex -94.3488998413086 13.649231910705566 -9.257965087890625
vertex -93.98369598388672 13.336051940917969 -1
endloop
endfacet
facet normal 0.6468192339318802 0.7626433495519223 0
outer loop
vertex -93.98369598388672 13.336051940917969 -9.276456832885742
vertex -94.24443817138672 13.557194709777832 -9.244333267211914
vertex -93.98369598388672 13.336051940917969 -1
endloop
endfacet
facet normal 0.784439588526783 0.6202052337347139 0
outer loop
vertex -95.7845458984375 15.546028137207031 -8.820513725280762
vertex -94.99868774414062 14.552069664001465 -1
vertex -94.99868774414062 14.552069664001465 -9.017056465148926
endloop
endfacet
facet normal 0.8448393393640178 0.5350200843547559 0
outer loop
vertex -94.99868774414062 14.552069664001465 -9.017056465148926
vertex -94.64131164550781 13.987744331359863 -1
vertex -94.64131164550781 13.987744331359863 -9.200754165649414
endloop
endfacet
facet normal 0.35109366851747786 0.9363403419307208 0
outer loop
vertex -97.73657989501953 16.95722198486328 -8.700860023498535
vertex -98.81466674804688 17.361465454101562 -8.576080322265625
vertex -97.73657989501953 16.95722198486328 -1
endloop
endfacet
facet normal -0.0027482435938763557 0.9999962235714438 0
outer loop
vertex -100.06155395507812 17.58683967590332 -8.67381763458252
vertex -101.21293640136719 17.583675384521484 -8.463417053222656
vertex -100.06155395507812 17.58683967590332 -1
endloop
endfacet
facet normal 0.17781262999797964 0.9840640985109768 0.0007201631621462792
outer loop
vertex -98.81466674804688 17.361465454101562 -8.576080322265625
vertex -100.06155395507812 17.58683967590332 -8.67381763458252
vertex -98.7861328125 17.350765228271484 -1
endloop
endfacet
facet normal 0.5143996787270905 0.8575505644132396 0
outer loop
vertex -96.64998626708984 16.305431365966797 -8.65353012084961
vertex -97.73657989501953 16.95722198486328 -8.700860023498535
vertex -96.64998626708984 16.305431365966797 -1
endloop
endfacet
facet normal 0.6595540056479946 0.7516571773379714 -0.000037282682919875516
outer loop
vertex -95.7845458984375 15.546028137207031 -8.820513725280762
vertex -95.90807342529297 15.6544189453125 -8.829801559448242
vertex -96.64998626708984 16.305431365966797 -8.65353012084961
endloop
endfacet
facet normal 0.3510887941625333 0.9363421683906514 -0.00004803114947608431
outer loop
vertex -97.73657989501953 16.95722198486328 -8.700860023498535
vertex -97.83853912353516 16.995450973510742 -8.72851848602295
vertex -98.81466674804688 17.361465454101562 -8.576080322265625
endloop
endfacet
facet normal -0.17419732352045286 0.9847107658994648 0
outer loop
vertex -91.32819366455078 12.879530906677246 -9.21336841583252
vertex -91.70514678955078 12.812847137451172 -9.254823684692383
vertex -91.70514678955078 12.812847137451172 -1
endloop
endfacet
facet normal -0.08406495402311906 0.9964602769328493 0
outer loop
vertex -91.70514678955078 12.812847137451172 -9.254823684692383
vertex -91.74063110351562 12.809853553771973 -9.254611015319824
vertex -91.70514678955078 12.812847137451172 -1
endloop
endfacet
facet normal -0.08403816496773572 0.9964625365907351 -1.1597829688577577e-7
outer loop
vertex -91.74063110351562 12.809853553771973 -9.254611015319824
vertex -92.09014892578125 12.780376434326172 -9.33055305480957
vertex -91.70514678955078 12.812847137451172 -1
endloop
endfacet
facet normal -0.08403765108121675 0.9964625799299901 -1.3989683655025503e-7
outer loop
vertex -92.09014892578125 12.780376434326172 -9.33055305480957
vertex -92.24486541748047 12.767328262329102 -9.36333179473877
vertex -91.70514678955078 12.812847137451172 -1
endloop
endfacet
facet normal 0.5214130062336527 0.8533044456288011 -7.135334458675203e-7
outer loop
vertex -93.88066101074219 13.273092269897461 -9.265360832214355
vertex -93.98369598388672 13.336051940917969 -9.276456832885742
vertex -93.5875015258789 13.093963623046875 -1
endloop
endfacet
facet normal 0.38348016344907937 0.9235491130638359 2.6317850847435025e-7
outer loop
vertex -93.4783935546875 13.048659324645996 -9.301253318786621
vertex -93.5875015258789 13.093963623046875 -9.30877685546875
vertex -93.15869140625 12.915908813476562 -1
endloop
endfacet
facet normal 0.3834859920835228 0.9235466928508359 0
outer loop
vertex -93.4783935546875 13.048659324645996 -9.301253318786621
vertex -93.15869140625 12.915908813476562 -1
vertex -93.15869140625 12.915908813476562 -9.355841636657715
endloop
endfacet
facet normal 0.08362205646746367 0.9964975422308638 0
outer loop
vertex -92.24486541748047 12.767328262329102 -9.36333179473877
vertex -92.7075424194336 12.806154251098633 -9.393071174621582
vertex -92.24486541748047 12.767328262329102 -1
endloop
endfacet
facet normal 0.2363830361577293 0.9716599509174212 9.111537968924858e-8
outer loop
vertex -92.93194580078125 12.860747337341309 -9.372812271118164
vertex -93.041748046875 12.887459754943848 -9.351608276367188
vertex -92.7075424194336 12.806154251098633 -1
endloop
endfacet
facet normal 0.23637805643996967 0.9716611623573166 3.021820833791916e-7
outer loop
vertex -93.041748046875 12.887459754943848 -9.351608276367188
vertex -93.15869140625 12.915908813476562 -9.355841636657715
vertex -92.7075424194336 12.806154251098633 -1
endloop
endfacet
facet normal 0.23638624583767348 0.9716591700687907 0
outer loop
vertex -92.7075424194336 12.806154251098633 -9.393071174621582
vertex -92.93194580078125 12.860747337341309 -9.372812271118164
vertex -92.7075424194336 12.806154251098633 -1
endloop
endfacet
facet normal 0.5213983579396265 0.8533133963192311 0
outer loop
vertex -93.88066101074219 13.273092269897461 -9.265360832214355
vertex -93.5875015258789 13.093963623046875 -1
vertex -93.5875015258789 13.093963623046875 -9.30877685546875
endloop
endfacet
facet normal -0.8652818442735499 0.5012856770052024 0
outer loop
vertex 24.73029899597168 50.70665740966797 -4.644113063812256
vertex 15.825169563293457 35.335289001464844 -6.6294050216674805
vertex 24.73029899597168 50.70665740966797 -1
endloop
endfacet
facet normal -0.1729177745978834 0.9849362635359282 0
outer loop
vertex -101.21293640136719 17.583675384521484 -8.463417053222656
vertex -119.81364440917969 14.318090438842773 -8.935901641845703
vertex -101.21293640136719 17.583675384521484 -1
endloop
endfacet
facet normal -0.865281826796736 0.5012857071723579 -1.1001939784377843e-7
outer loop
vertex 24.73029899597168 50.70665740966797 -1
vertex 15.825169563293457 35.335289001464844 -6.6294050216674805
vertex 15.686793327331543 35.096435546875 -1
endloop
endfacet
facet normal -0.3263467430348818 0.9452501260625937 -0.00004989163748374968
outer loop
vertex 27.543872833251953 53.00153732299805 -4.692502498626709
vertex 27.44455909729004 52.96725082397461 -4.664506912231445
vertex 28.642274856567383 53.380767822265625 -4.537077903747559
endloop
endfacet
facet normal -0.7678616020499509 0.6406157663508469 0
outer loop
vertex 25.4678955078125 51.590763092041016 -4.737338066101074
vertex 24.73029899597168 50.70665740966797 -4.644113063812256
vertex 25.4678955078125 51.590763092041016 -1
endloop
endfacet
facet normal -0.6395629208432385 0.768738752946972 0
outer loop
vertex 26.44195556640625 52.401145935058594 -4.607400417327881
vertex 25.4678955078125 51.590763092041016 -4.737338066101074
vertex 26.44195556640625 52.401145935058594 -1
endloop
endfacet
facet normal -0.49167275907652436 0.8707800514378348 0
outer loop
vertex 27.44455909729004 52.96725082397461 -4.664506912231445
vertex 26.44195556640625 52.401145935058594 -4.607400417327881
vertex 27.44455909729004 52.96725082397461 -1
endloop
endfacet
facet normal -0.32635148623938764 0.9452484897789273 0
outer loop
vertex 28.642274856567383 53.380767822265625 -4.537077903747559
vertex 27.44455909729004 52.96725082397461 -4.664506912231445
vertex 28.642274856567383 53.380767822265625 -1
endloop
endfacet
facet normal -0.14782040831597948 0.9890132954513395 -0.0013521485785455859
outer loop
vertex 28.642274856567383 53.380767822265625 -4.537077903747559
vertex 29.780292510986328 53.555694580078125 -1
vertex 29.808237075805664 53.55488204956055 -4.649288654327393
endloop
endfacet
facet normal 0.029042839944437824 0.999578167752758 -3.1317723648745734e-8
outer loop
vertex 31.006275177001953 53.52007293701172 -4.65319299697876
vertex 29.808237075805664 53.55488204956055 -4.649288654327393
vertex 31.04684829711914 53.51889419555664 -1
endloop
endfacet
facet normal 0.029040022483039923 0.9995782496103968 0
outer loop
vertex 31.04684829711914 53.51889419555664 -4.641530513763428
vertex 31.006275177001953 53.52007293701172 -4.65319299697876
vertex 31.04684829711914 53.51889419555664 -1
endloop
endfacet
facet normal 0.20745242347090462 0.9782451083425097 0
outer loop
vertex 32.17318344116211 53.28003692626953 -4.564994812011719
vertex 31.04684829711914 53.51889419555664 -4.641530513763428
vertex 32.17318344116211 53.28003692626953 -1
endloop
endfacet
facet normal 0.36582593084342757 0.9306832910945269 -5.872040500504315e-9
outer loop
vertex 32.17318344116211 53.28003692626953 -4.564994812011719
vertex 33.15675735473633 52.8934211730957 -1
vertex 33.06425094604492 52.92978286743164 -4.697892189025879
endloop
endfacet
facet normal 0.3658257275256488 0.9306833710131119 0
outer loop
vertex 33.06425094604492 52.92978286743164 -4.697892189025879
vertex 33.15675735473633 52.8934211730957 -1
vertex 33.15675735473633 52.8934211730957 -4.6855788230896
endloop
endfacet
facet normal 0.46945115010174615 0.8829584461729486 0
outer loop
vertex 33.15675735473633 52.8934211730957 -4.6855788230896
vertex 33.584468841552734 52.666015625 -1
vertex 33.584468841552734 52.666015625 -4.6928205490112305
endloop
endfacet
facet normal -0.17291774970058835 0.9849362679069569 0
outer loop
vertex -121.77965545654297 13.97293472290039 -8.985840797424316
vertex -135.25482177734375 11.607202529907227 -9.328129768371582
vertex -135.25482177734375 11.607202529907227 -1
endloop
endfacet
facet normal -0.20786891217672662 0.9781566926367934 -5.604022933777057e-7
outer loop
vertex -135.65728759765625 11.521669387817383 -9.356712341308594
vertex -135.72836303710938 11.50656509399414 -9.342096328735352
vertex -135.25482177734375 11.607202529907227 -1
endloop
endfacet
facet normal -0.20788004541849853 0.9781543266360391 0
outer loop
vertex -135.25482177734375 11.607202529907227 -1
vertex -135.25482177734375 11.607202529907227 -9.328129768371582
vertex -135.65728759765625 11.521669387817383 -9.356712341308594
endloop
endfacet
facet normal -0.3179158096007503 0.9481189471822085 0
outer loop
vertex -135.72836303710938 11.50656509399414 -9.342096328735352
vertex -136.73031616210938 11.170598030090332 -9.277050971984863
vertex -135.72836303710938 11.50656509399414 -1
endloop
endfacet
facet normal -0.46981302002599923 0.8827659521153102 0
outer loop
vertex -136.73031616210938 11.170598030090332 -9.277050971984863
vertex -137.74671936035156 10.62966251373291 -9.403485298156738
vertex -136.73031616210938 11.170598030090332 -1
endloop
endfacet
facet normal -0.6202032842103842 0.7844411298846165 0
outer loop
vertex -137.74671936035156 10.62966251373291 -9.403485298156738
vertex -138.7406768798828 9.843809127807617 -9.438783645629883
vertex -137.74671936035156 10.62966251373291 -1
endloop
endfacet
facet normal -0.7516563350715 0.6595549665849548 0
outer loop
vertex -138.7406768798828 9.843809127807617 -9.438783645629883
vertex -139.5000762939453 8.978365898132324 -9.418904304504395
vertex -138.7406768798828 9.843809127807617 -1
endloop
endfacet
facet normal -0.8575495351026572 0.5144013946765859 0
outer loop
vertex -139.5000762939453 8.978365898132324 -9.418904304504395
vertex -140.15187072753906 7.891770839691162 -9.598692893981934
vertex -139.5000762939453 8.978365898132324 -1
endloop
endfacet
facet normal -0.9363425202634117 0.35108785901361295 0
outer loop
vertex -140.15187072753906 7.891770839691162 -9.598692893981934
vertex -140.5561065673828 6.813683986663818 -9.658333778381348
vertex -140.15187072753906 7.891770839691162 -1
endloop
endfacet
facet normal -0.984054714360966 0.17786601458389276 0
outer loop
vertex -140.5561065673828 6.813683986663818 -9.658333778381348
vertex -140.78147888183594 5.566797733306885 -9.686928749084473
vertex -140.5561065673828 6.813683986663818 -1
endloop
endfacet
facet normal -0.9999962385031221 -0.002742805061767589 0
outer loop
vertex -140.78147888183594 5.566797733306885 -9.686928749084473
vertex -140.7789306640625 4.6377458572387695 -9.880834579467773
vertex -140.78147888183594 5.566797733306885 -1
endloop
endfacet
facet normal -0.9999962317980833 -0.0027452485440718813 2.5562224862173617e-7
outer loop
vertex -140.7789306640625 4.6377458572387695 -9.880834579467773
vertex -140.7783203125 4.415417671203613 -9.868576049804688
vertex -140.78147888183594 5.566797733306885 -1
endloop
endfacet
facet normal -0.7678616020499508 0.6406157663508468 0
outer loop
vertex 25.4678955078125 51.590763092041016 -1
vertex 24.73029899597168 50.70665740966797 -4.644113063812256
vertex 24.73029899597168 50.70665740966797 -1
endloop
endfacet
facet normal -0.6395640863622457 0.7687377832756928 0
outer loop
vertex 25.4678955078125 51.590763092041016 -4.737338066101074
vertex 25.4678955078125 51.590763092041016 -1
vertex 25.98630714416504 52.022064208984375 -1
endloop
endfacet
facet normal -0.6395615947745414 0.7687398561861503 -5.848324705582892e-7
outer loop
vertex 26.44195556640625 52.401145935058594 -1
vertex 25.4678955078125 51.590763092041016 -4.737338066101074
vertex 25.98630714416504 52.022064208984375 -1
endloop
endfacet
facet normal -0.49167275907652436 0.8707800514378349 0
outer loop
vertex 27.44455909729004 52.96725082397461 -1
vertex 26.44195556640625 52.401145935058594 -4.607400417327881
vertex 26.44195556640625 52.401145935058594 -1
endloop
endfacet
facet normal -0.32635148623938764 0.9452484897789273 0
outer loop
vertex 28.642274856567383 53.380767822265625 -1
vertex 27.44455909729004 52.96725082397461 -4.664506912231445
vertex 27.44455909729004 52.96725082397461 -1
endloop
endfacet
facet normal 0.029043221725495137 0.9995781566599871 -1.6100806922633707e-7
outer loop
vertex 29.808237075805664 53.55488204956055 -4.649288654327393
vertex 29.780292510986328 53.555694580078125 -1
vertex 31.04684829711914 53.51889419555664 -1
endloop
endfacet
facet normal -0.15192827779048296 0.9883915208092479 0
outer loop
vertex 28.642274856567383 53.380767822265625 -4.537077903747559
vertex 28.642274856567383 53.380767822265625 -1
vertex 29.244510650634766 53.47333908081055 -1
endloop
endfacet
facet normal -0.15192656722045841 0.9883917837439355 -2.981293374589176e-7
outer loop
vertex 29.780292510986328 53.555694580078125 -1
vertex 28.642274856567383 53.380767822265625 -4.537077903747559
vertex 29.244510650634766 53.47333908081055 -1
endloop
endfacet
facet normal 0.20745242347090465 0.9782451083425097 0
outer loop
vertex 32.17318344116211 53.28003692626953 -1
vertex 31.04684829711914 53.51889419555664 -4.641530513763428
vertex 31.04684829711914 53.51889419555664 -1
endloop
endfacet
facet normal 0.16646853037877007 -0.9860467678530936 0
outer loop
vertex -72.70234680175781 -53.50891876220703 -1
vertex -67.83003997802734 -52.68635559082031 -16.128005981445312
vertex -67.83003997802734 -52.68635559082031 -1
endloop
endfacet
facet normal 0.1175383216871073 -0.9930683475647476 0
outer loop
vertex -67.83003997802734 -52.68635559082031 -1
vertex -67.43370819091797 -52.63944625854492 -16.118310928344727
vertex -67.43370819091797 -52.63944625854492 -1
endloop
endfacet
facet normal 0.36582899444731687 0.9306820868700018 -9.817088150913167e-7
outer loop
vertex 33.15675735473633 52.8934211730957 -1
vertex 32.17318344116211 53.28003692626953 -4.564994812011719
vertex 32.57032012939453 53.12393569946289 -1
endloop
endfacet
facet normal 0.36582136125186016 0.9306850872619782 0
outer loop
vertex 32.57032012939453 53.12393569946289 -1
vertex 32.17318344116211 53.28003692626953 -4.564994812011719
vertex 32.17318344116211 53.28003692626953 -1
endloop
endfacet
facet normal 0.4694511501017462 0.8829584461729486 0
outer loop
vertex 33.584468841552734 52.666015625 -1
vertex 33.15675735473633 52.8934211730957 -4.6855788230896
vertex 33.15675735473633 52.8934211730957 -1
endloop
endfacet
facet normal 0.34176508429734626 0.9397854154833581 0
outer loop
vertex 62.56040573120117 39.09321975708008 -6.278398036956787
vertex 62.32512283325195 39.17878341674805 -6.252823829650879
vertex 62.56040573120117 39.09321975708008 -1
endloop
endfacet
facet normal 0.21630762684480964 0.9763252585940644 0
outer loop
vertex 63.06806182861328 38.98074722290039 -6.2968316078186035
vertex 62.673580169677734 39.068145751953125 -6.273214340209961
vertex 63.06806182861328 38.98074722290039 -1
endloop
endfacet
facet normal 0.2163067000008179 0.976325463938512 7.273926932742377e-8
outer loop
vertex 62.673580169677734 39.068145751953125 -6.273214340209961
vertex 62.56040573120117 39.09321975708008 -6.278398036956787
vertex 63.06806182861328 38.98074722290039 -1
endloop
endfacet
facet normal 0.21630742092665567 0.976325304215792 0
outer loop
vertex 63.06806182861328 38.98074722290039 -1
vertex 62.56040573120117 39.09321975708008 -6.278398036956787
vertex 62.56040573120117 39.09321975708008 -1
endloop
endfacet
facet normal 0.17517161031137535 0.9845379154410051 0
outer loop
vertex 63.06806182861328 38.98074722290039 -6.2968316078186035
vertex 63.06806182861328 38.98074722290039 -1
vertex 79.38829803466797 36.07700729370117 -1
endloop
endfacet
facet normal 0.38263647386301286 0.9238989819615995 0
outer loop
vertex 48.17643356323242 44.32428741455078 -5.692202568054199
vertex 47.775882720947266 44.490177154541016 -5.660786151885986
vertex 48.17643356323242 44.32428741455078 -1
endloop
endfacet
facet normal 0.38263119971886916 0.9239011662517895 5.310078879660595e-7
outer loop
vertex 48.17643356323242 44.32428741455078 -1
vertex 47.775882720947266 44.490177154541016 -5.660786151885986
vertex 47.69639205932617 44.52309799194336 -5.6473164558410645
endloop
endfacet
facet normal 0.49978004318615354 0.8661523586718717 0
outer loop
vertex 47.69639205932617 44.52309799194336 -1
vertex 47.69639205932617 44.52309799194336 -5.6473164558410645
vertex 47.4381217956543 44.672122955322266 -5.617910861968994
endloop
endfacet
facet normal 0.49978812072650963 0.866147697786181 -6.021720384114017e-7
outer loop
vertex 47.4381217956543 44.672122955322266 -5.617910861968994
vertex 33.584468841552734 52.666015625 -4.6928205490112305
vertex 47.69639205932617 44.52309799194336 -1
endloop
endfacet
facet normal 0.3417739095744701 0.9397822060105105 -4.475785016954534e-7
outer loop
vertex 62.56040573120117 39.09321975708008 -1
vertex 62.32512283325195 39.17878341674805 -6.252823829650879
vertex 48.17643356323242 44.32428741455078 -5.692202568054199
endloop
endfacet
facet normal 0.000041127104682212125 -0.9999999991542807 0
outer loop
vertex -8.1639986038208 -52.63700866699219 -9.949999809265137
vertex -8.1639986038208 -52.63700866699219 -4.949999809265137
vertex -67.43370819091797 -52.63944625854492 -1
endloop
endfacet
facet normal 0.38263558779532436 0.9238993489295934 0
outer loop
vertex 48.17643356323242 44.32428741455078 -1
vertex 47.69639205932617 44.52309799194336 -5.6473164558410645
vertex 47.69639205932617 44.52309799194336 -1
endloop
endfacet
facet normal 0.49978800251052224 0.8661477659998564 0
outer loop
vertex 47.69639205932617 44.52309799194336 -1
vertex 33.584468841552734 52.666015625 -4.6928205490112305
vertex 33.584468841552734 52.666015625 -1
endloop
endfacet
facet normal -0.543212272264 0.8395953949741398 0
outer loop
vertex 94.02933502197266 13.289743423461914 -1
vertex 93.6395034790039 13.037525177001953 -9.319854736328125
vertex 93.6395034790039 13.037525177001953 -1
endloop
endfacet
facet normal -0.40715453785241124 0.9133592843488156 -9.35069800053358e-8
outer loop
vertex 93.6395034790039 13.037525177001953 -1
vertex 93.21542358398438 12.848479270935059 -9.339539527893066
vertex 93.34845733642578 12.907783508300781 -1
endloop
endfacet
facet normal -0.40715942782024095 0.9133571044980675 0
outer loop
vertex 93.21542358398438 12.848479270935059 -9.339539527893066
vertex 93.21542358398438 12.848479270935059 -1
vertex 93.34845733642578 12.907783508300781 -1
endloop
endfacet
facet normal -0.26134786030206214 0.9652446818892781 0
outer loop
vertex 93.21542358398438 12.848479270935059 -1
vertex 92.76725769042969 12.727134704589844 -9.361166954040527
vertex 92.76725769042969 12.727134704589844 -1
endloop
endfacet
facet normal -0.10927143987439811 0.9940119478294807 -1.331242044755981e-7
outer loop
vertex 92.76725769042969 12.727134704589844 -1
vertex 92.30573272705078 12.676398277282715 -9.39552116394043
vertex 92.67012023925781 12.716456413269043 -1
endloop
endfacet
facet normal -0.10927447044350792 0.9940116146752466 0
outer loop
vertex 92.30573272705078 12.676398277282715 -9.39552116394043
vertex 92.30573272705078 12.676398277282715 -1
vertex 92.67012023925781 12.716456413269043 -1
endloop
endfacet
facet normal 0.04541530083370496 0.9989681929121588 0
outer loop
vertex 92.30573272705078 12.676398277282715 -1
vertex 91.84190368652344 12.697484970092773 -9.424262046813965
vertex 91.84190368652344 12.697484970092773 -1
endloop
endfacet
facet normal 0.3417737806244276 0.939782252906324 0
outer loop
vertex 62.56040573120117 39.09321975708008 -1
vertex 48.17643356323242 44.32428741455078 -5.692202568054199
vertex 48.17643356323242 44.32428741455078 -1
endloop
endfacet
facet normal 0.04541543448102312 0.9989681868362476 -7.3736581175615355e-9
outer loop
vertex 92.03092956542969 12.688891410827637 -9.410548210144043
vertex 91.84190368652344 12.697484970092773 -9.424262046813965
vertex 92.30573272705078 12.676398277282715 -1
endloop
endfacet
facet normal 0.04541520927038581 0.9989681970748253 0
outer loop
vertex 92.30573272705078 12.676398277282715 -9.39552116394043
vertex 92.03092956542969 12.688891410827637 -9.410548210144043
vertex 92.30573272705078 12.676398277282715 -1
endloop
endfacet
facet normal 0.17308232826861047 0.984907359928393 0
outer loop
vertex 84.90498352050781 13.916542053222656 -9.130857467651367
vertex 91.84190368652344 12.697484970092773 -1
vertex 91.84190368652344 12.697484970092773 -9.424262046813965
endloop
endfacet
facet normal -0.10927718355553698 0.9940113164115058 1.8643762701308247e-7
outer loop
vertex 92.40569305419922 12.687387466430664 -9.370596885681152
vertex 92.30573272705078 12.676398277282715 -9.39552116394043
vertex 92.76725769042969 12.727134704589844 -1
endloop
endfacet
facet normal -0.10927291887001342 0.9940117852428247 0
outer loop
vertex 92.76725769042969 12.727134704589844 -9.361166954040527
vertex 92.40569305419922 12.687387466430664 -9.370596885681152
vertex 92.76725769042969 12.727134704589844 -1
endloop
endfacet
facet normal -0.2613539923188949 0.9652430215748004 3.5277742445367893e-7
outer loop
vertex 92.86710357666016 12.754169464111328 -9.338447570800781
vertex 92.76725769042969 12.727134704589844 -9.361166954040527
vertex 93.21542358398438 12.848479270935059 -1
endloop
endfacet
facet normal -0.2613461239929053 0.9652451520074499 0
outer loop
vertex 93.21542358398438 12.848479270935059 -9.339539527893066
vertex 92.86710357666016 12.754169464111328 -9.338447570800781
vertex 93.21542358398438 12.848479270935059 -1
endloop
endfacet
facet normal -0.4071649025343434 0.9133546639416197 5.382931658938071e-7
outer loop
vertex 93.30957794189453 12.89045238494873 -9.320001602172852
vertex 93.21542358398438 12.848479270935059 -9.339539527893066
vertex 93.6395034790039 13.037525177001953 -1
endloop
endfacet
facet normal -0.40714553562235467 0.9133632972824339 -3.823038176851215e-7
outer loop
vertex 93.54080963134766 12.99352741241455 -9.32811450958252
vertex 93.30957794189453 12.89045238494873 -9.320001602172852
vertex 93.6395034790039 13.037525177001953 -1
endloop
endfacet
facet normal -0.40717244748750686 0.9133513004353985 0
outer loop
vertex 93.6395034790039 13.037525177001953 -9.319854736328125
vertex 93.54080963134766 12.99352741241455 -9.32811450958252
vertex 93.6395034790039 13.037525177001953 -1
endloop
endfacet
facet normal -0.543212272264 0.8395953949741398 0
outer loop
vertex 94.02933502197266 13.289743423461914 -9.251265525817871
vertex 93.6395034790039 13.037525177001953 -9.319854736328125
vertex 94.02933502197266 13.289743423461914 -1
endloop
endfacet
facet normal -0.706618847565479 0.7075943765360572 0.00005059429533133805
outer loop
vertex 95.56920623779297 15.21457290649414 -8.867094993591309
vertex 95.4424057006836 15.087945938110352 -8.849675178527832
vertex 96.33899688720703 15.983288764953613 -8.678082466125488
endloop
endfacet
facet normal -0.4106859782626328 0.9117768508655977 -0.00003852373460092253
outer loop
vertex 97.4000473022461 16.689241409301758 -8.756192207336426
vertex 97.2861557006836 16.637943267822266 -8.724370002746582
vertex 98.44145965576172 17.1583251953125 -8.593019485473633
endloop
endfacet
facet normal 0.6339812823362628 0.7733483908609804 0
outer loop
vertex 83.26202392578125 14.677410125732422 -9.01882266998291
vertex 83.55398559570312 14.438063621520996 -1
vertex 83.55398559570312 14.438063621520996 -9.04672908782959
endloop
endfacet
facet normal 0.6339693651596214 0.773358160258609 7.254967721664673e-7
outer loop
vertex 83.55398559570312 14.438063621520996 -1
vertex 83.26202392578125 14.677410125732422 -9.01882266998291
vertex 83.19491577148438 14.732422828674316 -9.030899047851562
endloop
endfacet
facet normal 0.7457075101806347 0.6662734493135671 0
outer loop
vertex 83.19491577148438 14.732422828674316 -9.030899047851562
vertex 83.04440307617188 14.900879859924316 -9.021595001220703
vertex 83.19491577148438 14.732422828674316 -1
endloop
endfacet
facet normal 0.7457242457178216 0.6662547180681617 -7.073806146073639e-7
outer loop
vertex 83.19491577148438 14.732422828674316 -1
vertex 83.04440307617188 14.900879859924316 -9.021595001220703
vertex 82.88556671142578 15.078661918640137 -9.011537551879883
endloop
endfacet
facet normal 0.8395910970555254 0.543218915120874 0
outer loop
vertex 82.88556671142578 15.078661918640137 -9.011537551879883
vertex 82.63334655761719 15.468489646911621 -8.928938865661621
vertex 82.88556671142578 15.078661918640137 -1
endloop
endfacet
facet normal 0.9133590967822579 0.40715495861538786 0
outer loop
vertex 82.63334655761719 15.468489646911621 -8.928938865661621
vertex 82.5575180053711 15.638593673706055 -8.87324333190918
vertex 82.63334655761719 15.468489646911621 -1
endloop
endfacet
facet normal 0.3679791723890034 0.9298340328724821 0
outer loop
vertex 84.38591003417969 14.031782150268555 -9.108404159545898
vertex 84.13323211669922 14.131778717041016 -9.071185111999512
vertex 84.38591003417969 14.031782150268555 -1
endloop
endfacet
facet normal 0.2167318360803224 0.9762311771446502 1.5118152084909062e-7
outer loop
vertex 84.55367279052734 13.994537353515625 -9.09803581237793
vertex 84.38591003417969 14.031782150268555 -9.108404159545898
vertex 84.90498352050781 13.916542053222656 -1
endloop
endfacet
facet normal 0.21673202213143825 0.9762311358396728 0
outer loop
vertex 84.90498352050781 13.916542053222656 -9.130857467651367
vertex 84.64417266845703 13.974444389343262 -9.113101959228516
vertex 84.90498352050781 13.916542053222656 -1
endloop
endfacet
facet normal 0.21674412752360334 0.9762284482557682 -4.083314924708522e-7
outer loop
vertex 84.90498352050781 13.916542053222656 -1
vertex 84.64417266845703 13.974444389343262 -9.113101959228516
vertex 84.55367279052734 13.994537353515625 -9.09803581237793
endloop
endfacet
facet normal 0.36800246621990634 0.9298248140667418 -0.0000013475399768016277
outer loop
vertex 84.01826477050781 14.177275657653809 -9.081595420837402
vertex 83.95418548583984 14.20263671875 -9.074822425842285
vertex 84.38591003417969 14.031782150268555 -1
endloop
endfacet
facet normal 0.367971742799547 0.9298369730769969 2.690191735836617e-7
outer loop
vertex 84.38591003417969 14.031782150268555 -1
vertex 84.13323211669922 14.131778717041016 -9.071185111999512
vertex 84.01826477050781 14.177275657653809 -9.081595420837402
endloop
endfacet
facet normal 0.5070409343717603 0.8619219749323952 2.2729628498411228e-7
outer loop
vertex 83.95418548583984 14.20263671875 -1
vertex 83.86603546142578 14.254494667053223 -9.070847511291504
vertex 83.61027526855469 14.404950141906738 -9.039420127868652
endloop
endfacet
facet normal 0.5070418072044497 0.861921461472456 1.770369489385962e-7
outer loop
vertex 83.61027526855469 14.404950141906738 -9.039420127868652
vertex 83.55398559570312 14.438063621520996 -9.04672908782959
vertex 83.95418548583984 14.20263671875 -1
endloop
endfacet
facet normal 0.5070563946774048 0.8619128799459675 0
outer loop
vertex 83.95418548583984 14.20263671875 -9.074822425842285
vertex 83.86603546142578 14.254494667053223 -9.070847511291504
vertex 83.95418548583984 14.20263671875 -1
endloop
endfacet
facet normal 0.00004146322212272911 -0.9999999991276824 0.000005043439016049517
outer loop
vertex -67.43370819091797 -52.63944625854492 -1
vertex -8.1639986038208 -52.63700866699219 -4.949999809265137
vertex -8.049817085266113 -52.637001037597656 -4.375974655151367
endloop
endfacet
facet normal 0.000040957619921825686 -0.9999999991538248 -0.000003850178138136306
outer loop
vertex -67.43370819091797 -52.63944625854492 -1
vertex -8.049817085266113 -52.637001037597656 -4.375974655151367
vertex -7.724658489227295 -52.63698959350586 -3.8893399238586426
endloop
endfacet
facet normal 0.00004101229375695424 -0.9999999991552958 -0.0000027203274381538045
outer loop
vertex -67.43370819091797 -52.63944625854492 -1
vertex -7.724658489227295 -52.63698959350586 -3.8893399238586426
vertex -7.238023281097412 -52.63697052001953 -3.564180612564087
endloop
endfacet
facet normal 0.00004207894593549798 -0.9999999988655904 0.00002231997543700985
outer loop
vertex -67.43370819091797 -52.63944625854492 -1
vertex -7.238023281097412 -52.63697052001953 -3.564180612564087
vertex -6.663998126983643 -52.63694381713867 -3.450000047683716
endloop
endfacet
facet normal 0.000041007995570618806 -0.9999999991501671 -0.000004243837874029823
outer loop
vertex -6.663998126983643 -52.63694381713867 -3.450000047683716
vertex 5.336001873016357 -52.636451721191406 -3.450000047683716
vertex -67.43370819091797 -52.63944625854492 -1
endloop
endfacet
facet normal 0.9133506233845556 0.4071739662144437 4.922742072185789e-7
outer loop
vertex 82.63334655761719 15.468489646911621 -1
vertex 82.5575180053711 15.638593673706055 -8.87324333190918
vertex 82.50465393066406 15.75717544555664 -8.822005271911621
endloop
endfacet
facet normal 0.9133546626128315 0.40716490551543416 9.141612562271174e-8
outer loop
vertex 82.63334655761719 15.468489646911621 -1
vertex 82.50465393066406 15.75717544555664 -8.822005271911621
vertex 82.44429779052734 15.892566680908203 -8.795077323913574
endloop
endfacet
facet normal 0.9652476556948026 0.2613368768002095 0
outer loop
vertex 82.44429779052734 15.892566680908203 -8.795077323913574
vertex 82.37364196777344 16.153533935546875 -8.70015811920166
vertex 82.44429779052734 15.892566680908203 -1
endloop
endfacet
facet normal 0.965240673823991 0.2613626629703026 9.379879908403738e-7
outer loop
vertex 82.44429779052734 15.892566680908203 -1
vertex 82.37364196777344 16.153533935546875 -8.70015811920166
vertex 82.32295227050781 16.340736389160156 -8.672701835632324
endloop
endfacet
facet normal 0.9940106835227378 0.10928294030936207 0
outer loop
vertex 82.32295227050781 16.340736389160156 -8.672701835632324
vertex 82.29986572265625 16.55072593688965 -8.60811996459961
vertex 82.32295227050781 16.340736389160156 -1
endloop
endfacet
facet normal 0.9940148725312814 0.10924483139026275 -0.0000010645447850461007
outer loop
vertex 82.32295227050781 16.340736389160156 -1
vertex 82.29986572265625 16.55072593688965 -8.60811996459961
vertex 82.286376953125 16.673460006713867 -8.584412574768066
endloop
endfacet
facet normal 0.9940110616958223 0.10927950048439342 4.747450172666318e-7
outer loop
vertex 82.32295227050781 16.340736389160156 -1
vertex 82.286376953125 16.673460006713867 -8.584412574768066
vertex 82.272216796875 16.802261352539062 -8.573429107666016
endloop
endfacet
facet normal 0.9989682670591876 -0.04541366984470195 0
outer loop
vertex 82.28333282470703 17.046781539916992 -8.510032653808594
vertex 82.272216796875 16.802261352539062 -1
vertex 82.272216796875 16.802261352539062 -8.573429107666016
endloop
endfacet
facet normal 0.9989694692185836 -0.045387218116960996 8.630248308847854e-7
outer loop
vertex 82.272216796875 16.802261352539062 -1
vertex 82.28333282470703 17.046781539916992 -8.510032653808594
vertex 82.29329681396484 17.266088485717773 -8.497143745422363
endloop
endfacet
facet normal 0.9848612408679316 -0.17334455929182785 0
outer loop
vertex 82.29329681396484 17.266088485717773 -8.497143745422363
vertex 82.31332397460938 17.379873275756836 -8.470728874206543
vertex 82.29329681396484 17.266088485717773 -1
endloop
endfacet
facet normal 0.9848691993168947 -0.1732993370916189 7.101025590767838e-7
outer loop
vertex 82.29329681396484 17.266088485717773 -1
vertex 82.31332397460938 17.379873275756836 -8.470728874206543
vertex 84.25728607177734 28.42751693725586 -7.162717819213867
endloop
endfacet
facet normal -0.6662778664372196 0.7457035635527891 7.335276416904782e-7
outer loop
vertex 94.11908721923828 13.369935989379883 -9.223554611206055
vertex 94.02933502197266 13.289743423461914 -9.251265525817871
vertex 94.37557220458984 13.59909439086914 -1
endloop
endfacet
facet normal -0.6662705591180954 0.745710092497316 3.2368295905676755e-7
outer loop
vertex 94.27175903320312 13.506343841552734 -9.153143882751465
vertex 94.11908721923828 13.369935989379883 -9.223554611206055
vertex 94.37557220458984 13.59909439086914 -1
endloop
endfacet
facet normal -0.666256422564039 0.7457227228616335 0
outer loop
vertex 94.37557220458984 13.59909439086914 -9.135773658752441
vertex 94.27175903320312 13.506343841552734 -9.153143882751465
vertex 94.37557220458984 13.59909439086914 -1
endloop
endfacet
facet normal 0.000041151132481395184 -0.9999999991532922 7.603466607621816e-9
outer loop
vertex 5.336001873016357 -52.636451721191406 -3.450000047683716
vertex 29.80826759338379 -52.63544464111328 -1
vertex -67.43370819091797 -52.63944625854492 -1
endloop
endfacet
facet normal -0.7733508818386493 0.6339782437586567 -2.6898276208604084e-7
outer loop
vertex 94.56395721435547 13.828893661499023 -9.044379234313965
vertex 94.37557220458984 13.59909439086914 -9.135773658752441
vertex 94.66992950439453 13.958166122436523 -1
endloop
endfacet
facet normal -0.7733590884353145 0.6339682329064282 0
outer loop
vertex 94.66992950439453 13.958166122436523 -9.029220581054688
vertex 94.56395721435547 13.828893661499023 -9.044379234313965
vertex 94.66992950439453 13.958166122436523 -1
endloop
endfacet
facet normal -0.46980480423063814 0.8827703204920178 -0.00008473625094878192
outer loop
vertex -136.73031616210938 11.170598030090332 -9.277050971984863
vertex -137.63314819335938 10.690102577209473 -9.422198295593262
vertex -137.74671936035156 10.62966251373291 -9.403485298156738
endloop
endfacet
facet normal -0.8254933177855124 0.5644118906339014 0.0000015912404418380423
outer loop
vertex 94.77921295166016 14.118000984191895 -8.99217414855957
vertex 94.66992950439453 13.958166122436523 -9.029220581054688
vertex 95.4424057006836 15.087945938110352 -1
endloop
endfacet
facet normal -0.8254872088783607 0.5644208252520577 0
outer loop
vertex 95.4424057006836 15.087945938110352 -8.849675178527832
vertex 94.77921295166016 14.118000984191895 -8.99217414855957
vertex 95.4424057006836 15.087945938110352 -1
endloop
endfacet
facet normal -0.7066140002854742 0.7075992189089528 0
outer loop
vertex 96.33899688720703 15.983288764953613 -8.678082466125488
vertex 95.4424057006836 15.087945938110352 -8.849675178527832
vertex 96.33899688720703 15.983288764953613 -1
endloop
endfacet
facet normal -0.6202021652824903 0.7844420128734668 -0.000051165754235346225
outer loop
vertex -137.74671936035156 10.62966251373291 -9.403485298156738
vertex -138.599609375 9.955338478088379 -9.479122161865234
vertex -138.7406768798828 9.843809127807617 -9.438783645629883
endloop
endfacet
facet normal 0.17437563737200226 0.9846792051684182 0
outer loop
vertex 119.79327392578125 14.224435806274414 -8.902153015136719
vertex 101.78193664550781 17.41404151916504 -8.616519927978516
vertex 101.78193664550781 17.41404151916504 -1
endloop
endfacet
facet normal 0.33934720223301074 0.9406611910441656 0
outer loop
vertex 135.81495666503906 11.387176513671875 -9.156232833862305
vertex 136.8980255126953 10.996455192565918 -1
vertex 136.8980255126953 10.996455192565918 -9.37147045135498
endloop
endfacet
facet normal 0.503627661964888 0.8639208170334712 0
outer loop
vertex 136.8980255126953 10.996455192565918 -9.37147045135498
vertex 137.99269104003906 10.35831356048584 -1
vertex 137.99269104003906 10.35831356048584 -9.322491645812988
endloop
endfacet
facet normal 0.7766175466427434 0.6299723694310778 0
outer loop
vertex 138.86756896972656 9.609801292419434 -9.458666801452637
vertex 139.66580200195312 8.625755310058594 -1
vertex 139.66580200195312 8.625755310058594 -9.452455520629883
endloop
endfacet
facet normal 0.650098616565828 0.7598498461796229 0
outer loop
vertex 137.99269104003906 10.35831356048584 -9.322491645812988
vertex 138.86756896972656 9.609801292419434 -1
vertex 138.86756896972656 9.609801292419434 -9.458666801452637
endloop
endfacet
facet normal 0.8768204459256634 0.4808179547466179 0
outer loop
vertex 139.66580200195312 8.625755310058594 -9.452455520629883
vertex 140.2194061279297 7.616201877593994 -1
vertex 140.2194061279297 7.616201877593994 -9.62073040008545
endloop
endfacet
facet normal 0.9492250823454117 0.31459774799917795 4.3839848512096114e-7
outer loop
vertex 140.61802673339844 6.413445472717285 -1
vertex 140.5458221435547 6.631318092346191 -9.731202125549316
vertex 140.2194061279297 7.616201877593994 -9.62073040008545
endloop
endfacet
facet normal -0.5685811068524563 0.8226272089655409 0
outer loop
vertex 97.2861557006836 16.637943267822266 -8.724370002746582
vertex 96.33899688720703 15.983288764953613 -8.678082466125488
vertex 97.2861557006836 16.637943267822266 -1
endloop
endfacet
facet normal 0.17443392994099646 0.9846612405209099 0.00387885307306112
outer loop
vertex 135.81495666503906 11.387176513671875 -9.156232833862305
vertex 121.75898742675781 13.876330375671387 -8.93332576751709
vertex 121.75691986083984 13.855293273925781 -3.5
endloop
endfacet
facet normal 0.9492303286889803 0.31458191794349927 0
outer loop
vertex 140.61802673339844 6.413445472717285 -9.696043014526367
vertex 140.5458221435547 6.631318092346191 -9.731202125549316
vertex 140.61802673339844 6.413445472717285 -1
endloop
endfacet
facet normal 0.9902001728196874 0.13965535345220728 0
outer loop
vertex 140.61802673339844 6.413445472717285 -9.696043014526367
vertex 140.77882385253906 5.273343563079834 -1
vertex 140.77882385253906 5.273343563079834 -9.731573104858398
endloop
endfacet
facet normal -0.41068961972820756 0.9117752114679912 0
outer loop
vertex 98.44145965576172 17.1583251953125 -8.593019485473633
vertex 97.2861557006836 16.637943267822266 -8.724370002746582
vertex 98.44145965576172 17.1583251953125 -1
endloop
endfacet
facet normal -0.8575481787860624 0.5144036554258468 -0.000018580481618653597
outer loop
vertex -139.5000762939453 8.978365898132324 -9.418904304504395
vertex -140.0439910888672 8.071613311767578 -9.618209838867188
vertex -140.15187072753906 7.891770839691162 -9.598692893981934
endloop
endfacet
facet normal 0.9996759627096308 -0.025455246566422052 -0.0000016779492302060068
outer loop
vertex 140.75193786621094 4.216904163360596 -1
vertex 140.75755310058594 4.438011646270752 -9.898162841796875
vertex 140.77882385253906 5.273343563079834 -9.731573104858398
endloop
endfacet
facet normal 0.9996776787888592 -0.02538776341701806 0
outer loop
vertex 140.75755310058594 4.438011646270752 -9.898162841796875
vertex 140.75193786621094 4.216904163360596 -1
vertex 140.75193786621094 4.216904163360596 -9.890679359436035
endloop
endfacet
facet normal -0.06168459989452846 0.9980956918732051 0
outer loop
vertex 100.82361602783203 17.51384925842285 -8.687440872192383
vertex 99.6098403930664 17.43883514404297 -8.699921607971191
vertex 100.82361602783203 17.51384925842285 -1
endloop
endfacet
facet normal -0.24089663976707787 0.9705507760797116 0
outer loop
vertex 99.5589370727539 17.43568992614746 -8.684556007385254
vertex 98.44145965576172 17.1583251953125 -8.593019485473633
vertex 99.5589370727539 17.43568992614746 -1
endloop
endfacet
facet normal 0.9902748165755724 -0.13912507917775466 0
outer loop
vertex 140.68458557128906 3.7374989986419678 -1
vertex 140.68458557128906 3.7374989986419678 -9.92808723449707
vertex 140.75193786621094 4.216904163360596 -9.890679359436035
endloop
endfacet
facet normal -0.9363432656385663 0.35108586871291353 0.0000410293105789611
outer loop
vertex -140.47572326660156 7.028069972991943 -9.695572853088379
vertex -140.5561065673828 6.813683986663818 -9.658333778381348
vertex -140.15187072753906 7.891770839691162 -9.598692893981934
endloop
endfacet
facet normal -0.0616711022738495 0.9980965259631789 -0.000002135820657070103
outer loop
vertex 99.6098403930664 17.43883514404297 -8.699921607971191
vertex 99.5589370727539 17.43568992614746 -8.684556007385254
vertex 100.82361602783203 17.51384925842285 -1
endloop
endfacet
facet normal 1.517001719632246e-7 0.11146899811331357 -0.9937679117679293
outer loop
vertex 31.43189239501953 -51.04340744018555 -17.114547729492188
vertex 30.33467674255371 -51.27804946899414 -17.140867233276367
vertex 18.836002349853516 -31.43544578552246 -14.915163040161133
endloop
endfacet
facet normal -5.834255987239188e-7 0.11146708234398092 -0.9937681266539895
outer loop
vertex 19.02734375 -16.4735050201416 -13.236912727355957
vertex 130.1430206298828 -50.94791793823242 -17.103837966918945
vertex 19.189556121826172 -16.581892013549805 -13.249070167541504
endloop
endfacet
facet normal 2.0507816504097222e-7 0.11146856543699957 -0.9937679603002783
outer loop
vertex -120.99173736572266 13.164727210998535 -9.91245174407959
vertex -139.78921508789062 4.786625385284424 -10.85220718383789
vertex -121.17933654785156 13.221632957458496 -9.906068801879883
endloop
endfacet
facet normal 2.3774826683476482e-7 0.11146848211314452 -0.9937679696465042
outer loop
vertex -139.78921508789062 4.786625385284424 -10.85220718383789
vertex -120.79664611816406 13.145512580871582 -9.914607048034668
vertex -120.6015625 13.164727210998535 -9.91245174407959
endloop
endfacet
facet normal -1.507901730841269e-7 0.11146935395794695 -0.9937678718534702
outer loop
vertex -139.78921508789062 4.786625385284424 -10.85220718383789
vertex -120.99173736572266 13.164727210998535 -9.91245174407959
vertex -120.79664611816406 13.145512580871582 -9.914607048034668
endloop
endfacet
facet normal -0.0000016003527852896799 0.11147221935210497 -0.9937675504413269
outer loop
vertex -135.44471740722656 10.898366928100586 -10.166665077209473
vertex -138.02316284179688 9.497804641723633 -10.323763847351074
vertex -137.23611450195312 10.120064735412598 -10.253965377807617
endloop
endfacet
facet normal -5.772731409069321e-8 0.11146904530044731 -0.9937679064750499
outer loop
vertex -139.78921508789062 4.786625385284424 -10.85220718383789
vertex -135.44471740722656 10.898366928100586 -10.166665077209473
vertex -121.3333969116211 13.303983688354492 -9.896832466125488
endloop
endfacet
facet normal 6.460299616018924e-7 0.11146813513212406 -0.9937680085662596
outer loop
vertex -135.44471740722656 10.898366928100586 -10.166665077209473
vertex -139.27821350097656 7.761744022369385 -10.51849365234375
vertex -138.02316284179688 9.497804641723633 -10.323763847351074
endloop
endfacet
facet normal -1.6746469615931285e-7 0.11146911700981267 -0.9937678984315325
outer loop
vertex -135.44471740722656 10.898366928100586 -10.166665077209473
vertex -139.59091186523438 6.927806854248047 -10.612034797668457
vertex -139.27821350097656 7.761744022369385 -10.51849365234375
endloop
endfacet
facet normal -1.8364582092957764e-7 0.11146913369674594 -0.9937678965597868
outer loop
vertex -139.78921508789062 4.786625385284424 -10.85220718383789
vertex -139.59091186523438 6.927806854248047 -10.612034797668457
vertex -135.44471740722656 10.898366928100586 -10.166665077209473
endloop
endfacet
facet normal -5.618425247664089e-7 0.1114683003717856 -0.9937679900318331
outer loop
vertex 134.82688903808594 -23.523054122924805 -14.0276460647583
vertex 134.7825164794922 -24.03232192993164 -14.084769248962402
vertex 93.54659271240234 12.39086627960205 -9.99925422668457
endloop
endfacet
facet normal -1.0096779053807998e-7 0.11146894061933087 -0.9937679182169215
outer loop
vertex 139.76547241210938 4.603758335113525 -10.872718811035156
vertex 134.82688903808594 -23.523054122924805 -14.0276460647583
vertex 136.5083465576172 10.408562660217285 -10.22160530090332
endloop
endfacet
facet normal 1.639792983907494e-8 0.11146894205331345 -0.9937679180560796
outer loop
vertex -0.517551600933075 -31.288999557495117 -14.898736000061035
vertex -67.26988983154297 -51.332401275634766 -17.14696502685547
vertex -81.58399200439453 16.954044342041016 -9.487412452697754
endloop
endfacet
facet normal -0.0000050315348188598154 0.11146056502107982 -0.9937688576423923
outer loop
vertex -0.6259379386901855 -31.126787185668945 -14.880541801452637
vertex -0.517551600933075 -31.288999557495117 -14.898736000061035
vertex -81.58399200439453 16.954044342041016 -9.487412452697754
endloop
endfacet
facet normal 2.2294289164512384e-7 0.11146930253451298 -0.9937678776215396
outer loop
vertex -0.6639981865882874 -30.93544578552246 -14.859079360961914
vertex -0.6259379386901855 -31.126787185668945 -14.880541801452637
vertex -81.58399200439453 16.954044342041016 -9.487412452697754
endloop
endfacet
facet normal 7.941840503234029e-8 0.11146971508977459 -0.9937678313458321
outer loop
vertex -26.98855209350586 51.787315368652344 -5.580235004425049
vertex -31.862041473388672 52.7149658203125 -5.476181983947754
vertex -27.842008590698242 52.31371307373047 -5.5211896896362305
endloop
endfacet
facet normal -1.7873134979224288e-8 0.11146875246597279 -0.9937679393216906
outer loop
vertex -31.862041473388672 52.7149658203125 -5.476181983947754
vertex -29.85403060913086 52.8853759765625 -5.457067489624023
vertex -27.842008590698242 52.31371307373047 -5.5211896896362305
endloop
endfacet
facet normal -1.2680057770307636e-7 0.11146864516259736 -0.9937679513576592
outer loop
vertex -25.64095115661621 50.36656188964844 -5.739597797393799
vertex -31.862041473388672 52.7149658203125 -5.476181983947754
vertex -26.98855209350586 51.787315368652344 -5.580235004425049
endloop
endfacet
facet normal -4.251102960208302e-9 0.11146896577115675 -0.9937679153956969
outer loop
vertex -25.64095115661621 50.36656188964844 -5.739597797393799
vertex -47.4441032409668 43.99563217163086 -6.454212188720703
vertex -31.862041473388672 52.7149658203125 -5.476181983947754
endloop
endfacet
facet normal 7.414513173254977e-10 0.11146894889750007 -0.9937679172883811
outer loop
vertex -16.81106185913086 35.11432647705078 -7.45041036605835
vertex -47.4441032409668 43.99563217163086 -6.454212188720703
vertex -25.64095115661621 50.36656188964844 -5.739597797393799
endloop
endfacet
facet normal 2.4447681813287434e-9 0.11146893161638342 -0.9937679192267689
outer loop
vertex -0.6639981865882874 -16.93544578552246 -13.288727760314941
vertex -0.6639981865882874 -30.93544578552246 -14.859079360961914
vertex -83.52352905273438 29.382966995239258 -8.09328556060791
endloop
endfacet
facet normal 1.6883395316947983e-7 0.1114692255734007 -0.9937678862541485
outer loop
vertex -0.6259379386901855 -16.744104385375977 -13.267265319824219
vertex -0.6639981865882874 -16.93544578552246 -13.288727760314941
vertex -83.52352905273438 29.382966995239258 -8.09328556060791
endloop
endfacet
facet normal -2.607833703297112e-8 0.11146907882511473 -0.9937679027146528
outer loop
vertex -100.10985565185547 16.92205238342285 -9.491000175476074
vertex -139.78921508789062 4.786625385284424 -10.85220718383789
vertex -120.6015625 13.164727210998535 -9.91245174407959
endloop
endfacet
facet normal 2.9951139305955593e-7 0.11146945750320718 -0.9937678602389247
outer loop
vertex -0.517551600933075 -16.581892013549805 -13.249070167541504
vertex -0.6259379386901855 -16.744104385375977 -13.267265319824219
vertex -83.52352905273438 29.382966995239258 -8.09328556060791
endloop
endfacet
facet normal 4.884695119221898e-7 0.11146630745118558 -0.9937682135704278
outer loop
vertex -100.10985565185547 16.92205238342285 -9.491000175476074
vertex -120.6015625 13.164727210998535 -9.91245174407959
vertex -120.4139633178711 13.221632957458496 -9.906068801879883
endloop
endfacet
facet normal -9.496782647330228e-8 0.11146946898020216 -0.9937678589516078
outer loop
vertex -100.10985565185547 16.92205238342285 -9.491000175476074
vertex -120.4139633178711 13.221632957458496 -9.906068801879883
vertex -120.24108123779297 13.314043045043945 -9.895703315734863
endloop
endfacet
facet normal 2.69139964221912e-7 0.11146746264957663 -0.9937680839966601
outer loop
vertex -100.10985565185547 16.92205238342285 -9.491000175476074
vertex -120.24108123779297 13.314043045043945 -9.895703315734863
vertex -120.08954620361328 13.438405990600586 -9.881753921508789
endloop
endfacet
facet normal -4.33780258390328e-7 0.11147144400222014 -0.9937676374142357
outer loop
vertex -100.10985565185547 16.92205238342285 -9.491000175476074
vertex -120.08954620361328 13.438405990600586 -9.881753921508789
vertex -120.0154800415039 13.528655052185059 -9.871630668640137
endloop
endfacet
facet normal -3.0008302296563633e-7 0.11146838817515074 -0.9937679801832738
outer loop
vertex -0.355339914560318 -16.4735050201416 -13.236912727355957
vertex -0.517551600933075 -16.581892013549805 -13.249070167541504
vertex -83.52352905273438 29.382966995239258 -8.09328556060791
endloop
endfacet
facet normal 0.000002187021119791213 0.1114728428951845 -0.9937674804963595
outer loop
vertex -0.16399818658828735 -16.43544578552246 -13.232643127441406
vertex -0.355339914560318 -16.4735050201416 -13.236912727355957
vertex -83.52352905273438 29.382966995239258 -8.09328556060791
endloop
endfacet
facet normal 0 0.11146891338860897 -0.9937679212713413
outer loop
vertex -83.52352905273438 29.382966995239258 -8.09328556060791
vertex 18.836002349853516 -16.43544578552246 -13.232643127441406
vertex -0.16399818658828735 -16.43544578552246 -13.232643127441406
endloop
endfacet
facet normal -0.0000053604791531900766 0.11145708672740293 -0.9937692477580021
outer loop
vertex 18.836002349853516 -16.43544578552246 -13.232643127441406
vertex -83.52352905273438 29.382966995239258 -8.09328556060791
vertex 19.02734375 -16.4735050201416 -13.236912727355957
endloop
endfacet
facet normal -4.2945511262044385e-8 0.11146881654019929 -0.9937679321346233
outer loop
vertex 134.83990478515625 -24.610671997070312 -14.149641990661621
vertex 135.49061584472656 -27.859722137451172 -14.514081001281738
vertex -47.4441032409668 43.99563217163086 -6.454212188720703
endloop
endfacet
facet normal 1.918679797342839e-8 0.11146897568565133 -0.9937679142836074
outer loop
vertex 135.49061584472656 -27.859722137451172 -14.514081001281738
vertex 135.28851318359375 -46.72948455810547 -16.630664825439453
vertex -47.88488006591797 43.79401779174805 -6.4768266677856445
endloop
endfacet
facet normal 0.000001007881422321208 0.11147207062119134 -0.9937675671254362
outer loop
vertex -15.230215072631836 33.70863342285156 -7.608084201812744
vertex -47.4441032409668 43.99563217163086 -6.454212188720703
vertex -15.745643615722656 33.982418060302734 -7.57737398147583
endloop
endfacet
facet normal -0.000011568994784073907 0.11143317523639164 -0.9937719292286807
outer loop
vertex -47.4441032409668 43.99563217163086 -6.454212188720703
vertex -15.230215072631836 33.70863342285156 -7.608084201812744
vertex -15.060702323913574 33.64478302001953 -7.615245819091797
endloop
endfacet
facet normal 3.2239318533899184e-8 0.1114690061868152 -0.9937679108623516
outer loop
vertex -16.402536392211914 34.566139221191406 -7.511898994445801
vertex -47.4441032409668 43.99563217163086 -6.454212188720703
vertex -16.705766677856445 34.94576644897461 -7.4693169593811035
endloop
endfacet
facet normal 3.1251601076750293e-7 0.11146991738363682 -0.9937678086547117
outer loop
vertex -16.264951705932617 34.420204162597656 -7.528268337249756
vertex -47.4441032409668 43.99563217163086 -6.454212188720703
vertex -16.402536392211914 34.566139221191406 -7.511898994445801
endloop
endfacet
facet normal -9.301825226805303e-7 0.11146577788800885 -0.993768272968581
outer loop
vertex -16.705766677856445 34.94576644897461 -7.4693169593811035
vertex -47.4441032409668 43.99563217163086 -6.454212188720703
vertex -16.81106185913086 35.11432647705078 -7.45041036605835
endloop
endfacet
facet normal -3.5202905704580773e-7 0.11146778040349149 -0.9937680483552462
outer loop
vertex -16.197420120239258 34.350868225097656 -7.536045551300049
vertex -47.4441032409668 43.99563217163086 -6.454212188720703
vertex -16.264951705932617 34.420204162597656 -7.528268337249756
endloop
endfacet
facet normal 1.7673959319491757e-7 0.11146947219944564 -0.9937678585904989
outer loop
vertex -47.4441032409668 43.99563217163086 -6.454212188720703
vertex -16.197420120239258 34.350868225097656 -7.536045551300049
vertex -15.745643615722656 33.982418060302734 -7.57737398147583
endloop
endfacet
facet normal 0 0.11146897358439758 -0.993767914519301
outer loop
vertex 18.836002349853516 -31.43544578552246 -14.915163040161133
vertex -67.26988983154297 -51.332401275634766 -17.14696502685547
vertex -0.16399818658828735 -31.43544578552246 -14.915163040161133
endloop
endfacet
facet normal -0.00000199733022046297 0.11147556521958933 -0.9937671751245278
outer loop
vertex -0.355339914560318 -31.397384643554688 -14.910894393920898
vertex -67.26988983154297 -51.332401275634766 -17.14696502685547
vertex -0.517551600933075 -31.288999557495117 -14.898736000061035
endloop
endfacet
facet normal 0.000001854049140318075 0.11146279818046825 -0.9937686071809386
outer loop
vertex -67.26988983154297 -51.332401275634766 -17.14696502685547
vertex -0.355339914560318 -31.397384643554688 -14.910894393920898
vertex -0.16399818658828735 -31.43544578552246 -14.915163040161133
endloop
endfacet
facet normal 1.2853218585068966e-8 0.11146891865206021 -0.9937679206809507
outer loop
vertex 30.33467674255371 -51.27804946899414 -17.140867233276367
vertex -67.26988983154297 -51.332401275634766 -17.14696502685547
vertex 18.836002349853516 -31.43544578552246 -14.915163040161133
endloop
endfacet
facet normal -0.0000010706566072980006 0.11146871701782544 -0.9937679432972537
outer loop
vertex -67.26988983154297 -51.332401275634766 -17.14696502685547
vertex -81.62594604492188 16.77399253845215 -9.507608413696289
vertex -81.58399200439453 16.954044342041016 -9.487412452697754
endloop
endfacet
facet normal -9.84287068786663e-7 0.111468734997344 -0.9937679412806205
outer loop
vertex -67.26988983154297 -51.332401275634766 -17.14696502685547
vertex -81.8219223022461 16.03814125061035 -9.590147018432617
vertex -81.62594604492188 16.77399253845215 -9.507608413696289
endloop
endfacet
facet normal 0.0000017435156852867272 0.11146931688136068 -0.993767876010773
outer loop
vertex -67.26988983154297 -51.332401275634766 -17.14696502685547
vertex -81.94962310791016 15.662406921386719 -9.632292747497559
vertex -81.8219223022461 16.03814125061035 -9.590147018432617
endloop
endfacet
facet normal -2.0859366901881722e-7 0.11146889445508516 -0.9937679233950539
outer loop
vertex -67.26988983154297 -51.332401275634766 -17.14696502685547
vertex -82.22512817382812 15.150191307067871 -9.689746856689453
vertex -81.94962310791016 15.662406921386719 -9.632292747497559
endloop
endfacet
facet normal -6.435387115585333e-7 0.11146879783001572 -0.993767934233097
outer loop
vertex -67.26988983154297 -51.332401275634766 -17.14696502685547
vertex -82.59588623046875 14.7012300491333 -9.740105628967285
vertex -82.22512817382812 15.150191307067871 -9.689746856689453
endloop
endfacet
facet normal 9.018905159017019e-7 0.11146912409266634 -0.9937678976366665
outer loop
vertex -82.59588623046875 14.7012300491333 -9.740105628967285
vertex -67.75533294677734 -51.38007736206055 -17.152311325073242
vertex -82.79710388183594 14.518757820129395 -9.760573387145996
endloop
endfacet
facet normal 2.10275509974839e-7 0.11146896818931136 -0.9937679151244349
outer loop
vertex -67.75533294677734 -51.38007736206055 -17.152311325073242
vertex -83.31555938720703 14.090052604675293 -9.808660507202148
vertex -82.79710388183594 14.518757820129395 -9.760573387145996
endloop
endfacet
facet normal -0.0000010360944011087146 0.11146867564631695 -0.9937679479378386
outer loop
vertex -67.75533294677734 -51.38007736206055 -17.152311325073242
vertex -83.56612396240234 13.904072761535645 -9.829521179199219
vertex -83.31555938720703 14.090052604675293 -9.808660507202148
endloop
endfacet
facet normal 4.240625820813133e-7 0.11146902487942185 -0.9937679087655482
outer loop
vertex -67.75533294677734 -51.38007736206055 -17.152311325073242
vertex -84.08155059814453 13.630287170410156 -9.860231399536133
vertex -83.56612396240234 13.904072761535645 -9.829521179199219
endloop
endfacet
facet normal 4.334330364150273e-7 0.11146902720340773 -0.9937679085048671
outer loop
vertex -67.75533294677734 -51.38007736206055 -17.152311325073242
vertex -84.64082336425781 13.461690902709961 -9.879142761230469
vertex -84.08155059814453 13.630287170410156 -9.860231399536133
endloop
endfacet
facet normal -2.6301715715291893e-7 0.11146884809382492 -0.9937679285952865
outer loop
vertex -67.75533294677734 -51.38007736206055 -17.152311325073242
vertex -84.6764907836914 13.454863548278809 -9.879908561706543
vertex -84.64082336425781 13.461690902709961 -9.879142761230469
endloop
endfacet
facet normal 1.1615409360640579e-8 0.11146891887910665 -0.9937679206554834
outer loop
vertex -67.75533294677734 -51.38007736206055 -17.152311325073242
vertex -91.19468688964844 12.248257637023926 -10.015251159667969
vertex -84.6764907836914 13.454863548278809 -9.879908561706543
endloop
endfacet
facet normal -0.0000010600772473577818 0.11146852899515486 -0.9937679643873276
outer loop
vertex -67.75533294677734 -51.38007736206055 -17.152311325073242
vertex -91.74063110351562 12.19815731048584 -10.020870208740234
vertex -91.19468688964844 12.248257637023926 -10.015251159667969
endloop
endfacet
facet normal 8.966125077921777e-7 0.11146838425340233 -0.9937679806228071
outer loop
vertex -91.74063110351562 12.19815731048584 -10.020870208740234
vertex -131.29489135742188 -50.74338912963867 -17.080896377563477
vertex -92.18212890625 12.241369247436523 -10.016023635864258
endloop
endfacet
facet normal -1.5753987142388628e-7 0.11146903073534906 -0.9937679081087782
outer loop
vertex -92.18212890625 12.241369247436523 -10.016023635864258
vertex -131.29489135742188 -50.74338912963867 -17.080896377563477
vertex -93.0163803100586 12.365959167480469 -10.00204849243164
endloop
endfacet
facet normal -4.237091403489941e-7 0.11146913735381805 -0.9937678961495063
outer loop
vertex -98.16827392578125 16.396259307861328 -9.549978256225586
vertex -131.29489135742188 -50.74338912963867 -17.080896377563477
vertex -100.10985565185547 16.92205238342285 -9.491000175476074
endloop
endfacet
facet normal 3.4109400121813714e-7 0.11146876468965336 -0.993767937950529
outer loop
vertex -96.44720458984375 15.152040481567383 -9.689538955688477
vertex -131.29489135742188 -50.74338912963867 -17.080896377563477
vertex -98.16827392578125 16.396259307861328 -9.549978256225586
endloop
endfacet
facet normal -4.650811515207996e-8 0.11146896711960073 -0.9937679152444434
outer loop
vertex -94.80146026611328 13.315260887145996 -9.895566940307617
vertex -131.29489135742188 -50.74338912963867 -17.080896377563477
vertex -96.44720458984375 15.152040481567383 -9.689538955688477
endloop
endfacet
facet normal -5.149374685013425e-7 0.11146923937982912 -0.993767884705386
outer loop
vertex -93.71578216552734 12.548271179199219 -9.981598854064941
vertex -131.29489135742188 -50.74338912963867 -17.080896377563477
vertex -94.23120880126953 12.82205581665039 -9.950888633728027
endloop
endfacet
facet normal -4.10370062441196e-7 0.11146917183168187 -0.9937678922821921
outer loop
vertex -94.68299102783203 13.190508842468262 -9.909560203552246
vertex -131.29489135742188 -50.74338912963867 -17.080896377563477
vertex -94.80146026611328 13.315260887145996 -9.895566940307617
endloop
endfacet
facet normal 3.0193145365980185e-7 0.11146876899881693 -0.9937679374671922
outer loop
vertex -131.29489135742188 -50.74338912963867 -17.080896377563477
vertex -94.68299102783203 13.190508842468262 -9.909560203552246
vertex -94.23120880126953 12.82205581665039 -9.950888633728027
endloop
endfacet
facet normal 0.0000012757992184677795 0.11146817215628828 -0.9937680044127546
outer loop
vertex -131.29489135742188 -50.74338912963867 -17.080896377563477
vertex -93.15650939941406 12.379674911499023 -10.000510215759277
vertex -93.0163803100586 12.365959167480469 -10.00204849243164
endloop
endfacet
facet normal -3.908725268689455e-7 0.11146916663218014 -0.9937678928654188
outer loop
vertex -131.29489135742188 -50.74338912963867 -17.080896377563477
vertex -93.71578216552734 12.548271179199219 -9.981598854064941
vertex -93.15650939941406 12.379674911499023 -10.000510215759277
endloop
endfacet
facet normal 2.175237992059176e-8 0.11146892437564553 -0.9937679200389478
outer loop
vertex -100.10985565185547 16.92205238342285 -9.491000175476074
vertex -134.8184356689453 -23.651674270629883 -14.042073249816895
vertex -139.78921508789062 4.786625385284424 -10.85220718383789
endloop
endfacet
facet normal 6.971817581060814e-7 0.11146835376236684 -0.9937679840430671
outer loop
vertex -100.10985565185547 16.92205238342285 -9.491000175476074
vertex -134.7744598388672 -24.158714294433594 -14.098946571350098
vertex -134.8184356689453 -23.651674270629883 -14.042073249816895
endloop
endfacet
facet normal -0.0000019968315479409916 0.11147059876741999 -0.9937677322223969
outer loop
vertex -100.10985565185547 16.92205238342285 -9.491000175476074
vertex -134.8317413330078 -24.736711502075195 -14.163780212402344
vertex -134.7744598388672 -24.158714294433594 -14.098946571350098
endloop
endfacet
facet normal 0.000021914816021025725 0.11145091639906086 -0.9937699395501709
outer loop
vertex -100.10985565185547 16.92205238342285 -9.491000175476074
vertex -134.8485107421875 -24.791658401489258 -14.169942855834961
vertex -134.8317413330078 -24.736711502075195 -14.163780212402344
endloop
endfacet
facet normal -1.1638602187205019e-7 0.1114690357815984 -0.9937679075427558
outer loop
vertex -100.10985565185547 16.92205238342285 -9.491000175476074
vertex -135.49949645996094 -27.768335342407227 -14.503830909729004
vertex -134.8485107421875 -24.791658401489258 -14.169942855834961
endloop
endfacet
facet normal 0.000002324817473533819 0.11146394683418226 -0.9937684783442982
outer loop
vertex -139.78921508789062 4.786625385284424 -10.85220718383789
vertex -121.3333969116211 13.303983688354492 -9.896832466125488
vertex -121.17933654785156 13.221632957458496 -9.906068801879883
endloop
endfacet
facet normal 1.0519740335283286e-8 0.11146893653552963 -0.9937679186749983
outer loop
vertex -100.10985565185547 16.92205238342285 -9.491000175476074
vertex -135.50807189941406 -45.59568405151367 -16.503488540649414
vertex -135.49949645996094 -27.768335342407227 -14.503830909729004
endloop
endfacet
facet normal 2.9230133731957678e-9 0.11146895189555357 -0.9937679169520954
outer loop
vertex 78.30411529541016 -50.9686279296875 -17.10616111755371
vertex 19.189556121826172 -16.581892013549805 -13.249070167541504
vertex 130.1430206298828 -50.94791793823242 -17.103837966918945
endloop
endfacet
facet normal -2.34975220371199e-7 0.11146973665870981 -0.9937678289264463
outer loop
vertex 75.28633117675781 -51.90310287475586 -17.210979461669922
vertex 72.945068359375 -52.29374694824219 -17.254796981811523
vertex 77.24748992919922 -51.16910934448242 -17.12864875793457
endloop
endfacet
facet normal -1.4136046174132327e-8 0.11146889444192168 -0.9937679233965522
outer loop
vertex 19.02734375 -16.4735050201416 -13.236912727355957
vertex -83.52352905273438 29.382966995239258 -8.09328556060791
vertex 130.1430206298828 -50.94791793823242 -17.103837966918945
endloop
endfacet
facet normal -1.5921859582559402e-7 0.11146847918861409 -0.9937679699745572
outer loop
vertex 134.4302215576172 -48.55760192871094 -16.83572006225586
vertex -83.52352905273438 29.382966995239258 -8.09328556060791
vertex 135.28851318359375 -46.72948455810547 -16.630664825439453
endloop
endfacet
facet normal 1.9194951612419392e-7 0.1114694489966808 -0.9937678611931157
outer loop
vertex 132.92724609375 -50.01602554321289 -16.999309539794922
vertex -83.52352905273438 29.382966995239258 -8.09328556060791
vertex 134.4302215576172 -48.55760192871094 -16.83572006225586
endloop
endfacet
facet normal -5.623684816163721e-7 0.11146741818993787 -0.9937680889834173
outer loop
vertex 132.04481506347656 -50.49183654785156 -17.05267906188965
vertex -83.52352905273438 29.382966995239258 -8.09328556060791
vertex 132.92724609375 -50.01602554321289 -16.999309539794922
endloop
endfacet
facet normal 2.6151409624393416e-7 0.11146961542499834 -0.9937678425250711
outer loop
vertex 134.7825164794922 -24.03232192993164 -14.084769248962402
vertex 134.83990478515625 -24.610671997070312 -14.149641990661621
vertex -47.4441032409668 43.99563217163086 -6.454212188720703
endloop
endfacet
facet normal 3.7667556881831517e-7 0.11146992101853716 -0.9937678082469663
outer loop
vertex -83.52352905273438 29.382966995239258 -8.09328556060791
vertex 132.04481506347656 -50.49183654785156 -17.05267906188965
vertex 130.1430206298828 -50.94791793823242 -17.103837966918945
endloop
endfacet
facet normal -1.1643343107641097e-7 0.11146900752462235 -0.9937679107122861
outer loop
vertex -100.10985565185547 16.92205238342285 -9.491000175476074
vertex -135.05116271972656 -47.50088882446289 -16.717191696166992
vertex -135.50807189941406 -45.59568405151367 -16.503488540649414
endloop
endfacet
facet normal 6.820202914685578e-7 0.11146857984522889 -0.9937679586839288
outer loop
vertex -100.10985565185547 16.92205238342285 -9.491000175476074
vertex -134.57412719726562 -48.385616302490234 -16.816429138183594
vertex -135.05116271972656 -47.50088882446289 -16.717191696166992
endloop
endfacet
facet normal 0.0000050060464071487825 0.11148044680956139 -0.9937666275107452
outer loop
vertex 135.28851318359375 -46.72948455810547 -16.630664825439453
vertex -62.94392395019531 38.38550567626953 -7.083488941192627
vertex -62.88591766357422 38.39118194580078 -7.082851886749268
endloop
endfacet
facet normal -2.6637813955922632e-8 0.1114688755163858 -0.99376792551939
outer loop
vertex 135.28851318359375 -46.72948455810547 -16.630664825439453
vertex -62.88591766357422 38.39118194580078 -7.082851886749268
vertex -62.44554901123047 38.513771057128906 -7.069101333618164
endloop
endfacet
facet normal 2.75195910976153e-9 0.11146894284313412 -0.9937679179674871
outer loop
vertex 135.28851318359375 -46.72948455810547 -16.630664825439453
vertex -62.44554901123047 38.513771057128906 -7.069101333618164
vertex -47.88488006591797 43.79401779174805 -6.4768266677856445
endloop
endfacet
facet normal 6.918040754996843e-8 0.11146910203903372 -0.9937679001107889
outer loop
vertex 135.49061584472656 -27.859722137451172 -14.514081001281738
vertex -47.88488006591797 43.79401779174805 -6.4768266677856445
vertex -47.7659797668457 43.840023040771484 -6.47166633605957
endloop
endfacet
facet normal -2.9352907912313376e-7 0.11146818651261949 -0.9937680028032205
outer loop
vertex 135.49061584472656 -27.859722137451172 -14.514081001281738
vertex -47.7659797668457 43.840023040771484 -6.47166633605957
vertex -47.4441032409668 43.99563217163086 -6.454212188720703
endloop
endfacet
facet normal 8.018718790059367e-9 0.1114689448237157 -0.9937679177453292
outer loop
vertex 134.7825164794922 -24.03232192993164 -14.084769248962402
vertex -47.4441032409668 43.99563217163086 -6.454212188720703
vertex -15.060702323913574 33.64478302001953 -7.615245819091797
endloop
endfacet
facet normal -0.0000029603735266435515 0.11146133532006418 -0.9937687712541103
outer loop
vertex -14.0093355178833 33.284706115722656 -7.655634880065918
vertex -13.619576454162598 33.179962158203125 -7.667384147644043
vertex 134.7825164794922 -24.03232192993164 -14.084769248962402
endloop
endfacet
facet normal 0.0000012487810484854099 0.11147211772616418 -0.9937675618413416
outer loop
vertex 134.7825164794922 -24.03232192993164 -14.084769248962402
vertex -13.619576454162598 33.179962158203125 -7.667384147644043
vertex -13.030913352966309 33.12303924560547 -7.673768520355225
endloop
endfacet
facet normal 2.765528654488952e-7 0.11146963379811405 -0.993767840464179
outer loop
vertex -15.060702323913574 33.64478302001953 -7.615245819091797
vertex -14.0093355178833 33.284706115722656 -7.655634880065918
vertex 134.7825164794922 -24.03232192993164 -14.084769248962402
endloop
endfacet
facet normal -7.2647409077927405e-9 0.11146890974175275 -0.9937679216804016
outer loop
vertex 134.7825164794922 -24.03232192993164 -14.084769248962402
vertex -13.030913352966309 33.12303924560547 -7.673768520355225
vertex 13.282388687133789 33.184783935546875 -7.666842937469482
endloop
endfacet
facet normal 5.313104174501505e-7 0.11147089313708677 -0.9937676992048684
outer loop
vertex 81.84390258789062 15.407011032104492 -9.660940170288086
vertex 14.754372596740723 33.575069427490234 -7.62306547164917
vertex 81.56840515136719 15.91922664642334 -9.603485107421875
endloop
endfacet
facet normal -2.246205001518807e-7 0.11146813138424158 -0.9937680089868335
outer loop
vertex 83.205078125 13.883600234985352 -9.831817626953125
vertex 13.282388687133789 33.184783935546875 -7.666842937469482
vertex 82.7532958984375 14.252053260803223 -9.790489196777344
endloop
endfacet
facet normal -0.0000019615078185752357 0.11146196068470282 -0.993768701115342
outer loop
vertex 13.282388687133789 33.184783935546875 -7.666842937469482
vertex 83.68054962158203 13.622556686401367 -9.861098289489746
vertex 83.85455322265625 13.544351577758789 -9.86987018585205
endloop
endfacet
facet normal -0.0000010540768996599915 0.11146516383586004 -0.9937683418432757
outer loop
vertex 83.54650115966797 13.688020706176758 -9.853754997253418
vertex 13.282388687133789 33.184783935546875 -7.666842937469482
vertex 83.205078125 13.883600234985352 -9.831817626953125
endloop
endfacet
facet normal 6.229005873269674e-7 0.11147120259862013 -0.9937676644924756
outer loop
vertex 82.7532958984375 14.252053260803223 -9.790489196777344
vertex 13.282388687133789 33.184783935546875 -7.666842937469482
vertex 82.49539947509766 14.564342498779297 -9.755459785461426
endloop
endfacet
facet normal -1.7500111203906612e-8 0.11146884957429988 -0.9937679284292594
outer loop
vertex 82.49539947509766 14.564342498779297 -9.755459785461426
vertex 14.416244506835938 33.410301208496094 -7.641547203063965
vertex 81.95677185058594 15.270339965820312 -9.67626953125
endloop
endfacet
facet normal -0.0000018892695969797305 0.1114619670050942 -0.9937687004065815
outer loop
vertex 81.95677185058594 15.270339965820312 -9.67626953125
vertex 14.416244506835938 33.410301208496094 -7.641547203063965
vertex 81.84390258789062 15.407011032104492 -9.660940170288086
endloop
endfacet
facet normal -9.707586010072006e-8 0.1114685447167683 -0.9937679626244331
outer loop
vertex 81.56840515136719 15.91922664642334 -9.603485107421875
vertex 14.754372596740723 33.575069427490234 -7.62306547164917
vertex 81.3927993774414 16.505565643310547 -9.53771686553955
endloop
endfacet
facet normal 5.06603324320158e-7 0.1114708721645498 -0.9937677015573699
outer loop
vertex 81.37371826171875 16.6064510345459 -9.526400566101074
vertex 81.3927993774414 16.505565643310547 -9.53771686553955
vertex 14.754372596740723 33.575069427490234 -7.62306547164917
endloop
endfacet
facet normal 8.33702877820922e-7 0.11147032172671298 -0.9937677632995789
outer loop
vertex -0.6639981865882874 -30.93544578552246 -14.859079360961914
vertex -81.58399200439453 16.954044342041016 -9.487412452697754
vertex -81.52670288085938 17.532041549682617 -9.422578811645508
endloop
endfacet
facet normal -0.0000011927995980699919 0.11146698273869679 -0.993768137825775
outer loop
vertex -81.52670288085938 17.532041549682617 -9.422578811645508
vertex -81.56939697265625 18.031639099121094 -9.366540908813477
vertex -0.6639981865882874 -30.93544578552246 -14.859079360961914
endloop
endfacet
facet normal -2.702123415746482e-9 0.1114689246339383 -0.9937679200099757
outer loop
vertex -83.52352905273438 29.382966995239258 -8.09328556060791
vertex -0.6639981865882874 -30.93544578552246 -14.859079360961914
vertex -81.56939697265625 18.031639099121094 -9.366540908813477
endloop
endfacet
facet normal 7.919875097639204e-8 0.11146915608673955 -0.9937678940483557
outer loop
vertex -83.52352905273438 29.382966995239258 -8.09328556060791
vertex -83.32511901855469 31.525405883789062 -7.852972030639648
vertex 135.28851318359375 -46.72948455810547 -16.630664825439453
endloop
endfacet
facet normal -2.2824839437282174e-8 0.11146887461402856 -0.9937679256206056
outer loop
vertex 135.28851318359375 -46.72948455810547 -16.630664825439453
vertex -83.32511901855469 31.525405883789062 -7.852972030639648
vertex -83.01242065429688 32.359344482421875 -7.759430885314941
endloop
endfacet
facet normal -2.9402983990518654e-8 0.11146885668264463 -0.9937679276319311
outer loop
vertex 135.28851318359375 -46.72948455810547 -16.630664825439453
vertex -83.01242065429688 32.359344482421875 -7.759430885314941
vertex -81.75736236572266 34.09540557861328 -7.564700603485107
endloop
endfacet
facet normal 9.353924084496536e-8 0.11146918272755345 -0.9937678910601019
outer loop
vertex 135.28851318359375 -46.72948455810547 -16.630664825439453
vertex -81.75736236572266 34.09540557861328 -7.564700603485107
vertex -80.97032165527344 34.71766662597656 -7.494902610778809
endloop
endfacet
facet normal 2.184674968589024e-8 0.11146899473460112 -0.9937679121469243
outer loop
vertex 135.28851318359375 -46.72948455810547 -16.630664825439453
vertex -80.97032165527344 34.71766662597656 -7.494902610778809
vertex -79.17581939697266 35.4973258972168 -7.407449722290039
endloop
endfacet
facet normal -2.1164206992725158e-8 0.11146888394712261 -0.993767924573732
outer loop
vertex -79.17581939697266 35.4973258972168 -7.407449722290039
vertex -62.94392395019531 38.38550567626953 -7.083488941192627
vertex 135.28851318359375 -46.72948455810547 -16.630664825439453
endloop
endfacet
facet normal -7.845984222266432e-7 0.1114678767810311 -0.993768037544634
outer loop
vertex 83.85455322265625 13.544351577758789 -9.86987018585205
vertex 84.41382598876953 13.375755310058594 -9.888781547546387
vertex 134.7825164794922 -24.03232192993164 -14.084769248962402
endloop
endfacet
facet normal 0.000003824315068957225 0.11147400541413335 -0.9937673500886938
outer loop
vertex 84.53556060791016 13.363840103149414 -9.890117645263672
vertex 134.7825164794922 -24.03232192993164 -14.084769248962402
vertex 84.41382598876953 13.375755310058594 -9.888781547546387
endloop
endfacet
facet normal -1.5083418126787968e-7 0.11146873061505805 -0.9937679417726478
outer loop
vertex 134.7825164794922 -24.03232192993164 -14.084769248962402
vertex 84.53556060791016 13.363840103149414 -9.890117645263672
vertex 91.94580841064453 12.210354804992676 -10.019502639770508
endloop
endfacet
facet normal 2.5890276593553562e-9 0.11146893040616952 -0.9937679193625162
outer loop
vertex 13.282388687133789 33.184783935546875 -7.666842937469482
vertex 83.85455322265625 13.544351577758789 -9.86987018585205
vertex 134.7825164794922 -24.03232192993164 -14.084769248962402
endloop
endfacet
facet normal 0.000014192299474483327 0.11149745570453977 -0.9937647192218051
outer loop
vertex 83.68054962158203 13.622556686401367 -9.861098289489746
vertex 83.7454833984375 13.60228443145752 -9.863371849060059
vertex 83.85455322265625 13.544351577758789 -9.86987018585205
endloop
endfacet
facet normal 3.57098963264079e-8 0.11146890186801228 -0.9937679225635824
outer loop
vertex 96.1702651977539 14.755404472351074 -9.734028816223145
vertex 97.7825927734375 16.110841751098633 -9.581992149353027
vertex 99.75657653808594 16.8037109375 -9.504274368286133
endloop
endfacet
facet normal -5.731463979309782e-7 0.11146995464835152 -0.99376780447465
outer loop
vertex 96.1702651977539 14.755404472351074 -9.734028816223145
vertex 99.75657653808594 16.8037109375 -9.504274368286133
vertex 100.76545715332031 16.86606216430664 -9.497281074523926
endloop
endfacet
facet normal 5.007697659536984e-7 0.11146949120304271 -0.9937678564587827
outer loop
vertex 134.7825164794922 -24.03232192993164 -14.084769248962402
vertex 91.94580841064453 12.210354804992676 -10.019502639770508
vertex 92.40569305419922 12.165342330932617 -10.024551391601562
endloop
endfacet
facet normal 5.240411118494366e-7 0.11146951810843013 -0.9937678534408325
outer loop
vertex 134.7825164794922 -24.03232192993164 -14.084769248962402
vertex 92.40569305419922 12.165342330932617 -10.024551391601562
vertex 92.98731994628906 12.222270011901855 -10.018165588378906
endloop
endfacet
facet normal 3.4559828554610967e-7 0.11146931495116984 -0.9937678762287486
outer loop
vertex 93.54659271240234 12.39086627960205 -9.99925422668457
vertex 134.7825164794922 -24.03232192993164 -14.084769248962402
vertex 92.98731994628906 12.222270011901855 -10.018165588378906
endloop
endfacet
facet normal 1.637168342422926e-8 0.11146895672666965 -0.9937679164101986
outer loop
vertex 134.82688903808594 -23.523054122924805 -14.0276460647583
vertex 93.54659271240234 12.39086627960205 -9.99925422668457
vertex 93.83350372314453 12.527215957641602 -9.983960151672363
endloop
endfacet
facet normal -8.201172620281044e-7 0.11146801735933891 -0.9937680217763629
outer loop
vertex 134.82688903808594 -23.523054122924805 -14.0276460647583
vertex 93.83350372314453 12.527215957641602 -9.983960151672363
vertex 94.44131469726562 12.856742858886719 -9.946998596191406
endloop
endfacet
facet normal 1.6774103427615873e-8 0.11146893485721128 -0.9937679188632518
outer loop
vertex 136.5083465576172 10.408562660217285 -10.22160530090332
vertex 134.82688903808594 -23.523054122924805 -14.0276460647583
vertex 94.44131469726562 12.856742858886719 -9.946998596191406
endloop
endfacet
facet normal 1.0633950252369329e-7 0.11147045473502898 -0.9937677483804527
outer loop
vertex 136.5083465576172 10.408562660217285 -10.22160530090332
vertex 94.44131469726562 12.856742858886719 -9.946998596191406
vertex 94.6698226928711 12.994178771972656 -9.9315824508667
endloop
endfacet
facet normal -3.902827272257802e-9 0.11146869304046823 -0.9937679459873164
outer loop
vertex 136.5083465576172 10.408562660217285 -10.22160530090332
vertex 94.6698226928711 12.994178771972656 -9.9315824508667
vertex 95.1216049194336 13.362630844116211 -9.890254020690918
endloop
endfacet
facet normal 5.884547679723728e-8 0.11146956122622775 -0.9937678486045061
outer loop
vertex 136.5083465576172 10.408562660217285 -10.22160530090332
vertex 95.1216049194336 13.362630844116211 -9.890254020690918
vertex 95.4420166015625 13.7390718460083 -9.848029136657715
endloop
endfacet
facet normal 3.3084206607371936e-8 0.11146924752771806 -0.9937678837915841
outer loop
vertex 136.5083465576172 10.408562660217285 -10.22160530090332
vertex 95.4420166015625 13.7390718460083 -9.848029136657715
vertex 96.1702651977539 14.755404472351074 -9.734028816223145
endloop
endfacet
facet normal -1.532748381052442e-8 0.1114688038561594 -0.9937679335573656
outer loop
vertex 136.5083465576172 10.408562660217285 -10.22160530090332
vertex 96.1702651977539 14.755404472351074 -9.734028816223145
vertex 120.77613067626953 13.050383567810059 -9.925277709960938
endloop
endfacet
facet normal -0.0000028668686866054576 0.1114682882201861 -0.9937679913908692
outer loop
vertex -67.75533294677734 -51.38007736206055 -17.152311325073242
vertex -82.59588623046875 14.7012300491333 -9.740105628967285
vertex -67.26988983154297 -51.332401275634766 -17.14696502685547
endloop
endfacet
facet normal 1.2395818420091175e-7 0.11146962300512822 -0.9937678416748447
outer loop
vertex 136.5083465576172 10.408562660217285 -10.22160530090332
vertex 120.77613067626953 13.050383567810059 -9.925277709960938
vertex 120.97122192382812 13.069598197937012 -9.92312240600586
endloop
endfacet
facet normal -4.6037937328237283e-7 0.11146631940031843 -0.993768212230163
outer loop
vertex 121.23597717285156 13.167749404907227 -9.912113189697266
vertex 136.5083465576172 10.408562660217285 -10.22160530090332
vertex 121.1588134765625 13.126503944396973 -9.916739463806152
endloop
endfacet
facet normal -1.1200388939045043e-7 0.11146826239993243 -0.9937679942911863
outer loop
vertex 136.5083465576172 10.408562660217285 -10.22160530090332
vertex 120.97122192382812 13.069598197937012 -9.92312240600586
vertex 121.1588134765625 13.126503944396973 -9.916739463806152
endloop
endfacet
facet normal -5.915599345455155e-7 0.11146866876420661 -0.9937679487101533
outer loop
vertex 138.15399169921875 9.249957084655762 -10.351564407348633
vertex 139.76547241210938 4.603758335113525 -10.872718811035156
vertex 136.5083465576172 10.408562660217285 -10.22160530090332
endloop
endfacet
facet normal 4.4006569060806476e-7 0.11146902212585574 -0.9937679090744036
outer loop
vertex 139.64620971679688 6.561269283294678 -10.653148651123047
vertex 139.76547241210938 4.603758335113525 -10.872718811035156
vertex 138.15399169921875 9.249957084655762 -10.351564407348633
endloop
endfacet
facet normal 0.000002549254108402894 0.11147017817705528 -0.9937677793985257
outer loop
vertex 139.64620971679688 6.561269283294678 -10.653148651123047
vertex 138.15399169921875 9.249957084655762 -10.351564407348633
vertex 139.32980346679688 7.51594352722168 -10.546064376831055
endloop
endfacet
facet normal 1.5237738083591695e-7 0.11146898071811522 -0.9937679137191144
outer loop
vertex -67.75533294677734 -51.38007736206055 -17.152311325073242
vertex -72.72926330566406 -52.193050384521484 -17.243501663208008
vertex -91.74063110351562 12.19815731048584 -10.020870208740234
endloop
endfacet
facet normal -2.1802966646732322e-8 0.11146876921269583 -0.9937679374432474
outer loop
vertex 96.1702651977539 14.755404472351074 -9.734028816223145
vertex 100.76545715332031 16.86606216430664 -9.497281074523926
vertex 120.06902313232422 13.343276977539062 -9.892424583435059
endloop
endfacet
facet normal -8.685198818859088e-8 0.11146768200589573 -0.9937680593922432
outer loop
vertex 96.1702651977539 14.755404472351074 -9.734028816223145
vertex 120.06902313232422 13.343276977539062 -9.892424583435059
vertex 120.2205581665039 13.218914031982422 -9.906373977661133
endloop
endfacet
facet normal 4.3636553786174887e-7 0.11147524142827579 -0.9937672114475891
outer loop
vertex 120.77613067626953 13.050383567810059 -9.925277709960938
vertex 96.1702651977539 14.755404472351074 -9.734028816223145
vertex 120.58103942871094 13.069598197937012 -9.92312240600586
endloop
endfacet
facet normal -0.000002734090044208306 0.11146716735398522 -0.9937681171151566
outer loop
vertex 18.836002349853516 -31.43544578552246 -14.915163040161133
vertex 19.02734375 -31.397384643554688 -14.910894393920898
vertex 31.43189239501953 -51.04340744018555 -17.114547729492188
endloop
endfacet
facet normal -9.991484002577579e-8 0.11146757248341778 -0.9937680716770105
outer loop
vertex 96.1702651977539 14.755404472351074 -9.734028816223145
vertex 120.39344787597656 13.126503944396973 -9.916739463806152
vertex 120.58103942871094 13.069598197937012 -9.92312240600586
endloop
endfacet
facet normal 1.9759192524810977e-8 0.1114693300287257 -0.9937678745375836
outer loop
vertex 120.39344787597656 13.126503944396973 -9.916739463806152
vertex 96.1702651977539 14.755404472351074 -9.734028816223145
vertex 120.2205581665039 13.218914031982422 -9.906373977661133
endloop
endfacet
facet normal 8.928880514440093e-7 0.11147371910360733 -0.9937673822119606
outer loop
vertex 120.06902313232422 13.343276977539062 -9.892424583435059
vertex 100.76545715332031 16.86606216430664 -9.497281074523926
vertex 120.0350112915039 13.384723663330078 -9.887775421142578
endloop
endfacet
facet normal -4.013687306459048e-7 0.11146735172979966 -0.9937680964380895
outer loop
vertex 81.37371826171875 16.6064510345459 -9.526400566101074
vertex 14.754372596740723 33.575069427490234 -7.62306547164917
vertex 81.32238006591797 17.153898239135742 -9.464995384216309
endloop
endfacet
facet normal 8.695512238031759e-8 0.11146930669640617 -0.9937678771547281
outer loop
vertex 81.32238006591797 17.153898239135742 -9.464995384216309
vertex 14.754372596740723 33.575069427490234 -7.62306547164917
vertex 81.36382293701172 17.646207809448242 -9.409773826599121
endloop
endfacet
facet normal -0.0000018030096759447528 0.11146853240799007 -0.9937679640034478
outer loop
vertex -76.97899627685547 -51.174922943115234 -17.129301071166992
vertex -77.4461441040039 -51.03409957885742 -17.11350440979004
vertex -91.74063110351562 12.19815731048584 -10.020870208740234
endloop
endfacet
facet normal 5.597680306503355e-7 0.11146905990844969 -0.993767904836342
outer loop
vertex -77.4461441040039 -51.03409957885742 -17.11350440979004
vertex -78.01460266113281 -50.978458404541016 -17.107263565063477
vertex -91.74063110351562 12.19815731048584 -10.020870208740234
endloop
endfacet
facet normal -2.1300299105737945e-7 0.11146887418074869 -0.993767925669183
outer loop
vertex -72.72926330566406 -52.193050384521484 -17.243501663208008
vertex -74.86600494384766 -51.95805358886719 -17.21714210510254
vertex -91.74063110351562 12.19815731048584 -10.020870208740234
endloop
endfacet
facet normal 5.942344056654825e-7 0.11146908386539668 -0.9937679021491166
outer loop
vertex -74.86600494384766 -51.95805358886719 -17.21714210510254
vertex -76.97899627685547 -51.174922943115234 -17.129301071166992
vertex -91.74063110351562 12.19815731048584 -10.020870208740234
endloop
endfacet
facet normal 1.0862427362042758e-9 0.11146894003502039 -0.9937679182824676
outer loop
vertex -78.01460266113281 -50.978458404541016 -17.107263565063477
vertex -131.29489135742188 -50.74338912963867 -17.080896377563477
vertex -91.74063110351562 12.19815731048584 -10.020870208740234
endloop
endfacet
facet normal 0.000004589436989246595 0.1114717339906885 -0.9937676048755294
outer loop
vertex 19.02734375 -31.397384643554688 -14.910894393920898
vertex 19.189556121826172 -31.288999557495117 -14.898736000061035
vertex 31.43189239501953 -51.04340744018555 -17.114547729492188
endloop
endfacet
facet normal -0.00000396254535388468 0.11146649995119431 -0.993768191970808
outer loop
vertex 19.189556121826172 -31.288999557495117 -14.898736000061035
vertex 19.297941207885742 -31.126787185668945 -14.880541801452637
vertex 31.43189239501953 -51.04340744018555 -17.114547729492188
endloop
endfacet
facet normal 4.694223369077799e-7 0.11146916652328055 -0.9937678928775998
outer loop
vertex 19.297941207885742 -31.126787185668945 -14.880541801452637
vertex 19.336002349853516 -30.93544578552246 -14.859079360961914
vertex 31.43189239501953 -51.04340744018555 -17.114547729492188
endloop
endfacet
facet normal -0.000005532659865652632 0.11146696799836618 -0.9937681394644531
outer loop
vertex 31.490219116210938 -51.025821685791016 -17.11257553100586
vertex 31.43189239501953 -51.04340744018555 -17.114547729492188
vertex 19.336002349853516 -16.93544578552246 -13.288727760314941
endloop
endfacet
facet normal 7.385779862983609e-7 0.11146917609857233 -0.993767891803393
outer loop
vertex 32.073524475097656 -50.968894958496094 -17.106189727783203
vertex 31.490219116210938 -51.025821685791016 -17.11257553100586
vertex 19.336002349853516 -16.93544578552246 -13.288727760314941
endloop
endfacet
facet normal -3.449313867789513e-7 0.11147253213051567 -0.9937675153577381
outer loop
vertex 15.428043365478516 33.957584381103516 -7.580159664154053
vertex 15.60534381866455 34.06660079956055 -7.567931175231934
vertex 62.536888122558594 38.43974685668945 -7.077404499053955
endloop
endfacet
facet normal 7.40046719439069e-8 0.11146893161638313 -0.9937679192267662
outer loop
vertex 19.336002349853516 -16.93544578552246 -13.288727760314941
vertex 31.43189239501953 -51.04340744018555 -17.114547729492188
vertex 19.336002349853516 -30.93544578552246 -14.859079360961914
endloop
endfacet
facet normal 8.074067110211727e-8 0.11146802068322807 -0.9937680214038671
outer loop
vertex 62.536888122558594 38.43974685668945 -7.077404499053955
vertex 15.60534381866455 34.06660079956055 -7.567931175231934
vertex 16.057119369506836 34.435054779052734 -7.526602745056152
endloop
endfacet
facet normal -7.860615977602017e-8 0.11146984713498444 -0.9937678165344745
outer loop
vertex 62.536888122558594 38.43974685668945 -7.077404499053955
vertex 16.057119369506836 34.435054779052734 -7.526602745056152
vertex 16.42788314819336 34.88401412963867 -7.476243495941162
endloop
endfacet
facet normal 0.0000014375161666059574 0.11146401111412824 -0.9937684711361511
outer loop
vertex 16.512805938720703 35.0179328918457 -7.4612226486206055
vertex 47.52041244506836 43.88127517700195 -6.467039108276367
vertex 16.42788314819336 34.88401412963867 -7.476243495941162
endloop
endfacet
facet normal -4.10247651083647e-7 0.1114691490965817 -0.9937678948323475
outer loop
vertex -100.10985565185547 16.92205238342285 -9.491000175476074
vertex -133.11581420898438 -49.88847351074219 -16.985002517700195
vertex -134.57412719726562 -48.385616302490234 -16.816429138183594
endloop
endfacet
facet normal 8.404646601994595e-10 0.11146893556153349 -0.9937679187842494
outer loop
vertex 16.512805938720703 35.0179328918457 -7.4612226486206055
vertex 26.20398712158203 51.245452880859375 -5.641014575958252
vertex 47.40813064575195 43.92487335205078 -6.462149143218994
endloop
endfacet
facet normal -2.6816625413210227e-7 0.11146963759058622 -0.9937678400387846
outer loop
vertex 27.860239028930664 52.3988151550293 -5.511643886566162
vertex 29.88859748840332 52.90982437133789 -5.454325199127197
vertex 26.20398712158203 51.245452880859375 -5.641014575958252
endloop
endfacet
facet normal 1.128401090471061e-7 0.11146880459355368 -0.9937679334746474
outer loop
vertex 30.889596939086914 52.8807373046875 -5.457587718963623
vertex 26.20398712158203 51.245452880859375 -5.641014575958252
vertex 29.88859748840332 52.90982437133789 -5.454325199127197
endloop
endfacet
facet normal -3.0707444772939787e-8 0.11146921079227326 -0.9937678879121356
outer loop
vertex 26.20398712158203 51.245452880859375 -5.641014575958252
vertex 30.889596939086914 52.8807373046875 -5.457587718963623
vertex 32.76516342163086 52.32473373413086 -5.519953727722168
endloop
endfacet
facet normal 4.433193144422689e-7 0.1114705433812253 -0.9937677384369539
outer loop
vertex 82.49539947509766 14.564342498779297 -9.755459785461426
vertex 13.282388687133789 33.184783935546875 -7.666842937469482
vertex 13.856972694396973 33.241703033447266 -7.660458087921143
endloop
endfacet
facet normal -3.6325972047618025e-7 0.11146761607143289 -0.9937680667878294
outer loop
vertex 14.416244506835938 33.410301208496094 -7.641547203063965
vertex 82.49539947509766 14.564342498779297 -9.755459785461426
vertex 13.856972694396973 33.241703033447266 -7.660458087921143
endloop
endfacet
facet normal -5.2381262726335505e-8 0.11146888374864394 -0.9937679245959936
outer loop
vertex 64.87741088867188 -50.98731231689453 -17.108257293701172
vertex 32.073524475097656 -50.968894958496094 -17.106189727783203
vertex 19.336002349853516 -16.93544578552246 -13.288727760314941
endloop
endfacet
facet normal 0.0000027797967491973803 0.11147262447455655 -0.9937675049955232
outer loop
vertex 65.36872100830078 -51.03556442260742 -17.11366844177246
vertex 64.87741088867188 -50.98731231689453 -17.108257293701172
vertex 19.336002349853516 -16.93544578552246 -13.288727760314941
endloop
endfacet
facet normal 1.1035056825358809e-8 0.11146899577865223 -0.9937679120298153
outer loop
vertex 14.754372596740723 33.575069427490234 -7.62306547164917
vertex 81.84390258789062 15.407011032104492 -9.660940170288086
vertex 14.416244506835938 33.410301208496094 -7.641547203063965
endloop
endfacet
facet normal -1.5802352009937587e-8 0.11146865401207116 -0.9937679503650422
outer loop
vertex 14.754372596740723 33.575069427490234 -7.62306547164917
vertex 15.428043365478516 33.957584381103516 -7.580159664154053
vertex 83.33829498291016 29.290372848510742 -8.103671073913574
endloop
endfacet
facet normal -1.3104725061623508e-7 0.1114687438692073 -0.9937679402859624
outer loop
vertex 19.336002349853516 -16.93544578552246 -13.288727760314941
vertex 72.945068359375 -52.29374694824219 -17.254796981811523
vertex 65.36872100830078 -51.03556442260742 -17.11366844177246
endloop
endfacet
facet normal -1.7284864372562266e-8 0.11146891420875743 -0.9937679211793468
outer loop
vertex 72.945068359375 -52.29374694824219 -17.254796981811523
vertex 19.336002349853516 -16.93544578552246 -13.288727760314941
vertex 77.24748992919922 -51.16910934448242 -17.12864875793457
endloop
endfacet
facet normal 0.000002079656578741012 0.11147241742927473 -0.9937675282218414
outer loop
vertex 77.24748992919922 -51.16910934448242 -17.12864875793457
vertex 19.336002349853516 -16.93544578552246 -13.288727760314941
vertex 77.72368621826172 -51.02555465698242 -17.112545013427734
endloop
endfacet
facet normal -1.5447518004311112e-8 0.11146896984532363 -0.9937679149387055
outer loop
vertex 16.42788314819336 34.88401412963867 -7.476243495941162
vertex 47.52041244506836 43.88127517700195 -6.467039108276367
vertex 62.06837463378906 38.56685256958008 -7.06314754486084
endloop
endfacet
facet normal 1.3952829615275856e-9 0.11146893736430423 -0.9937679185820363
outer loop
vertex 62.536888122558594 38.43974685668945 -7.077404499053955
vertex 80.07769775390625 35.10103988647461 -7.451900482177734
vertex 15.428043365478516 33.957584381103516 -7.580159664154053
endloop
endfacet
facet normal 1.0515364214121772e-7 0.11146749383594155 -0.9937680804986259
outer loop
vertex 16.42788314819336 34.88401412963867 -7.476243495941162
vertex 62.06837463378906 38.56685256958008 -7.06314754486084
vertex 62.536888122558594 38.43974685668945 -7.077404499053955
endloop
endfacet
facet normal 3.749136399702413e-9 0.11146896307863535 -0.9937679156977115
outer loop
vertex 81.36382293701172 17.646207809448242 -9.409773826599121
vertex 14.754372596740723 33.575069427490234 -7.62306547164917
vertex 83.33829498291016 29.290372848510742 -8.103671073913574
endloop
endfacet
facet normal -3.767522399250725e-10 0.11146887567336809 -0.9937679255017821
outer loop
vertex 83.33829498291016 29.290372848510742 -8.103671073913574
vertex 15.428043365478516 33.957584381103516 -7.580159664154053
vertex 83.21903228759766 31.250717163085938 -7.883783340454102
endloop
endfacet
facet normal -5.622416072448217e-10 0.11146887108567888 -0.9937679260163734
outer loop
vertex 83.21903228759766 31.250717163085938 -7.883783340454102
vertex 15.428043365478516 33.957584381103516 -7.580159664154053
vertex 82.90272521972656 32.20542526245117 -7.776695728302002
endloop
endfacet
facet normal -1.1184332831591156e-9 0.11146884993317721 -0.9937679283890051
outer loop
vertex 82.90272521972656 32.20542526245117 -7.776695728302002
vertex 15.428043365478516 33.957584381103516 -7.580159664154053
vertex 81.72708129882812 33.93955612182617 -7.582181930541992
endloop
endfacet
facet normal -1.056662774635498e-9 0.11146907427195869 -0.9937679032253721
outer loop
vertex 81.72708129882812 33.93955612182617 -7.582181930541992
vertex 15.428043365478516 33.957584381103516 -7.580159664154053
vertex 80.07769775390625 35.10103988647461 -7.451900482177734
endloop
endfacet
facet normal 0.000001335412428601757 0.11146436387674862 -0.9937684315693313
outer loop
vertex 47.52041244506836 43.88127517700195 -6.467039108276367
vertex 16.512805938720703 35.0179328918457 -7.4612226486206055
vertex 47.40813064575195 43.92487335205078 -6.462149143218994
endloop
endfacet
facet normal 4.4098586225733947e-8 0.11146905930231961 -0.9937679049044873
outer loop
vertex 47.40813064575195 43.92487335205078 -6.462149143218994
vertex 26.20398712158203 51.245452880859375 -5.641014575958252
vertex 47.06092834472656 44.10929870605469 -6.441462516784668
endloop
endfacet
facet normal 1.0620670532685453e-8 0.1114689626717042 -0.9937679157433561
outer loop
vertex 47.06092834472656 44.10929870605469 -6.441462516784668
vertex 26.20398712158203 51.245452880859375 -5.641014575958252
vertex 32.76516342163086 52.32473373413086 -5.519953727722168
endloop
endfacet
facet normal 1.3555058612197277e-7 0.11146888280985738 -0.9937679247012876
outer loop
vertex -131.29489135742188 -50.74338912963867 -17.080896377563477
vertex -133.11581420898438 -49.88847351074219 -16.985002517700195
vertex -100.10985565185547 16.92205238342285 -9.491000175476074
endloop
endfacet
facet normal -0.000002136971585604047 0.11146528515366992 -0.9937683282340227
outer loop
vertex 77.72368621826172 -51.02555465698242 -17.112545013427734
vertex 19.336002349853516 -16.93544578552246 -13.288727760314941
vertex 78.30411529541016 -50.9686279296875 -17.10616111755371
endloop
endfacet
facet normal 2.0924070948002796e-7 0.11146929984380578 -0.9937678779233549
outer loop
vertex 78.30411529541016 -50.9686279296875 -17.10616111755371
vertex 19.336002349853516 -16.93544578552246 -13.288727760314941
vertex 19.297941207885742 -16.744104385375977 -13.267265319824219
endloop
endfacet
facet normal 6.82359716968932e-7 0.11147010540833681 -0.9937677875639704
outer loop
vertex 78.30411529541016 -50.9686279296875 -17.10616111755371
vertex 19.297941207885742 -16.744104385375977 -13.267265319824219
vertex 19.189556121826172 -16.581892013549805 -13.249070167541504
endloop
endfacet
facet normal 0.000003189906896434964 0.11148026861956273 -0.9937666475075196
outer loop
vertex 83.54650115966797 13.688020706176758 -9.853754997253418
vertex 83.68054962158203 13.622556686401367 -9.861098289489746
vertex 13.282388687133789 33.184783935546875 -7.666842937469482
endloop
endfacet
facet normal -0.8005832011407487 -0.5992216101337066 0
outer loop
vertex 80.44296264648438 32.04372787475586 -0.5
vertex 80.44296264648438 32.04372787475586 -4.099999904632568
vertex 80.78608703613281 31.58530044555664 -4.099999904632568
endloop
endfacet
facet normal 0.8369017150599278 -0.5473531943176647 0
outer loop
vertex -80.76978302001953 31.8627872467041 -4.099999904632568
vertex -80.76978302001953 31.8627872467041 -0.5
vertex -81.08320617675781 31.383563995361328 -0.5
endloop
endfacet
facet normal 0 0 1
outer loop
vertex 75.1406021118164 8.276394844055176 -4.099999904632568
vertex 131.33154296875 -48.935028076171875 -4.099999904632568
vertex 131.83204650878906 -48.6568603515625 -4.099999904632568
endloop
endfacet
facet normal 0 0 1
outer loop
vertex 75.1406021118164 8.276394844055176 -4.099999904632568
vertex 130.2326202392578 -49.24494934082031 -4.099999904632568
vertex 130.7941131591797 -49.13263702392578 -4.099999904632568
endloop
endfacet
facet normal 0.4294051982788251 0.9031119397345618 0
outer loop
vertex -131.13172912597656 -49.02599334716797 -0.5
vertex -131.13172912597656 -49.02599334716797 -4.099999904632568
vertex -131.64886474609375 -48.78010940551758 -4.099999904632568
endloop
endfacet
facet normal 0.2849059160795637 0.9585554856047014 0
outer loop
vertex -130.5828399658203 -49.18913650512695 -0.5
vertex -130.5828399658203 -49.18913650512695 -4.099999904632568
vertex -131.13172912597656 -49.02599334716797 -4.099999904632568
endloop
endfacet
facet normal 0 0 1
outer loop
vertex -62.058868408203125 36.143768310546875 -4.099999904632568
vertex -74.43656158447266 -50.3056755065918 -4.099999904632568
vertex -69.16400146484375 -16.93544578552246 -4.099999904632568
endloop
endfacet
facet normal -0.375550622106222 -0.9268018829478226 0
outer loop
vertex -28.749835968017578 50.18173599243164 -4.099999904632568
vertex -28.749835968017578 50.18173599243164 -0.5
vertex -29.280536651611328 50.39678192138672 -0.5
endloop
endfacet
facet normal -0.22805002220524706 -0.9736494170758725 0
outer loop
vertex -29.280536651611328 50.39678192138672 -4.099999904632568
vertex -29.280536651611328 50.39678192138672 -0.5
vertex -29.838062286376953 50.527366638183594 -0.5
endloop
endfacet
facet normal -0.0750728167013276 -0.9971780544078018 0
outer loop
vertex -29.838062286376953 50.527366638183594 -4.099999904632568
vertex -29.838062286376953 50.527366638183594 -0.5
vertex -30.409061431884766 50.57035446166992 -0.5
endloop
endfacet
facet normal 0.07968935348877598 -0.9968197464639938 0
outer loop
vertex -30.409061431884766 50.57035446166992 -4.099999904632568
vertex -30.409061431884766 50.57035446166992 -0.5
vertex -30.979856491088867 50.524723052978516 -0.5
endloop
endfacet
facet normal 0.2325534865743648 -0.972583608684676 0
outer loop
vertex -30.979856491088867 50.524723052978516 -4.099999904632568
vertex -30.979856491088867 50.524723052978516 -0.5
vertex -31.536771774291992 50.39155960083008 -0.5
endloop
endfacet
facet normal 0.37984042237766286 -0.9250520274708652 0
outer loop
vertex -31.536771774291992 50.39155960083008 -4.099999904632568
vertex -31.536771774291992 50.39155960083008 -0.5
vertex -32.066471099853516 50.17405700683594 -0.5
endloop
endfacet
facet normal -0.4470803524654586 -0.89449380011231 0
outer loop
vertex 79.566650390625 32.77568817138672 -4.099999904632568
vertex 79.566650390625 32.77568817138672 -0.5
vertex 79.05445098876953 33.03169250488281 -0.5
endloop
endfacet
facet normal -0.17400453687869635 -0.9847448507840142 0
outer loop
vertex 78.50888061523438 33.205596923828125 -4.099999904632568
vertex 78.50888061523438 33.205596923828125 -0.5
vertex 61.8808708190918 36.143768310546875 -0.5
endloop
endfacet
facet normal -0.5797487276827492 -0.8147953195436469 0
outer loop
vertex 79.566650390625 32.77568817138672 -0.5
vertex 79.566650390625 32.77568817138672 -4.099999904632568
vertex 80.03321075439453 32.44371795654297 -0.5
endloop
endfacet
facet normal -0.5140646270442824 -0.8577514553889273 0
outer loop
vertex -28.25867462158203 49.88737487792969 -4.099999904632568
vertex -28.25867462158203 49.88737487792969 -0.5
vertex -28.749835968017578 50.18173599243164 -0.5
endloop
endfacet
facet normal -0.640265649053601 -0.7681535644921341 0
outer loop
vertex -27.818817138671875 49.520748138427734 -4.099999904632568
vertex -27.818817138671875 49.520748138427734 -0.5
vertex -28.25867462158203 49.88737487792969 -0.5
endloop
endfacet
facet normal -0.7511263583978892 -0.6601584610681936 0
outer loop
vertex -27.440799713134766 49.090641021728516 -4.099999904632568
vertex -27.440799713134766 49.090641021728516 -0.5
vertex -27.818817138671875 49.520748138427734 -0.5
endloop
endfacet
facet normal 0 0 1
outer loop
vertex -137.779296875 4.571133136749268 -4.099999904632568
vertex -90.27344512939453 -49.271728515625 -4.099999904632568
vertex -75.954833984375 -49.271728515625 -4.099999904632568
endloop
endfacet
facet normal -0.985010339540329 0.17249530717861775 0
outer loop
vertex 81.3556900024414 29.402143478393555 -0.5
vertex 81.3556900024414 29.402143478393555 -4.099999904632568
vertex 78.31084442138672 12.014978408813477 -4.099999904632568
endloop
endfacet
facet normal 0.4116600828347374 0.911337465596854 0
outer loop
vertex -74.95840454101562 -50.06995391845703 -4.099999904632568
vertex -74.95840454101562 -50.06995391845703 -0.5
vertex -74.43656158447266 -50.3056755065918 -0.5
endloop
endfacet
facet normal 0.9991804440132871 0.04047765187619209 0
outer loop
vertex -137.80247497558594 5.1432785987854 -0.5
vertex -137.779296875 4.571133136749268 -4.099999904632568
vertex -137.80247497558594 5.1432785987854 -4.099999904632568
endloop
endfacet
facet normal 0.9934625692533309 -0.11415832642681409 0
outer loop
vertex -137.80247497558594 5.1432785987854 -0.5
vertex -137.80247497558594 5.1432785987854 -4.099999904632568
vertex -137.7371063232422 5.712149143218994 -4.099999904632568
endloop
endfacet
facet normal 0.963944725306624 -0.2661025489422021 0
outer loop
vertex -137.7371063232422 5.712149143218994 -0.5
vertex -137.7371063232422 5.712149143218994 -4.099999904632568
vertex -137.58473205566406 6.264118194580078 -4.099999904632568
endloop
endfacet
facet normal 0.9113409526862827 -0.41165236299195285 0
outer loop
vertex -137.34901428222656 6.785964488983154 -0.5
vertex -137.58473205566406 6.264118194580078 -4.099999904632568
vertex -137.34901428222656 6.785964488983154 -4.099999904632568
endloop
endfacet
facet normal 0.2661014809280979 0.9639450201374936 0
outer loop
vertex -74.43656158447266 -50.3056755065918 -4.099999904632568
vertex -74.43656158447266 -50.3056755065918 -0.5
vertex -73.88459014892578 -50.45804977416992 -0.5
endloop
endfacet
facet normal 0.6838863532247421 0.7295885524547128 0
outer loop
vertex -75.954833984375 -49.271728515625 -4.099999904632568
vertex -75.954833984375 -49.271728515625 -0.5
vertex -75.43762969970703 -49.756534576416016 -0.5
endloop
endfacet
facet normal 0.5473470024491675 0.8369057646532919 0
outer loop
vertex -75.43762969970703 -49.756534576416016 -4.099999904632568
vertex -75.43762969970703 -49.756534576416016 -0.5
vertex -74.95840454101562 -50.06995391845703 -0.5
endloop
endfacet
facet normal -0.04049108858085277 0.9991798995904281 0
outer loop
vertex -73.31571960449219 -50.52342987060547 -4.099999904632568
vertex -73.31571960449219 -50.52342987060547 -0.5
vertex -72.74357604980469 -50.500244140625 -0.5
endloop
endfacet
facet normal 0.1141780516045811 0.9934603024438275 0
outer loop
vertex -73.88459014892578 -50.45804977416992 -4.099999904632568
vertex -73.88459014892578 -50.45804977416992 -0.5
vertex -73.31571960449219 -50.52342987060547 -0.5
endloop
endfacet
facet normal 0 1 0
outer loop
vertex -90.27344512939453 -49.271728515625 -4.099999904632568
vertex -90.27344512939453 -49.271728515625 -0.5
vertex -75.954833984375 -49.271728515625 -0.5
endloop
endfacet
facet normal 0 0 1
outer loop
vertex 97.76573944091797 13.18996524810791 -4.099999904632568
vertex 97.43376922607422 12.723401069641113 -4.099999904632568
vertex 100.80731201171875 14.512446403503418 -4.099999904632568
endloop
endfacet
facet normal 0 0 1
outer loop
vertex 97.76573944091797 13.18996524810791 -4.099999904632568
vertex 100.80731201171875 14.512446403503418 -4.099999904632568
vertex 98.16573333740234 13.599716186523438 -4.099999904632568
endloop
endfacet
facet normal 0 0 1
outer loop
vertex 100.80731201171875 14.512446403503418 -4.099999904632568
vertex 97.00386047363281 11.665631294250488 -4.099999904632568
vertex 101.24763488769531 14.461973190307617 -4.099999904632568
endloop
endfacet
facet normal 0 0 1
outer loop
vertex 98.16573333740234 13.599716186523438 -4.099999904632568
vertex 100.80731201171875 14.512446403503418 -4.099999904632568
vertex 98.62415313720703 13.942839622497559 -4.099999904632568
endloop
endfacet
facet normal -0.0350355537449987 0.9993860665297378 0
outer loop
vertex -90.79542541503906 -49.2900276184082 -4.099999904632568
vertex -90.79542541503906 -49.2900276184082 -0.5
vertex -90.27344512939453 -49.271728515625 -0.5
endloop
endfacet
facet normal 0.07356157361787788 0.9972906772284907 0
outer loop
vertex -91.04351043701172 -49.271728515625 -4.099999904632568
vertex -91.04351043701172 -49.271728515625 -0.5
vertex -90.79542541503906 -49.2900276184082 -0.5
endloop
endfacet
facet normal -0.1724458226652538 0.9850190040021074 0
outer loop
vertex -72.74357604980469 -50.500244140625 -0.5
vertex -69.16400146484375 -49.873573303222656 -4.099999904632568
vertex -72.74357604980469 -50.500244140625 -4.099999904632568
endloop
endfacet
facet normal 0.4116600828347374 0.911337465596854 0
outer loop
vertex -74.43656158447266 -50.3056755065918 -0.5
vertex -74.43656158447266 -50.3056755065918 -4.099999904632568
vertex -74.95840454101562 -50.06995391845703 -4.099999904632568
endloop
endfacet
facet normal 0.6838863532247421 0.7295885524547128 0
outer loop
vertex -75.43762969970703 -49.756534576416016 -0.5
vertex -75.43762969970703 -49.756534576416016 -4.099999904632568
vertex -75.954833984375 -49.271728515625 -4.099999904632568
endloop
endfacet
facet normal 0.8368958611855458 -0.5473621447730046 0
outer loop
vertex -137.34901428222656 6.785964488983154 -0.5
vertex -137.34901428222656 6.785964488983154 -4.099999904632568
vertex -137.03558349609375 7.265188217163086 -4.099999904632568
endloop
endfacet
facet normal 0.742427948726632 -0.6699259219865771 0
outer loop
vertex -137.03558349609375 7.265188217163086 -0.5
vertex -137.03558349609375 7.265188217163086 -4.099999904632568
vertex -136.6519775390625 7.690309524536133 -4.099999904632568
endloop
endfacet
facet normal 0.630149111981311 -0.7764741442373759 0
outer loop
vertex -136.6519775390625 7.690309524536133 -0.5
vertex -136.6519775390625 7.690309524536133 -4.099999904632568
vertex -136.2073516845703 8.051146507263184 -4.099999904632568
endloop
endfacet
facet normal 0.502801136469149 -0.8644021154331657 0
outer loop
vertex -136.2073516845703 8.051146507263184 -0.5
vertex -136.2073516845703 8.051146507263184 -4.099999904632568
vertex -135.71238708496094 8.339055061340332 -4.099999904632568
endloop
endfacet
facet normal 0.36338592575826634 -0.9316387008711089 0
outer loop
vertex -135.71238708496094 8.339055061340332 -0.5
vertex -135.71238708496094 8.339055061340332 -4.099999904632568
vertex -135.1789093017578 8.547138214111328 -4.099999904632568
endloop
endfacet
facet normal 0.2327393576152352 -0.9725391464701293 0
outer loop
vertex -135.1789093017578 8.547138214111328 -0.5
vertex -135.1789093017578 8.547138214111328 -4.099999904632568
vertex -134.74752807617188 8.650372505187988 -4.099999904632568
endloop
endfacet
facet normal 0.1734715822599656 -0.9848388752218427 0
outer loop
vertex -134.74752807617188 8.650372505187988 -0.5
vertex -134.74752807617188 8.650372505187988 -4.099999904632568
vertex -101.05722045898438 14.584653854370117 -4.099999904632568
endloop
endfacet
facet normal 0.9991804440132871 0.04047765187619209 0
outer loop
vertex -137.779296875 4.571133136749268 -0.5
vertex -137.779296875 4.571133136749268 -4.099999904632568
vertex -137.80247497558594 5.1432785987854 -0.5
endloop
endfacet
facet normal 0.9934625692533309 -0.11415832642681409 0
outer loop
vertex -137.7371063232422 5.712149143218994 -4.099999904632568
vertex -137.7371063232422 5.712149143218994 -0.5
vertex -137.80247497558594 5.1432785987854 -0.5
endloop
endfacet
facet normal 0.963944725306624 -0.2661025489422021 0
outer loop
vertex -137.58473205566406 6.264118194580078 -4.099999904632568
vertex -137.58473205566406 6.264118194580078 -0.5
vertex -137.7371063232422 5.712149143218994 -0.5
endloop
endfacet
facet normal 0.9113409526862827 -0.41165236299195285 0
outer loop
vertex -137.58473205566406 6.264118194580078 -0.5
vertex -137.58473205566406 6.264118194580078 -4.099999904632568
vertex -137.34901428222656 6.785964488983154 -0.5
endloop
endfacet
facet normal 0.865849368144825 -0.5003047787930945 0
outer loop
vertex 18.518138885498047 33.9979362487793 -0.5
vertex 18.518138885498047 33.9979362487793 -4.099999904632568
vertex 27.127925872802734 48.89841079711914 -4.099999904632568
endloop
endfacet
facet normal 0.8946370203622329 -0.44679369041805583 0
outer loop
vertex 18.320037841796875 33.60126876831055 -0.5
vertex 18.320037841796875 33.60126876831055 -4.099999904632568
vertex 18.518138885498047 33.9979362487793 -4.099999904632568
endloop
endfacet
facet normal 0 0 1
outer loop
vertex 18.272380828857422 30.812240600585938 -4.099999904632568
vertex 18.235788345336914 30.764554977416992 -4.099999904632568
vertex 46.51469802856445 41.736629486083984 -4.099999904632568
endloop
endfacet
facet normal 0 0 1
outer loop
vertex 18.518138885498047 33.9979362487793 -4.099999904632568
vertex 18.272380828857422 30.812240600585938 -4.099999904632568
vertex 27.127925872802734 48.89841079711914 -4.099999904632568
endloop
endfacet
facet normal 0.9472686026308954 -0.32044062549825153 0
outer loop
vertex 18.13654899597168 33.0588493347168 -0.5
vertex 18.13654899597168 33.0588493347168 -4.099999904632568
vertex 18.320037841796875 33.60126876831055 -4.099999904632568
endloop
endfacet
facet normal 0.9853695094951379 -0.1704315984707974 0
outer loop
vertex 18.038957595825195 32.49461364746094 -0.5
vertex 18.038957595825195 32.49461364746094 -4.099999904632568
vertex 18.13654899597168 33.0588493347168 -4.099999904632568
endloop
endfacet
facet normal 0.9998664133197532 -0.016344892630190386 0
outer loop
vertex 18.029598236083984 31.922073364257812 -0.5
vertex 18.029598236083984 31.922073364257812 -4.099999904632568
vertex 18.038957595825195 32.49461364746094 -4.099999904632568
endloop
endfacet
facet normal 0.9904130469457558 0.1381375996592669 0
outer loop
vertex 18.10869789123535 31.354948043823242 -0.5
vertex 18.10869789123535 31.354948043823242 -4.099999904632568
vertex 18.029598236083984 31.922073364257812 -4.099999904632568
endloop
endfacet
facet normal 0.9574024880846511 0.28875677621368373 0
outer loop
vertex 18.272380828857422 30.812240600585938 -0.5
vertex 18.272380828857422 30.812240600585938 -4.099999904632568
vertex 18.10869789123535 31.354948043823242 -4.099999904632568
endloop
endfacet
facet normal 0.7933371260539844 -0.6087825592314584 0
outer loop
vertex 18.235788345336914 30.764554977416992 -0.5
vertex 18.235788345336914 30.764554977416992 -4.099999904632568
vertex 18.272380828857422 30.812240600585938 -4.099999904632568
endloop
endfacet
facet normal 0 0 1
outer loop
vertex 18.038957595825195 32.49461364746094 -4.099999904632568
vertex 18.320037841796875 33.60126876831055 -4.099999904632568
vertex 18.13654899597168 33.0588493347168 -4.099999904632568
endloop
endfacet
facet normal 0 0 1
outer loop
vertex 18.320037841796875 33.60126876831055 -4.099999904632568
vertex 18.272380828857422 30.812240600585938 -4.099999904632568
vertex 18.518138885498047 33.9979362487793 -4.099999904632568
endloop
endfacet
facet normal 0 0 1
outer loop
vertex 18.029598236083984 31.922073364257812 -4.099999904632568
vertex 18.320037841796875 33.60126876831055 -4.099999904632568
vertex 18.038957595825195 32.49461364746094 -4.099999904632568
endloop
endfacet
facet normal 0 0 1
outer loop
vertex 18.10869789123535 31.354948043823242 -4.099999904632568
vertex 18.320037841796875 33.60126876831055 -4.099999904632568
vertex 18.029598236083984 31.922073364257812 -4.099999904632568
endloop
endfacet
facet normal 0 0 1
outer loop
vertex 18.272380828857422 30.812240600585938 -4.099999904632568
vertex 18.320037841796875 33.60126876831055 -4.099999904632568
vertex 18.10869789123535 31.354948043823242 -4.099999904632568
endloop
endfacet
facet normal 0.5473470024491675 0.8369057646532919 0
outer loop
vertex -74.95840454101562 -50.06995391845703 -0.5
vertex -74.95840454101562 -50.06995391845703 -4.099999904632568
vertex -75.43762969970703 -49.756534576416016 -4.099999904632568
endloop
endfacet
facet normal -0.04049108858085277 0.9991798995904281 0
outer loop
vertex -72.74357604980469 -50.500244140625 -0.5
vertex -72.74357604980469 -50.500244140625 -4.099999904632568
vertex -73.31571960449219 -50.52342987060547 -4.099999904632568
endloop
endfacet
facet normal 0.1141780516045811 0.9934603024438275 0
outer loop
vertex -73.31571960449219 -50.52342987060547 -0.5
vertex -73.31571960449219 -50.52342987060547 -4.099999904632568
vertex -73.88459014892578 -50.45804977416992 -4.099999904632568
endloop
endfacet
facet normal 0.2661014809280979 0.9639450201374936 0
outer loop
vertex -73.88459014892578 -50.45804977416992 -0.5
vertex -73.88459014892578 -50.45804977416992 -4.099999904632568
vertex -74.43656158447266 -50.3056755065918 -4.099999904632568
endloop
endfacet
facet normal 0.8368958611855458 -0.5473621447730046 0
outer loop
vertex -137.03558349609375 7.265188217163086 -4.099999904632568
vertex -137.03558349609375 7.265188217163086 -0.5
vertex -137.34901428222656 6.785964488983154 -0.5
endloop
endfacet
facet normal 0.742427948726632 -0.6699259219865771 0
outer loop
vertex -136.6519775390625 7.690309524536133 -4.099999904632568
vertex -136.6519775390625 7.690309524536133 -0.5
vertex -137.03558349609375 7.265188217163086 -0.5
endloop
endfacet
facet normal 0.630149111981311 -0.7764741442373759 0
outer loop
vertex -136.2073516845703 8.051146507263184 -4.099999904632568
vertex -136.2073516845703 8.051146507263184 -0.5
vertex -136.6519775390625 7.690309524536133 -0.5
endloop
endfacet
facet normal 0.502801136469149 -0.8644021154331657 0
outer loop
vertex -135.71238708496094 8.339055061340332 -4.099999904632568
vertex -135.71238708496094 8.339055061340332 -0.5
vertex -136.2073516845703 8.051146507263184 -0.5
endloop
endfacet
facet normal 0.36338592575826634 -0.9316387008711089 0
outer loop
vertex -135.1789093017578 8.547138214111328 -4.099999904632568
vertex -135.1789093017578 8.547138214111328 -0.5
vertex -135.71238708496094 8.339055061340332 -0.5
endloop
endfacet
facet normal 0.2327393576152352 -0.9725391464701293 0
outer loop
vertex -134.74752807617188 8.650372505187988 -4.099999904632568
vertex -134.74752807617188 8.650372505187988 -0.5
vertex -135.1789093017578 8.547138214111328 -0.5
endloop
endfacet
facet normal 0 1 0
outer loop
vertex -75.954833984375 -49.271728515625 -0.5
vertex -75.954833984375 -49.271728515625 -4.099999904632568
vertex -90.27344512939453 -49.271728515625 -4.099999904632568
endloop
endfacet
facet normal -0.0350355537449987 0.9993860665297378 0
outer loop
vertex -90.27344512939453 -49.271728515625 -0.5
vertex -90.27344512939453 -49.271728515625 -4.099999904632568
vertex -90.79542541503906 -49.2900276184082 -4.099999904632568
endloop
endfacet
facet normal 0.07356157361787788 0.9972906772284907 0
outer loop
vertex -90.79542541503906 -49.2900276184082 -0.5
vertex -90.79542541503906 -49.2900276184082 -4.099999904632568
vertex -91.04351043701172 -49.271728515625 -4.099999904632568
endloop
endfacet
facet normal 0.00015647961273839437 0.9999999877570653 0
outer loop
vertex -91.04351043701172 -49.271728515625 -0.5
vertex -91.04351043701172 -49.271728515625 -4.099999904632568
vertex -114.90980529785156 -49.26799392700195 -4.099999904632568
endloop
endfacet
facet normal 0 0 1
outer loop
vertex 98.62415313720703 13.942839622497559 -4.099999904632568
vertex 100.80731201171875 14.512446403503418 -4.099999904632568
vertex 99.13003540039062 14.211116790771484 -4.099999904632568
endloop
endfacet
facet normal 0 0 1
outer loop
vertex 99.13003540039062 14.211116790771484 -4.099999904632568
vertex 100.80731201171875 14.512446403503418 -4.099999904632568
vertex 99.67125701904297 14.398120880126953 -4.099999904632568
endloop
endfacet
facet normal 0 0 1
outer loop
vertex 99.67125701904297 14.398120880126953 -4.099999904632568
vertex 100.80731201171875 14.512446403503418 -4.099999904632568
vertex 100.23484802246094 14.499372482299805 -4.099999904632568
endloop
endfacet
facet normal 0.903114523211478 -0.42939976474668073 0
outer loop
vertex -133.26058959960938 -27.246337890625 -0.5
vertex -133.26058959960938 -27.246337890625 -4.099999904632568
vertex -133.01470947265625 -26.729202270507812 -0.5
endloop
endfacet
facet normal 0.9585528550906631 -0.2849147661977842 0
outer loop
vertex -133.26058959960938 -27.246337890625 -4.099999904632568
vertex -133.26058959960938 -27.246337890625 -0.5
vertex -133.42373657226562 -27.79522132873535 -0.5
endloop
endfacet
facet normal 0.9910374400864636 -0.13358440158517476 0
outer loop
vertex -133.50022888183594 -28.362703323364258 -0.5
vertex -133.50022888183594 -28.362703323364258 -4.099999904632568
vertex -133.42373657226562 -27.79522132873535 -0.5
endloop
endfacet
facet normal 0.7155751374766757 -0.6985357704693701 0
outer loop
vertex 97.76573944091797 13.18996524810791 -0.5
vertex 97.76573944091797 13.18996524810791 -4.099999904632568
vertex 98.16573333740234 13.599716186523438 -4.099999904632568
endloop
endfacet
facet normal 0 -1 0
outer loop
vertex 18.235788345336914 30.764554977416992 -0.5
vertex -18.413785934448242 30.764554977416992 -4.099999904632568
vertex 18.235788345336914 30.764554977416992 -4.099999904632568
endloop
endfacet
facet normal 0 0 1
outer loop
vertex -73.88459014892578 -50.45804977416992 -4.099999904632568
vertex -73.31571960449219 -50.52342987060547 -4.099999904632568
vertex -69.16400146484375 -16.93544578552246 -4.099999904632568
endloop
endfacet
facet normal 0.9999999371047884 -0.0003546694506818601 0
outer loop
vertex -133.50022888183594 -28.362703323364258 -4.099999904632568
vertex -133.50022888183594 -28.362703323364258 -0.5
vertex -133.50633239746094 -45.57172775268555 -0.5
endloop
endfacet
facet normal 0 0 1
outer loop
vertex -74.43656158447266 -50.3056755065918 -4.099999904632568
vertex -73.88459014892578 -50.45804977416992 -4.099999904632568
vertex -69.16400146484375 -16.93544578552246 -4.099999904632568
endloop
endfacet
facet normal 0 0 1
outer loop
vertex -69.16400146484375 -16.93544578552246 -4.099999904632568
vertex -73.31571960449219 -50.52342987060547 -4.099999904632568
vertex -72.74357604980469 -50.500244140625 -4.099999904632568
endloop
endfacet
facet normal 0 0 1
outer loop
vertex -74.95840454101562 -50.06995391845703 -4.099999904632568
vertex -74.43656158447266 -50.3056755065918 -4.099999904632568
vertex -96.51348114013672 8.918721199035645 -4.099999904632568
endloop
endfacet
facet normal 0 0 1
outer loop
vertex -137.779296875 4.571133136749268 -4.099999904632568
vertex -90.79542541503906 -49.2900276184082 -4.099999904632568
vertex -90.27344512939453 -49.271728515625 -4.099999904632568
endloop
endfacet
facet normal 0 0 1
outer loop
vertex -91.04351043701172 -49.271728515625 -4.099999904632568
vertex -90.79542541503906 -49.2900276184082 -4.099999904632568
vertex -137.779296875 4.571133136749268 -4.099999904632568
endloop
endfacet
facet normal 0 0 1
outer loop
vertex -75.43762969970703 -49.756534576416016 -4.099999904632568
vertex -74.95840454101562 -50.06995391845703 -4.099999904632568
vertex -98.36316680908203 13.8409423828125 -4.099999904632568
endloop
endfacet
facet normal 0 0 1
outer loop
vertex -75.954833984375 -49.271728515625 -4.099999904632568
vertex -75.43762969970703 -49.756534576416016 -4.099999904632568
vertex -98.36316680908203 13.8409423828125 -4.099999904632568
endloop
endfacet
facet normal 0.903114523211478 -0.42939976474668073 0
outer loop
vertex -133.01470947265625 -26.729202270507812 -0.5
vertex -133.26058959960938 -27.246337890625 -4.099999904632568
vertex -133.01470947265625 -26.729202270507812 -4.099999904632568
endloop
endfacet
facet normal 0.8260330750192187 -0.5636216452322369 0
outer loop
vertex -133.01470947265625 -26.729202270507812 -0.5
vertex -133.01470947265625 -26.729202270507812 -4.099999904632568
vertex -132.6919708251953 -26.256202697753906 -4.099999904632568
endloop
endfacet
facet normal 0.7415094137013216 -0.6709424635483452 0
outer loop
vertex -132.6919708251953 -26.256202697753906 -0.5
vertex -132.6919708251953 -26.256202697753906 -4.099999904632568
vertex -132.4056396484375 -25.939756393432617 -4.099999904632568
endloop
endfacet
facet normal 0.9848421548509465 0.17345296200568117 0
outer loop
vertex -132.4056396484375 -25.939756393432617 -4.099999904632568
vertex -137.779296875 4.571133136749268 -4.099999904632568
vertex -132.4056396484375 -25.939756393432617 -0.5
endloop
endfacet
facet normal 0 0 1
outer loop
vertex -132.4056396484375 -25.939756393432617 -4.099999904632568
vertex -91.04351043701172 -49.271728515625 -4.099999904632568
vertex -137.779296875 4.571133136749268 -4.099999904632568
endloop
endfacet
facet normal 0.8260330750192187 -0.5636216452322369 0
outer loop
vertex -132.6919708251953 -26.256202697753906 -4.099999904632568
vertex -132.6919708251953 -26.256202697753906 -0.5
vertex -133.01470947265625 -26.729202270507812 -0.5
endloop
endfacet
facet normal 0.7415094137013216 -0.6709424635483452 0
outer loop
vertex -132.4056396484375 -25.939756393432617 -4.099999904632568
vertex -132.4056396484375 -25.939756393432617 -0.5
vertex -132.6919708251953 -26.256202697753906 -0.5
endloop
endfacet
facet normal 0.7933371260539844 -0.6087825592314584 0
outer loop
vertex 18.272380828857422 30.812240600585938 -4.099999904632568
vertex 18.272380828857422 30.812240600585938 -0.5
vertex 18.235788345336914 30.764554977416992 -0.5
endloop
endfacet
facet normal 0.9574024880846511 0.28875677621368373 0
outer loop
vertex 18.10869789123535 31.354948043823242 -4.099999904632568
vertex 18.10869789123535 31.354948043823242 -0.5
vertex 18.272380828857422 30.812240600585938 -0.5
endloop
endfacet
facet normal 0.9904130469457558 0.1381375996592669 0
outer loop
vertex 18.029598236083984 31.922073364257812 -4.099999904632568
vertex 18.029598236083984 31.922073364257812 -0.5
vertex 18.10869789123535 31.354948043823242 -0.5
endloop
endfacet
facet normal 0.9998664133197532 -0.016344892630190386 0
outer loop
vertex 18.038957595825195 32.49461364746094 -4.099999904632568
vertex 18.038957595825195 32.49461364746094 -0.5
vertex 18.029598236083984 31.922073364257812 -0.5
endloop
endfacet
facet normal 0.9853695094951379 -0.1704315984707974 0
outer loop
vertex 18.13654899597168 33.0588493347168 -4.099999904632568
vertex 18.13654899597168 33.0588493347168 -0.5
vertex 18.038957595825195 32.49461364746094 -0.5
endloop
endfacet
facet normal 0.9472686026308954 -0.32044062549825153 0
outer loop
vertex 18.320037841796875 33.60126876831055 -4.099999904632568
vertex 18.320037841796875 33.60126876831055 -0.5
vertex 18.13654899597168 33.0588493347168 -0.5
endloop
endfacet
facet normal 0.8946370203622329 -0.44679369041805583 0
outer loop
vertex 18.518138885498047 33.9979362487793 -4.099999904632568
vertex 18.518138885498047 33.9979362487793 -0.5
vertex 18.320037841796875 33.60126876831055 -0.5
endloop
endfacet
facet normal 0 0 1
outer loop
vertex -132.6919708251953 -26.256202697753906 -4.099999904632568
vertex -91.04351043701172 -49.271728515625 -4.099999904632568
vertex -132.4056396484375 -25.939756393432617 -4.099999904632568
endloop
endfacet
facet normal 0.00015679542010408118 0.9999999877075981 0
outer loop
vertex -130.01535034179688 -49.265628814697266 -0.5
vertex -126.68225860595703 -49.266151428222656 -4.099999904632568
vertex -130.01535034179688 -49.265628814697266 -4.099999904632568
endloop
endfacet
facet normal 0 0 1
outer loop
vertex -133.01470947265625 -26.729202270507812 -4.099999904632568
vertex -91.04351043701172 -49.271728515625 -4.099999904632568
vertex -132.6919708251953 -26.256202697753906 -4.099999904632568
endloop
endfacet
facet normal 0 0 1
outer loop
vertex -133.26058959960938 -27.246337890625 -4.099999904632568
vertex -91.04351043701172 -49.271728515625 -4.099999904632568
vertex -133.01470947265625 -26.729202270507812 -4.099999904632568
endloop
endfacet
facet normal 0 0 1
outer loop
vertex -133.26058959960938 -27.246337890625 -4.099999904632568
vertex -133.42373657226562 -27.79522132873535 -4.099999904632568
vertex -91.04351043701172 -49.271728515625 -4.099999904632568
endloop
endfacet
facet normal 0 0 1
outer loop
vertex -133.42373657226562 -27.79522132873535 -4.099999904632568
vertex -133.50022888183594 -28.362703323364258 -4.099999904632568
vertex -91.04351043701172 -49.271728515625 -4.099999904632568
endloop
endfacet
facet normal 0.9585528550906631 -0.2849147661977842 0
outer loop
vertex -133.42373657226562 -27.79522132873535 -0.5
vertex -133.42373657226562 -27.79522132873535 -4.099999904632568
vertex -133.26058959960938 -27.246337890625 -4.099999904632568
endloop
endfacet
facet normal 0.1734715822599656 -0.9848388752218427 0
outer loop
vertex -101.05722045898438 14.584653854370117 -4.099999904632568
vertex -101.05722045898438 14.584653854370117 -0.5
vertex -134.74752807617188 8.650372505187988 -0.5
endloop
endfacet
facet normal 0.9910374400864636 -0.13358440158517476 0
outer loop
vertex -133.42373657226562 -27.79522132873535 -0.5
vertex -133.50022888183594 -28.362703323364258 -4.099999904632568
vertex -133.42373657226562 -27.79522132873535 -4.099999904632568
endloop
endfacet
facet normal 0.9999999371047884 -0.0003546694506818601 0
outer loop
vertex -133.50633239746094 -45.57172775268555 -0.5
vertex -133.50633239746094 -45.57172775268555 -4.099999904632568
vertex -133.50022888183594 -28.362703323364258 -4.099999904632568
endloop
endfacet
facet normal 0.5992269344808413 -0.8005792159384938 0
outer loop
vertex 98.16573333740234 13.599716186523438 -0.5
vertex 98.16573333740234 13.599716186523438 -4.099999904632568
vertex 98.62415313720703 13.942839622497559 -4.099999904632568
endloop
endfacet
facet normal 0.4685111777340723 -0.8834575690649963 0
outer loop
vertex 99.13003540039062 14.211116790771484 -0.5
vertex 98.62415313720703 13.942839622497559 -4.099999904632568
vertex 99.13003540039062 14.211116790771484 -4.099999904632568
endloop
endfacet
facet normal 0.3265773875318967 -0.9451704660815642 0
outer loop
vertex 99.13003540039062 14.211116790771484 -0.5
vertex 99.13003540039062 14.211116790771484 -4.099999904632568
vertex 99.67125701904297 14.398120880126953 -4.099999904632568
endloop
endfacet
facet normal 0.17682350692313864 -0.9842425754860449 0
outer loop
vertex 99.67125701904297 14.398120880126953 -0.5
vertex 99.67125701904297 14.398120880126953 -4.099999904632568
vertex 100.23484802246094 14.499372482299805 -4.099999904632568
endloop
endfacet
facet normal 0.02283202660373898 -0.9997393153023274 0
outer loop
vertex 100.23484802246094 14.499372482299805 -0.5
vertex 100.23484802246094 14.499372482299805 -4.099999904632568
vertex 100.80731201171875 14.512446403503418 -4.099999904632568
endloop
endfacet
facet normal -0.11388199772622952 -0.9934942831208858 0
outer loop
vertex 100.80731201171875 14.512446403503418 -0.5
vertex 100.80731201171875 14.512446403503418 -4.099999904632568
vertex 101.24763488769531 14.461973190307617 -4.099999904632568
endloop
endfacet
facet normal -0.985010339540329 0.17249530717861775 0
outer loop
vertex 78.31084442138672 12.014978408813477 -0.5
vertex 81.3556900024414 29.402143478393555 -0.5
vertex 78.31084442138672 12.014978408813477 -4.099999904632568
endloop
endfacet
facet normal 0.17364831498192332 -0.9848077287998601 0
outer loop
vertex -62.058868408203125 36.143768310546875 -4.099999904632568
vertex -62.058868408203125 36.143768310546875 -0.5
vertex -78.48208618164062 33.24790954589844 -0.5
endloop
endfacet
facet normal 0 0 1
outer loop
vertex -28.25867462158203 49.88737487792969 -4.099999904632568
vertex -69.16400146484375 -16.93544578552246 -4.099999904632568
vertex -27.818817138671875 49.520748138427734 -4.099999904632568
endloop
endfacet
facet normal 0 0 1
outer loop
vertex -27.440799713134766 49.090641021728516 -4.099999904632568
vertex -27.818817138671875 49.520748138427734 -4.099999904632568
vertex -69.16400146484375 -16.93544578552246 -4.099999904632568
endloop
endfacet
facet normal -0.6985315267624117 -0.7155792801073644 0
outer loop
vertex 80.44296264648438 32.04372787475586 -4.099999904632568
vertex 80.44296264648438 32.04372787475586 -0.5
vertex 80.03321075439453 32.44371795654297 -0.5
endloop
endfacet
facet normal -0.8834547698374677 -0.4685164561159266 0
outer loop
vertex 80.78608703613281 31.58530044555664 -0.5
vertex 80.78608703613281 31.58530044555664 -4.099999904632568
vertex 81.05436706542969 31.07942008972168 -0.5
endloop
endfacet
facet normal 0 0 1
outer loop
vertex 27.127925872802734 48.89841079711914 -4.099999904632568
vertex 18.272380828857422 30.812240600585938 -4.099999904632568
vertex 27.477895736694336 49.35163116455078 -4.099999904632568
endloop
endfacet
facet normal 0 0 1
outer loop
vertex -29.838062286376953 50.527366638183594 -4.099999904632568
vertex -69.16400146484375 -16.93544578552246 -4.099999904632568
vertex -29.280536651611328 50.39678192138672 -4.099999904632568
endloop
endfacet
facet normal 0 0 1
outer loop
vertex -28.749835968017578 50.18173599243164 -4.099999904632568
vertex -69.16400146484375 -16.93544578552246 -4.099999904632568
vertex -28.25867462158203 49.88737487792969 -4.099999904632568
endloop
endfacet
facet normal -0.8005832011407487 -0.5992216101337066 0
outer loop
vertex 80.78608703613281 31.58530044555664 -4.099999904632568
vertex 80.78608703613281 31.58530044555664 -0.5
vertex 80.44296264648438 32.04372787475586 -0.5
endloop
endfacet
facet normal -0.375550622106222 -0.9268018829478226 0
outer loop
vertex -29.280536651611328 50.39678192138672 -0.5
vertex -29.280536651611328 50.39678192138672 -4.099999904632568
vertex -28.749835968017578 50.18173599243164 -4.099999904632568
endloop
endfacet
facet normal -0.22805002220524706 -0.9736494170758725 0
outer loop
vertex -29.838062286376953 50.527366638183594 -0.5
vertex -29.838062286376953 50.527366638183594 -4.099999904632568
vertex -29.280536651611328 50.39678192138672 -4.099999904632568
endloop
endfacet
facet normal 0 0 1
outer loop
vertex -69.16400146484375 -16.93544578552246 -4.099999904632568
vertex -28.749835968017578 50.18173599243164 -4.099999904632568
vertex -29.280536651611328 50.39678192138672 -4.099999904632568
endloop
endfacet
facet normal -0.0750728167013276 -0.9971780544078018 0
outer loop
vertex -30.409061431884766 50.57035446166992 -0.5
vertex -30.409061431884766 50.57035446166992 -4.099999904632568
vertex -29.838062286376953 50.527366638183594 -4.099999904632568
endloop
endfacet
facet normal 0.07968935348877598 -0.9968197464639938 0
outer loop
vertex -30.979856491088867 50.524723052978516 -0.5
vertex -30.979856491088867 50.524723052978516 -4.099999904632568
vertex -30.409061431884766 50.57035446166992 -4.099999904632568
endloop
endfacet
facet normal 0.2325534865743648 -0.972583608684676 0
outer loop
vertex -31.536771774291992 50.39155960083008 -0.5
vertex -31.536771774291992 50.39155960083008 -4.099999904632568
vertex -30.979856491088867 50.524723052978516 -4.099999904632568
endloop
endfacet
facet normal 0.37984042237766286 -0.9250520274708652 0
outer loop
vertex -32.066471099853516 50.17405700683594 -0.5
vertex -32.066471099853516 50.17405700683594 -4.099999904632568
vertex -31.536771774291992 50.39155960083008 -4.099999904632568
endloop
endfacet
facet normal 0.8147975586608933 -0.579745580750943 0
outer loop
vertex 97.76573944091797 13.18996524810791 -4.099999904632568
vertex 97.76573944091797 13.18996524810791 -0.5
vertex 97.43376922607422 12.723401069641113 -0.5
endloop
endfacet
facet normal 0.8944944659027863 -0.4470790203859819 0
outer loop
vertex 97.43376922607422 12.723401069641113 -4.099999904632568
vertex 97.43376922607422 12.723401069641113 -0.5
vertex 97.17776489257812 12.211199760437012 -0.5
endloop
endfacet
facet normal 0 0 1
outer loop
vertex 27.477895736694336 49.35163116455078 -4.099999904632568
vertex 18.272380828857422 30.812240600585938 -4.099999904632568
vertex 27.89360809326172 49.74542236328125 -4.099999904632568
endloop
endfacet
facet normal 0.9527669827936476 -0.30370228266888183 0
outer loop
vertex 97.17776489257812 12.211199760437012 -4.099999904632568
vertex 97.17776489257812 12.211199760437012 -0.5
vertex 97.00386047363281 11.665631294250488 -0.5
endloop
endfacet
facet normal -0.9451701108272496 -0.3265784156964524 0
outer loop
vertex 81.24137115478516 30.53820037841797 -4.099999904632568
vertex 81.24137115478516 30.53820037841797 -0.5
vertex 81.05436706542969 31.07942008972168 -0.5
endloop
endfacet
facet normal 0 0 1
outer loop
vertex 80.44296264648438 32.04372787475586 -4.099999904632568
vertex -2.6639981269836426 -16.93544578552246 -4.099999904632568
vertex 80.78608703613281 31.58530044555664 -4.099999904632568
endloop
endfacet
facet normal 0 0 1
outer loop
vertex 81.05436706542969 31.07942008972168 -4.099999904632568
vertex 80.78608703613281 31.58530044555664 -4.099999904632568
vertex -2.6639981269836426 -16.93544578552246 -4.099999904632568
endloop
endfacet
facet normal -0.9842431551904735 -0.17682028011713358 0
outer loop
vertex 81.34262084960938 29.974609375 -4.099999904632568
vertex 81.34262084960938 29.974609375 -0.5
vertex 81.24137115478516 30.53820037841797 -0.5
endloop
endfacet
facet normal -0.9997395070844067 -0.022823627551892486 0
outer loop
vertex 81.3556900024414 29.402143478393555 -4.099999904632568
vertex 81.3556900024414 29.402143478393555 -0.5
vertex 81.34262084960938 29.974609375 -0.5
endloop
endfacet
facet normal 0 0 1
outer loop
vertex 81.24137115478516 30.53820037841797 -4.099999904632568
vertex 81.05436706542969 31.07942008972168 -4.099999904632568
vertex -2.6639981269836426 -16.93544578552246 -4.099999904632568
endloop
endfacet
facet normal 0 0 1
outer loop
vertex 81.34262084960938 29.974609375 -4.099999904632568
vertex 81.24137115478516 30.53820037841797 -4.099999904632568
vertex -2.6639981269836426 -16.93544578552246 -4.099999904632568
endloop
endfacet
facet normal 0 0 1
outer loop
vertex -2.6639981269836426 -16.93544578552246 -4.099999904632568
vertex 81.3556900024414 29.402143478393555 -4.099999904632568
vertex 81.34262084960938 29.974609375 -4.099999904632568
endloop
endfacet
facet normal 0 0 1
outer loop
vertex 46.51469802856445 41.736629486083984 -4.099999904632568
vertex -2.6639981269836426 -16.93544578552246 -4.099999904632568
vertex 61.8808708190918 36.143768310546875 -4.099999904632568
endloop
endfacet
facet normal 0 0 1
outer loop
vertex -96.51348114013672 8.918721199035645 -4.099999904632568
vertex -97.08121490478516 11.984270095825195 -4.099999904632568
vertex -97.93804168701172 13.457328796386719 -4.099999904632568
endloop
endfacet
facet normal 0 0 1
outer loop
vertex -98.36316680908203 13.8409423828125 -4.099999904632568
vertex -96.51348114013672 8.918721199035645 -4.099999904632568
vertex -97.93804168701172 13.457328796386719 -4.099999904632568
endloop
endfacet
facet normal 0 0 1
outer loop
vertex -97.93804168701172 13.457328796386719 -4.099999904632568
vertex -97.08121490478516 11.984270095825195 -4.099999904632568
vertex -97.28929901123047 12.517739295959473 -4.099999904632568
endloop
endfacet
facet normal 0 0 1
outer loop
vertex -97.93804168701172 13.457328796386719 -4.099999904632568
vertex -97.28929901123047 12.517739295959473 -4.099999904632568
vertex -97.57720947265625 13.012710571289062 -4.099999904632568
endloop
endfacet
facet normal -0.30370131883771107 -0.9527672900221936 0
outer loop
vertex 79.05445098876953 33.03169250488281 -4.099999904632568
vertex 79.05445098876953 33.03169250488281 -0.5
vertex 78.50888061523438 33.205596923828125 -0.5
endloop
endfacet
facet normal 0 0 1
outer loop
vertex 27.89360809326172 49.74542236328125 -4.099999904632568
vertex 18.272380828857422 30.812240600585938 -4.099999904632568
vertex 28.3651065826416 50.07034683227539 -4.099999904632568
endloop
endfacet
facet normal 0 0 1
outer loop
vertex 28.3651065826416 50.07034683227539 -4.099999904632568
vertex 18.272380828857422 30.812240600585938 -4.099999904632568
vertex 28.881093978881836 50.31863021850586 -4.099999904632568
endloop
endfacet
facet normal 0 0 1
outer loop
vertex 28.881093978881836 50.31863021850586 -4.099999904632568
vertex 18.272380828857422 30.812240600585938 -4.099999904632568
vertex 29.429214477539062 50.484317779541016 -4.099999904632568
endloop
endfacet
facet normal -0.5140646270442824 -0.8577514553889273 0
outer loop
vertex -28.749835968017578 50.18173599243164 -0.5
vertex -28.749835968017578 50.18173599243164 -4.099999904632568
vertex -28.25867462158203 49.88737487792969 -4.099999904632568
endloop
endfacet
facet normal -0.7511263583978892 -0.6601584610681936 0
outer loop
vertex -27.818817138671875 49.520748138427734 -0.5
vertex -27.818817138671875 49.520748138427734 -4.099999904632568
vertex -27.440799713134766 49.090641021728516 -4.099999904632568
endloop
endfacet
facet normal -0.640265649053601 -0.7681535644921341 0
outer loop
vertex -28.25867462158203 49.88737487792969 -0.5
vertex -28.25867462158203 49.88737487792969 -4.099999904632568
vertex -27.818817138671875 49.520748138427734 -4.099999904632568
endloop
endfacet
facet normal 0 0 1
outer loop
vertex 29.429214477539062 50.484317779541016 -4.099999904632568
vertex 18.272380828857422 30.812240600585938 -4.099999904632568
vertex 29.996335983276367 50.563446044921875 -4.099999904632568
endloop
endfacet
facet normal 0 0 1
outer loop
vertex 29.996335983276367 50.563446044921875 -4.099999904632568
vertex 18.272380828857422 30.812240600585938 -4.099999904632568
vertex 30.56887435913086 50.554115295410156 -4.099999904632568
endloop
endfacet
facet normal -0.9832797350553755 -0.18210151737267483 0
outer loop
vertex -97.08121490478516 11.984270095825195 -0.5
vertex -97.08121490478516 11.984270095825195 -4.099999904632568
vertex -96.51348114013672 8.918721199035645 -4.099999904632568
endloop
endfacet
facet normal -0.9316361576934625 -0.3633924458187896 0
outer loop
vertex -97.28929901123047 12.517739295959473 -0.5
vertex -97.28929901123047 12.517739295959473 -4.099999904632568
vertex -97.08121490478516 11.984270095825195 -4.099999904632568
endloop
endfacet
facet normal -0.8644036150482185 -0.502798558362662 0
outer loop
vertex -97.57720947265625 13.012710571289062 -0.5
vertex -97.57720947265625 13.012710571289062 -4.099999904632568
vertex -97.28929901123047 12.517739295959473 -4.099999904632568
endloop
endfacet
facet normal -0.7764729280519727 -0.6301506105705175 0
outer loop
vertex -97.57720947265625 13.012710571289062 -0.5
vertex -97.93804168701172 13.457328796386719 -4.099999904632568
vertex -97.57720947265625 13.012710571289062 -4.099999904632568
endloop
endfacet
facet normal 0.17320392320895575 -0.9848859837488938 0
outer loop
vertex -96.51348114013672 8.918721199035645 -4.099999904632568
vertex -83.20877838134766 11.258511543273926 -4.099999904632568
vertex -96.51348114013672 8.918721199035645 -0.5
endloop
endfacet
facet normal 0 0 1
outer loop
vertex -96.51348114013672 8.918721199035645 -4.099999904632568
vertex -79.03372955322266 7.685329914093018 -4.099999904632568
vertex -83.20877838134766 11.258511543273926 -4.099999904632568
endloop
endfacet
facet normal 0 0 1
outer loop
vertex -83.20877838134766 11.258511543273926 -4.099999904632568
vertex -79.03372955322266 7.685329914093018 -4.099999904632568
vertex -79.2325210571289 8.65851879119873 -4.099999904632568
endloop
endfacet
facet normal 0 0 1
outer loop
vertex -83.20877838134766 11.258511543273926 -4.099999904632568
vertex -79.2325210571289 8.65851879119873 -4.099999904632568
vertex -79.44065856933594 9.191967964172363 -4.099999904632568
endloop
endfacet
facet normal 0 0 1
outer loop
vertex -83.20877838134766 11.258511543273926 -4.099999904632568
vertex -80.51465606689453 10.51506519317627 -4.099999904632568
vertex -82.63663482666016 11.28175163269043 -4.099999904632568
endloop
endfacet
facet normal 0 0 1
outer loop
vertex -82.63663482666016 11.28175163269043 -4.099999904632568
vertex -80.51465606689453 10.51506519317627 -4.099999904632568
vertex -82.06776428222656 11.216429710388184 -4.099999904632568
endloop
endfacet
facet normal 0 0 1
outer loop
vertex -79.7286148071289 9.686910629272461 -4.099999904632568
vertex -80.08949279785156 10.131492614746094 -4.099999904632568
vertex -83.20877838134766 11.258511543273926 -4.099999904632568
endloop
endfacet
facet normal 0 0 1
outer loop
vertex -83.20877838134766 11.258511543273926 -4.099999904632568
vertex -79.44065856933594 9.191967964172363 -4.099999904632568
vertex -79.7286148071289 9.686910629272461 -4.099999904632568
endloop
endfacet
facet normal 0 0 1
outer loop
vertex -80.51465606689453 10.51506519317627 -4.099999904632568
vertex -83.20877838134766 11.258511543273926 -4.099999904632568
vertex -80.08949279785156 10.131492614746094 -4.099999904632568
endloop
endfacet
facet normal 0 0 1
outer loop
vertex -81.51577758789062 11.064108848571777 -4.099999904632568
vertex -80.51465606689453 10.51506519317627 -4.099999904632568
vertex -80.99390411376953 10.828439712524414 -4.099999904632568
endloop
endfacet
facet normal 0 0 1
outer loop
vertex -80.51465606689453 10.51506519317627 -4.099999904632568
vertex -81.51577758789062 11.064108848571777 -4.099999904632568
vertex -82.06776428222656 11.216429710388184 -4.099999904632568
endloop
endfacet
facet normal -0.9315999592547191 -0.3634852347986169 0
outer loop
vertex -79.44065856933594 9.191967964172363 -0.5
vertex -79.44065856933594 9.191967964172363 -4.099999904632568
vertex -79.2325210571289 8.65851879119873 -4.099999904632568
endloop
endfacet
facet normal -0.8643562351351757 -0.5028800043578436 0
outer loop
vertex -79.7286148071289 9.686910629272461 -0.5
vertex -79.7286148071289 9.686910629272461 -4.099999904632568
vertex -79.44065856933594 9.191967964172363 -4.099999904632568
endloop
endfacet
facet normal -0.776408677302022 -0.6302297722340041 0
outer loop
vertex -79.7286148071289 9.686910629272461 -0.5
vertex -80.08949279785156 10.131492614746094 -4.099999904632568
vertex -79.7286148071289 9.686910629272461 -4.099999904632568
endloop
endfacet
facet normal 0.04058586460647332 -0.9991760543538586 0
outer loop
vertex -83.20877838134766 11.258511543273926 -0.5
vertex -83.20877838134766 11.258511543273926 -4.099999904632568
vertex -82.63663482666016 11.28175163269043 -4.099999904632568
endloop
endfacet
facet normal -0.2660079825749985 -0.9639708259104003 0
outer loop
vertex -82.06776428222656 11.216429710388184 -0.5
vertex -82.06776428222656 11.216429710388184 -4.099999904632568
vertex -81.51577758789062 11.064108848571777 -4.099999904632568
endloop
endfacet
facet normal -0.11407778054995495 -0.993471821434708 0
outer loop
vertex -82.63663482666016 11.28175163269043 -0.5
vertex -82.63663482666016 11.28175163269043 -4.099999904632568
vertex -82.06776428222656 11.216429710388184 -4.099999904632568
endloop
endfacet
facet normal -0.6698573414953051 -0.7424898262231223 0
outer loop
vertex -80.51465606689453 10.51506519317627 -0.5
vertex -80.51465606689453 10.51506519317627 -4.099999904632568
vertex -80.08949279785156 10.131492614746094 -4.099999904632568
endloop
endfacet
facet normal -0.5472738635214768 -0.8369535938785829 0
outer loop
vertex -80.51465606689453 10.51506519317627 -0.5
vertex -80.99390411376953 10.828439712524414 -4.099999904632568
vertex -80.51465606689453 10.51506519317627 -4.099999904632568
endloop
endfacet
facet normal -0.41156400896489054 -0.9113808570102553 0
outer loop
vertex -81.51577758789062 11.064108848571777 -0.5
vertex -81.51577758789062 11.064108848571777 -4.099999904632568
vertex -80.99390411376953 10.828439712524414 -4.099999904632568
endloop
endfacet
facet normal 0.17760160088690516 -0.9840939656379311 -0.004091229328574842
outer loop
vertex -75.42220306396484 8.3221435546875 -0.5
vertex -79.03372955322266 7.685329914093018 -4.099999904632568
vertex -75.40510559082031 8.340195655822754 -4.099999904632568
endloop
endfacet
facet normal -0.9797682371722631 -0.20013545769891974 0
outer loop
vertex -79.2325210571289 8.65851879119873 -0.5
vertex -79.2325210571289 8.65851879119873 -4.099999904632568
vertex -79.03372955322266 7.685329914093018 -4.099999904632568
endloop
endfacet
facet normal 0.6307155090260564 0.7760141407693565 0
outer loop
vertex -76.99176025390625 9.81938648223877 -0.5
vertex -76.99176025390625 9.81938648223877 -4.099999904632568
vertex -77.43611907958984 10.18054485321045 -4.099999904632568
endloop
endfacet
facet normal 0.9928023135524946 -0.1196939167245139 0.004114912387843142
outer loop
vertex -75.42220306396484 8.3221435546875 -0.5
vertex -75.40510559082031 8.340195655822754 -4.099999904632568
vertex -75.32447814941406 9.008960723876953 -4.099999904632568
endloop
endfacet
facet normal 0.8956138297809324 0.4448324042885487 0
outer loop
vertex -75.32447814941406 9.008960723876953 -0.5
vertex -75.32447814941406 9.008960723876953 -4.099999904632568
vertex -75.42010498046875 9.201493263244629 -4.099999904632568
endloop
endfacet
facet normal 0.3640674457751981 0.9313725865230968 0
outer loop
vertex -75.96367645263672 9.322649002075195 -0.5
vertex -75.96367645263672 9.322649002075195 -4.099999904632568
vertex -76.49699401855469 9.531119346618652 -4.099999904632568
endloop
endfacet
facet normal 0.5034194695509234 0.8640421504053298 0
outer loop
vertex -76.49699401855469 9.531119346618652 -0.5
vertex -76.49699401855469 9.531119346618652 -4.099999904632568
vertex -76.99176025390625 9.81938648223877 -4.099999904632568
endloop
endfacet
facet normal 0.2175499745908793 0.9760491834715644 0
outer loop
vertex -75.42010498046875 9.201493263244629 -0.5
vertex -75.42010498046875 9.201493263244629 -4.099999904632568
vertex -75.96367645263672 9.322649002075195 -4.099999904632568
endloop
endfacet
facet normal 0.7429103463985333 0.6693909300356642 0
outer loop
vertex -77.43611907958984 10.18054485321045 -0.5
vertex -77.43611907958984 10.18054485321045 -4.099999904632568
vertex -77.81941986083984 10.60594367980957 -4.099999904632568
endloop
endfacet
facet normal 0.8373014999771279 0.5467414362713436 0
outer loop
vertex -77.81941986083984 10.60594367980957 -0.5
vertex -77.81941986083984 10.60594367980957 -4.099999904632568
vertex -78.13249206542969 11.085394859313965 -4.099999904632568
endloop
endfacet
facet normal 0.9116360217055566 0.4109984962610764 0
outer loop
vertex -78.13249206542969 11.085394859313965 -0.5
vertex -78.13249206542969 11.085394859313965 -4.099999904632568
vertex -78.36783599853516 11.60741138458252 -4.099999904632568
endloop
endfacet
facet normal 0.9573948739000989 0.28878202061384234 0
outer loop
vertex -78.36783599853516 11.60741138458252 -0.5
vertex -78.36783599853516 11.60741138458252 -4.099999904632568
vertex -78.48030090332031 11.980264663696289 -4.099999904632568
endloop
endfacet
facet normal -0.9316361576934625 -0.3633924458187896 0
outer loop
vertex -97.08121490478516 11.984270095825195 -4.099999904632568
vertex -97.08121490478516 11.984270095825195 -0.5
vertex -97.28929901123047 12.517739295959473 -0.5
endloop
endfacet
facet normal -0.8644036150482185 -0.502798558362662 0
outer loop
vertex -97.28929901123047 12.517739295959473 -4.099999904632568
vertex -97.28929901123047 12.517739295959473 -0.5
vertex -97.57720947265625 13.012710571289062 -0.5
endloop
endfacet
facet normal -0.7764729280519727 -0.6301506105705175 0
outer loop
vertex -97.93804168701172 13.457328796386719 -4.099999904632568
vertex -97.57720947265625 13.012710571289062 -0.5
vertex -97.93804168701172 13.457328796386719 -0.5
endloop
endfacet
facet normal -0.9832797350553755 -0.18210151737267483 0
outer loop
vertex -96.51348114013672 8.918721199035645 -4.099999904632568
vertex -96.51348114013672 8.918721199035645 -0.5
vertex -97.08121490478516 11.984270095825195 -0.5
endloop
endfacet
facet normal 0 0 1
outer loop
vertex -2.6639981269836426 -16.93544578552246 -4.099999904632568
vertex 78.50888061523438 33.205596923828125 -4.099999904632568
vertex 61.8808708190918 36.143768310546875 -4.099999904632568
endloop
endfacet
facet normal 0 0 1
outer loop
vertex 79.05445098876953 33.03169250488281 -4.099999904632568
vertex -2.6639981269836426 -16.93544578552246 -4.099999904632568
vertex 79.566650390625 32.77568817138672 -4.099999904632568
endloop
endfacet
facet normal 0 0 1
outer loop
vertex -2.6639981269836426 -16.93544578552246 -4.099999904632568
vertex 80.03321075439453 32.44371795654297 -4.099999904632568
vertex 79.566650390625 32.77568817138672 -4.099999904632568
endloop
endfacet
facet normal 0 0 1
outer loop
vertex -2.6639981269836426 -16.93544578552246 -4.099999904632568
vertex 80.44296264648438 32.04372787475586 -4.099999904632568
vertex 80.03321075439453 32.44371795654297 -4.099999904632568
endloop
endfacet
facet normal 0 0 1
outer loop
vertex -2.6639981269836426 -16.93544578552246 -4.099999904632568
vertex 79.05445098876953 33.03169250488281 -4.099999904632568
vertex 78.50888061523438 33.205596923828125 -4.099999904632568
endloop
endfacet
facet normal 0 0 1
outer loop
vertex 75.16947174072266 9.192102432250977 -4.099999904632568
vertex 29.836002349853516 -16.93544578552246 -4.099999904632568
vertex 75.04488372802734 8.945764541625977 -4.099999904632568
endloop
endfacet
facet normal 0 0 1
outer loop
vertex 29.836002349853516 -16.93544578552246 -4.099999904632568
vertex 75.1406021118164 8.276394844055176 -4.099999904632568
vertex 75.04488372802734 8.945764541625977 -4.099999904632568
endloop
endfacet
facet normal 0 0 1
outer loop
vertex 78.31084442138672 12.014978408813477 -4.099999904632568
vertex 81.3556900024414 29.402143478393555 -4.099999904632568
vertex -2.6639981269836426 -16.93544578552246 -4.099999904632568
endloop
endfacet
facet normal 0 0 1
outer loop
vertex 75.16947174072266 9.192102432250977 -4.099999904632568
vertex 78.31084442138672 12.014978408813477 -4.099999904632568
vertex -2.6639981269836426 -16.93544578552246 -4.099999904632568
endloop
endfacet
facet normal 0 0 1
outer loop
vertex 18.272380828857422 30.812240600585938 -4.099999904632568
vertex 46.51469802856445 41.736629486083984 -4.099999904632568
vertex 32.07254409790039 50.074825286865234 -4.099999904632568
endloop
endfacet
facet normal 0 0 1
outer loop
vertex 18.272380828857422 30.812240600585938 -4.099999904632568
vertex 31.675546646118164 50.27309036254883 -4.099999904632568
vertex 31.13311767578125 50.45655059814453 -4.099999904632568
endloop
endfacet
facet normal 0 0 1
outer loop
vertex 31.675546646118164 50.27309036254883 -4.099999904632568
vertex 18.272380828857422 30.812240600585938 -4.099999904632568
vertex 32.07254409790039 50.074825286865234 -4.099999904632568
endloop
endfacet
facet normal 0 0 1
outer loop
vertex 30.56887435913086 50.554115295410156 -4.099999904632568
vertex 18.272380828857422 30.812240600585938 -4.099999904632568
vertex 31.13311767578125 50.45655059814453 -4.099999904632568
endloop
endfacet
facet normal 0.984436304564378 -0.17574174875547108 0
outer loop
vertex 97.00386047363281 11.665631294250488 -4.099999904632568
vertex 97.00386047363281 11.665631294250488 -0.5
vertex 96.49698638916016 8.826321601867676 -0.5
endloop
endfacet
facet normal -0.17302869583245853 -0.9849167834992552 0
outer loop
vertex 83.15608215332031 11.170031547546387 -0.5
vertex 83.15608215332031 11.170031547546387 -4.099999904632568
vertex 96.49698638916016 8.826321601867676 -0.5
endloop
endfacet
facet normal -0.030057656245151703 -0.9995481665738016 0
outer loop
vertex 83.15608215332031 11.170031547546387 -4.099999904632568
vertex 83.15608215332031 11.170031547546387 -0.5
vertex 82.5761947631836 11.187469482421875 -0.5
endloop
endfacet
facet normal 0.12588098455726193 -0.9920453506402287 0
outer loop
vertex 82.5761947631836 11.187469482421875 -4.099999904632568
vertex 82.5761947631836 11.187469482421875 -0.5
vertex 82.00813293457031 11.115387916564941 -0.5
endloop
endfacet
facet normal 0.791492706771671 -0.6111786114772453 0
outer loop
vertex 27.127925872802734 48.89841079711914 -0.5
vertex 27.127925872802734 48.89841079711914 -4.099999904632568
vertex 27.477895736694336 49.35163116455078 -4.099999904632568
endloop
endfacet
facet normal 0.00015647961273839437 0.9999999877570653 0
outer loop
vertex -114.90980529785156 -49.26799392700195 -4.099999904632568
vertex -114.90980529785156 -49.26799392700195 -0.5
vertex -91.04351043701172 -49.271728515625 -0.5
endloop
endfacet
facet normal -0.8654401338202943 -0.5010123499207493 0
outer loop
vertex -27.440799713134766 49.090641021728516 -0.5
vertex -27.440799713134766 49.090641021728516 -4.099999904632568
vertex -18.596912384033203 33.81386184692383 -4.099999904632568
endloop
endfacet
facet normal 0.6877063970378491 -0.7259889196628418 0
outer loop
vertex 27.477895736694336 49.35163116455078 -0.5
vertex 27.477895736694336 49.35163116455078 -4.099999904632568
vertex 27.89360809326172 49.74542236328125 -4.099999904632568
endloop
endfacet
facet normal 0.5674407143652322 -0.8234142552085644 0
outer loop
vertex 27.89360809326172 49.74542236328125 -0.5
vertex 27.89360809326172 49.74542236328125 -4.099999904632568
vertex 28.3651065826416 50.07034683227539 -4.099999904632568
endloop
endfacet
facet normal 0.4335958747293796 -0.9011074394419702 0
outer loop
vertex 28.3651065826416 50.07034683227539 -0.5
vertex 28.3651065826416 50.07034683227539 -4.099999904632568
vertex 28.881093978881836 50.31863021850586 -4.099999904632568
endloop
endfacet
facet normal 0.27745005065256007 -0.9607400633849366 0
outer loop
vertex 82.00813293457031 11.115387916564941 -4.099999904632568
vertex 82.00813293457031 11.115387916564941 -0.5
vertex 81.45800018310547 10.95651626586914 -0.5
endloop
endfacet
facet normal 0.4223757250882212 -0.906420844230868 0
outer loop
vertex 81.45800018310547 10.95651626586914 -4.099999904632568
vertex 81.45800018310547 10.95651626586914 -0.5
vertex 80.93897247314453 10.714658737182617 -0.5
endloop
endfacet
facet normal 0.5571805620900806 -0.8303913663020478 0
outer loop
vertex 80.93897247314453 10.714658737182617 -4.099999904632568
vertex 80.93897247314453 10.714658737182617 -0.5
vertex 80.4634780883789 10.395608901977539 -0.5
endloop
endfacet
facet normal 0.6786388906319204 -0.7344720934942841 0
outer loop
vertex 80.4634780883789 10.395608901977539 -4.099999904632568
vertex 80.4634780883789 10.395608901977539 -0.5
vertex 80.04290771484375 10.007009506225586 -0.5
endloop
endfacet
facet normal 0.7838457205747581 -0.6209556234841894 0
outer loop
vertex 80.04290771484375 10.007009506225586 -4.099999904632568
vertex 80.04290771484375 10.007009506225586 -0.5
vertex 79.68733978271484 9.558168411254883 -0.5
endloop
endfacet
facet normal 0 0 1
outer loop
vertex -137.779296875 4.571133136749268 -4.099999904632568
vertex -75.954833984375 -49.271728515625 -4.099999904632568
vertex -137.80247497558594 5.1432785987854 -4.099999904632568
endloop
endfacet
facet normal 0 0 1
outer loop
vertex -137.80247497558594 5.1432785987854 -4.099999904632568
vertex -75.954833984375 -49.271728515625 -4.099999904632568
vertex -137.7371063232422 5.712149143218994 -4.099999904632568
endloop
endfacet
facet normal 0 0 1
outer loop
vertex -137.7371063232422 5.712149143218994 -4.099999904632568
vertex -75.954833984375 -49.271728515625 -4.099999904632568
vertex -137.58473205566406 6.264118194580078 -4.099999904632568
endloop
endfacet
facet normal 0 0 1
outer loop
vertex -137.58473205566406 6.264118194580078 -4.099999904632568
vertex -75.954833984375 -49.271728515625 -4.099999904632568
vertex -137.34901428222656 6.785964488983154 -4.099999904632568
endloop
endfacet
facet normal 0 0 1
outer loop
vertex -137.34901428222656 6.785964488983154 -4.099999904632568
vertex -75.954833984375 -49.271728515625 -4.099999904632568
vertex -137.03558349609375 7.265188217163086 -4.099999904632568
endloop
endfacet
facet normal 0.2893522384170454 -0.9572226920226272 0
outer loop
vertex 28.881093978881836 50.31863021850586 -0.5
vertex 28.881093978881836 50.31863021850586 -4.099999904632568
vertex 29.429214477539062 50.484317779541016 -4.099999904632568
endloop
endfacet
facet normal 0 0 1
outer loop
vertex -137.03558349609375 7.265188217163086 -4.099999904632568
vertex -75.954833984375 -49.271728515625 -4.099999904632568
vertex -136.6519775390625 7.690309524536133 -4.099999904632568
endloop
endfacet
facet normal 0 0 1
outer loop
vertex -136.6519775390625 7.690309524536133 -4.099999904632568
vertex -75.954833984375 -49.271728515625 -4.099999904632568
vertex -136.2073516845703 8.051146507263184 -4.099999904632568
endloop
endfacet
facet normal 0 0 1
outer loop
vertex -136.2073516845703 8.051146507263184 -4.099999904632568
vertex -75.954833984375 -49.271728515625 -4.099999904632568
vertex -135.71238708496094 8.339055061340332 -4.099999904632568
endloop
endfacet
facet normal 0 0 1
outer loop
vertex -135.71238708496094 8.339055061340332 -4.099999904632568
vertex -75.954833984375 -49.271728515625 -4.099999904632568
vertex -135.1789093017578 8.547138214111328 -4.099999904632568
endloop
endfacet
facet normal 0 0 1
outer loop
vertex -135.1789093017578 8.547138214111328 -4.099999904632568
vertex -75.954833984375 -49.271728515625 -4.099999904632568
vertex -134.74752807617188 8.650372505187988 -4.099999904632568
endloop
endfacet
facet normal 0.8702688439846907 -0.4925770388371244 0
outer loop
vertex 79.68733978271484 9.558168411254883 -4.099999904632568
vertex 79.68733978271484 9.558168411254883 -0.5
vertex 79.40528106689453 9.059836387634277 -0.5
endloop
endfacet
facet normal 0 0 1
outer loop
vertex -30.409061431884766 50.57035446166992 -4.099999904632568
vertex -69.16400146484375 -16.93544578552246 -4.099999904632568
vertex -29.838062286376953 50.527366638183594 -4.099999904632568
endloop
endfacet
facet normal 0 0 1
outer loop
vertex -30.979856491088867 50.524723052978516 -4.099999904632568
vertex -69.16400146484375 -16.93544578552246 -4.099999904632568
vertex -30.409061431884766 50.57035446166992 -4.099999904632568
endloop
endfacet
facet normal 0.9358588124756759 -0.35237520218031454 0
outer loop
vertex 79.40528106689453 9.059836387634277 -4.099999904632568
vertex 79.40528106689453 9.059836387634277 -0.5
vertex 79.20350646972656 8.523951530456543 -0.5
endloop
endfacet
facet normal -0.9527671364082863 0.3037018007525706 0
outer loop
vertex 78.1369400024414 11.469408988952637 -4.099999904632568
vertex 78.1369400024414 11.469408988952637 -0.5
vertex 78.31084442138672 12.014978408813477 -0.5
endloop
endfacet
facet normal 0 0 1
outer loop
vertex -31.536771774291992 50.39155960083008 -4.099999904632568
vertex -69.16400146484375 -16.93544578552246 -4.099999904632568
vertex -30.979856491088867 50.524723052978516 -4.099999904632568
endloop
endfacet
facet normal 0 0 1
outer loop
vertex -32.066471099853516 50.17405700683594 -4.099999904632568
vertex -69.16400146484375 -16.93544578552246 -4.099999904632568
vertex -31.536771774291992 50.39155960083008 -4.099999904632568
endloop
endfacet
facet normal 0.9848421548509465 0.17345296200568117 0
outer loop
vertex -137.779296875 4.571133136749268 -4.099999904632568
vertex -137.779296875 4.571133136749268 -0.5
vertex -132.4056396484375 -25.939756393432617 -0.5
endloop
endfacet
facet normal -0.8944944659027863 0.4470790203859819 0
outer loop
vertex 77.88093566894531 10.957207679748535 -4.099999904632568
vertex 77.88093566894531 10.957207679748535 -0.5
vertex 78.1369400024414 11.469408988952637 -0.5
endloop
endfacet
facet normal 0.13818752165498185 -0.9904060828058628 0
outer loop
vertex 29.429214477539062 50.484317779541016 -0.5
vertex 29.429214477539062 50.484317779541016 -4.099999904632568
vertex 29.996335983276367 50.563446044921875 -4.099999904632568
endloop
endfacet
facet normal 0.34202185323647727 -0.9396919984275091 0
outer loop
vertex -62.058868408203125 36.143768310546875 -0.5
vertex -62.058868408203125 36.143768310546875 -4.099999904632568
vertex -46.69269561767578 41.736629486083984 -4.099999904632568
endloop
endfacet
facet normal -0.016294996179169418 -0.9998672277355234 0
outer loop
vertex 29.996335983276367 50.563446044921875 -0.5
vertex 29.996335983276367 50.563446044921875 -4.099999904632568
vertex 30.56887435913086 50.554115295410156 -4.099999904632568
endloop
endfacet
facet normal -0.1703840821406451 -0.9853777268403675 0
outer loop
vertex 30.56887435913086 50.554115295410156 -0.5
vertex 30.56887435913086 50.554115295410156 -4.099999904632568
vertex 31.13311767578125 50.45655059814453 -4.099999904632568
endloop
endfacet
facet normal -0.3203907358074276 -0.9472854777778318 0
outer loop
vertex 31.13311767578125 50.45655059814453 -0.5
vertex 31.13311767578125 50.45655059814453 -4.099999904632568
vertex 31.675546646118164 50.27309036254883 -4.099999904632568
endloop
endfacet
facet normal -0.44679231945356906 -0.8946377050389167 0
outer loop
vertex 31.675546646118164 50.27309036254883 -0.5
vertex 31.675546646118164 50.27309036254883 -4.099999904632568
vertex 32.07254409790039 50.074825286865234 -4.099999904632568
endloop
endfacet
facet normal 0.865849368144825 -0.5003047787930945 0
outer loop
vertex 27.127925872802734 48.89841079711914 -4.099999904632568
vertex 27.127925872802734 48.89841079711914 -0.5
vertex 18.518138885498047 33.9979362487793 -0.5
endloop
endfacet
facet normal -0.8147975586608933 0.579745580750943 0
outer loop
vertex 77.54896545410156 10.490643501281738 -4.099999904632568
vertex 77.54896545410156 10.490643501281738 -0.5
vertex 77.88093566894531 10.957207679748535 -0.5
endloop
endfacet
facet normal -0.7155751374766757 0.6985357704693701 0
outer loop
vertex 77.14897155761719 10.080892562866211 -4.099999904632568
vertex 77.14897155761719 10.080892562866211 -0.5
vertex 77.54896545410156 10.490643501281738 -0.5
endloop
endfacet
facet normal -0.5992269344808413 0.8005792159384938 0
outer loop
vertex 76.6905517578125 9.73776912689209 -4.099999904632568
vertex 76.6905517578125 9.73776912689209 -0.5
vertex 77.14897155761719 10.080892562866211 -0.5
endloop
endfacet
facet normal -0.4685111777340723 0.8834575690649963 0
outer loop
vertex 76.1846694946289 9.469491958618164 -4.099999904632568
vertex 76.1846694946289 9.469491958618164 -0.5
vertex 76.6905517578125 9.73776912689209 -0.5
endloop
endfacet
facet normal 0 0 1
outer loop
vertex -134.74752807617188 8.650372505187988 -4.099999904632568
vertex -75.954833984375 -49.271728515625 -4.099999904632568
vertex -101.05722045898438 14.584653854370117 -4.099999904632568
endloop
endfacet
facet normal 0 0 1
outer loop
vertex -74.95840454101562 -50.06995391845703 -4.099999904632568
vertex -96.51348114013672 8.918721199035645 -4.099999904632568
vertex -98.36316680908203 13.8409423828125 -4.099999904632568
endloop
endfacet
facet normal 0.791492706771671 -0.6111786114772453 0
outer loop
vertex 27.477895736694336 49.35163116455078 -4.099999904632568
vertex 27.477895736694336 49.35163116455078 -0.5
vertex 27.127925872802734 48.89841079711914 -0.5
endloop
endfacet
facet normal 0.6877063970378491 -0.7259889196628418 0
outer loop
vertex 27.89360809326172 49.74542236328125 -4.099999904632568
vertex 27.89360809326172 49.74542236328125 -0.5
vertex 27.477895736694336 49.35163116455078 -0.5
endloop
endfacet
facet normal -0.9315999592547191 -0.3634852347986169 0
outer loop
vertex -79.2325210571289 8.65851879119873 -4.099999904632568
vertex -79.2325210571289 8.65851879119873 -0.5
vertex -79.44065856933594 9.191967964172363 -0.5
endloop
endfacet
facet normal -0.8643562351351757 -0.5028800043578436 0
outer loop
vertex -79.44065856933594 9.191967964172363 -4.099999904632568
vertex -79.44065856933594 9.191967964172363 -0.5
vertex -79.7286148071289 9.686910629272461 -0.5
endloop
endfacet
facet normal 0.17320392320895575 -0.9848859837488938 0
outer loop
vertex -83.20877838134766 11.258511543273926 -4.099999904632568
vertex -83.20877838134766 11.258511543273926 -0.5
vertex -96.51348114013672 8.918721199035645 -0.5
endloop
endfacet
facet normal 0.04058586460647332 -0.9991760543538586 0
outer loop
vertex -82.63663482666016 11.28175163269043 -4.099999904632568
vertex -82.63663482666016 11.28175163269043 -0.5
vertex -83.20877838134766 11.258511543273926 -0.5
endloop
endfacet
facet normal -0.2660079825749985 -0.9639708259104003 0
outer loop
vertex -81.51577758789062 11.064108848571777 -4.099999904632568
vertex -81.51577758789062 11.064108848571777 -0.5
vertex -82.06776428222656 11.216429710388184 -0.5
endloop
endfacet
facet normal -0.11407778054995495 -0.993471821434708 0
outer loop
vertex -82.06776428222656 11.216429710388184 -4.099999904632568
vertex -82.06776428222656 11.216429710388184 -0.5
vertex -82.63663482666016 11.28175163269043 -0.5
endloop
endfacet
facet normal -0.5472738635214768 -0.8369535938785829 0
outer loop
vertex -80.99390411376953 10.828439712524414 -0.5
vertex -80.99390411376953 10.828439712524414 -4.099999904632568
vertex -80.51465606689453 10.51506519317627 -0.5
endloop
endfacet
facet normal -0.776408677302022 -0.6302297722340041 0
outer loop
vertex -80.08949279785156 10.131492614746094 -0.5
vertex -80.08949279785156 10.131492614746094 -4.099999904632568
vertex -79.7286148071289 9.686910629272461 -0.5
endloop
endfacet
facet normal -0.6698573414953051 -0.7424898262231223 0
outer loop
vertex -80.08949279785156 10.131492614746094 -4.099999904632568
vertex -80.08949279785156 10.131492614746094 -0.5
vertex -80.51465606689453 10.51506519317627 -0.5
endloop
endfacet
facet normal -0.41156400896489054 -0.9113808570102553 0
outer loop
vertex -80.99390411376953 10.828439712524414 -4.099999904632568
vertex -80.99390411376953 10.828439712524414 -0.5
vertex -81.51577758789062 11.064108848571777 -0.5
endloop
endfacet
facet normal -0.9797682371722631 -0.20013545769891974 0
outer loop
vertex -79.03372955322266 7.685329914093018 -4.099999904632568
vertex -79.03372955322266 7.685329914093018 -0.5
vertex -79.2325210571289 8.65851879119873 -0.5
endloop
endfacet
facet normal 0.17364925640652723 -0.9848075628007028 0
outer loop
vertex -79.03372955322266 7.685329914093018 -0.5
vertex -79.03372955322266 7.685329914093018 -4.099999904632568
vertex -75.42220306396484 8.3221435546875 -0.5
endloop
endfacet
facet normal 0.990028411422283 -0.1408678266201008 0
outer loop
vertex -75.32447814941406 9.008960723876953 -4.099999904632568
vertex -75.32447814941406 9.008960723876953 -0.5
vertex -75.42220306396484 8.3221435546875 -0.5
endloop
endfacet
facet normal 0.3640674457751981 0.9313725865230968 0
outer loop
vertex -76.49699401855469 9.531119346618652 -4.099999904632568
vertex -76.49699401855469 9.531119346618652 -0.5
vertex -75.96367645263672 9.322649002075195 -0.5
endloop
endfacet
facet normal 0.5034194695509234 0.8640421504053298 0
outer loop
vertex -76.99176025390625 9.81938648223877 -4.099999904632568
vertex -76.99176025390625 9.81938648223877 -0.5
vertex -76.49699401855469 9.531119346618652 -0.5
endloop
endfacet
facet normal 0.2175499745908793 0.9760491834715644 0
outer loop
vertex -75.96367645263672 9.322649002075195 -4.099999904632568
vertex -75.96367645263672 9.322649002075195 -0.5
vertex -75.42010498046875 9.201493263244629 -0.5
endloop
endfacet
facet normal 0.8956138297809324 0.4448324042885487 0
outer loop
vertex -75.42010498046875 9.201493263244629 -4.099999904632568
vertex -75.42010498046875 9.201493263244629 -0.5
vertex -75.32447814941406 9.008960723876953 -0.5
endloop
endfacet
facet normal 0.6307155090260564 0.7760141407693565 0
outer loop
vertex -77.43611907958984 10.18054485321045 -4.099999904632568
vertex -77.43611907958984 10.18054485321045 -0.5
vertex -76.99176025390625 9.81938648223877 -0.5
endloop
endfacet
facet normal 0.7429103463985333 0.6693909300356642 0
outer loop
vertex -77.81941986083984 10.60594367980957 -4.099999904632568
vertex -77.81941986083984 10.60594367980957 -0.5
vertex -77.43611907958984 10.18054485321045 -0.5
endloop
endfacet
facet normal 0.9116360217055566 0.4109984962610764 0
outer loop
vertex -78.36783599853516 11.60741138458252 -4.099999904632568
vertex -78.36783599853516 11.60741138458252 -0.5
vertex -78.13249206542969 11.085394859313965 -0.5
endloop
endfacet
facet normal 0.8373014999771279 0.5467414362713436 0
outer loop
vertex -78.13249206542969 11.085394859313965 -4.099999904632568
vertex -78.13249206542969 11.085394859313965 -0.5
vertex -77.81941986083984 10.60594367980957 -0.5
endloop
endfacet
facet normal 0.9573948739000989 0.28878202061384234 0
outer loop
vertex -78.48030090332031 11.980264663696289 -4.099999904632568
vertex -78.48030090332031 11.980264663696289 -0.5
vertex -78.36783599853516 11.60741138458252 -0.5
endloop
endfacet
facet normal 0.5674407143652322 -0.8234142552085644 0
outer loop
vertex 28.3651065826416 50.07034683227539 -4.099999904632568
vertex 28.3651065826416 50.07034683227539 -0.5
vertex 27.89360809326172 49.74542236328125 -0.5
endloop
endfacet
facet normal -0.44679231945356906 -0.8946377050389167 0
outer loop
vertex 32.07254409790039 50.074825286865234 -4.099999904632568
vertex 32.07254409790039 50.074825286865234 -0.5
vertex 31.675546646118164 50.27309036254883 -0.5
endloop
endfacet
facet normal 0 0 1
outer loop
vertex -75.954833984375 -49.271728515625 -4.099999904632568
vertex -98.8423843383789 14.154363632202148 -4.099999904632568
vertex -99.3642349243164 14.390085220336914 -4.099999904632568
endloop
endfacet
facet normal 0 0 1
outer loop
vertex -98.8423843383789 14.154363632202148 -4.099999904632568
vertex -75.954833984375 -49.271728515625 -4.099999904632568
vertex -98.36316680908203 13.8409423828125 -4.099999904632568
endloop
endfacet
facet normal 0 0 1
outer loop
vertex -101.05722045898438 14.584653854370117 -4.099999904632568
vertex -75.954833984375 -49.271728515625 -4.099999904632568
vertex -100.48507690429688 14.60783863067627 -4.099999904632568
endloop
endfacet
facet normal 0 0 1
outer loop
vertex -100.48507690429688 14.60783863067627 -4.099999904632568
vertex -75.954833984375 -49.271728515625 -4.099999904632568
vertex -99.91620635986328 14.542459487915039 -4.099999904632568
endloop
endfacet
facet normal 0 0 1
outer loop
vertex -99.91620635986328 14.542459487915039 -4.099999904632568
vertex -75.954833984375 -49.271728515625 -4.099999904632568
vertex -99.3642349243164 14.390085220336914 -4.099999904632568
endloop
endfacet
facet normal 0 0 1
outer loop
vertex -96.51348114013672 8.918721199035645 -4.099999904632568
vertex -74.43656158447266 -50.3056755065918 -4.099999904632568
vertex -79.03372955322266 7.685329914093018 -4.099999904632568
endloop
endfacet
facet normal 0 0 1
outer loop
vertex -79.03372955322266 7.685329914093018 -4.099999904632568
vertex -74.43656158447266 -50.3056755065918 -4.099999904632568
vertex -75.40510559082031 8.340195655822754 -4.099999904632568
endloop
endfacet
facet normal 0 0 1
outer loop
vertex -75.40510559082031 8.340195655822754 -4.099999904632568
vertex -74.43656158447266 -50.3056755065918 -4.099999904632568
vertex -75.32447814941406 9.008960723876953 -4.099999904632568
endloop
endfacet
facet normal 0 0 1
outer loop
vertex -75.32447814941406 9.008960723876953 -4.099999904632568
vertex -74.43656158447266 -50.3056755065918 -4.099999904632568
vertex -62.058868408203125 36.143768310546875 -4.099999904632568
endloop
endfacet
facet normal 0.5636278484286146 0.826028842399423 0
outer loop
vertex -131.64886474609375 -48.78010940551758 -0.5
vertex -131.64886474609375 -48.78010940551758 -4.099999904632568
vertex -132.12185668945312 -48.45737075805664 -4.099999904632568
endloop
endfacet
facet normal 0 0 1
outer loop
vertex -133.36724853515625 -46.57597732543945 -4.099999904632568
vertex -132.12185668945312 -48.45737075805664 -4.099999904632568
vertex -133.47955322265625 -46.01448440551758 -4.099999904632568
endloop
endfacet
facet normal 0 0 1
outer loop
vertex -133.47955322265625 -46.01448440551758 -4.099999904632568
vertex -130.01535034179688 -49.265628814697266 -4.099999904632568
vertex -133.50633239746094 -45.57172775268555 -4.099999904632568
endloop
endfacet
facet normal -0.32657589969359957 0.9451709801614288 0
outer loop
vertex 75.64344787597656 9.282488822937012 -4.099999904632568
vertex 75.64344787597656 9.282488822937012 -0.5
vertex 76.1846694946289 9.469491958618164 -0.5
endloop
endfacet
facet normal -0.1873225377387335 0.9822984611894293 0
outer loop
vertex 75.16947174072266 9.192102432250977 -4.099999904632568
vertex 75.16947174072266 9.192102432250977 -0.5
vertex 75.64344787597656 9.282488822937012 -0.5
endloop
endfacet
facet normal -0.9849571489456679 0.17279876950030978 0
outer loop
vertex 137.78302001953125 4.7125067710876465 -0.5
vertex 137.78302001953125 4.7125067710876465 -4.099999904632568
vertex 132.40310668945312 -25.953128814697266 -4.099999904632568
endloop
endfacet
facet normal 0.9385619896941633 0.34511069456238685 0
outer loop
vertex -133.1696319580078 -47.1134147644043 -0.5
vertex -133.1696319580078 -47.1134147644043 -4.099999904632568
vertex -133.36724853515625 -46.57597732543945 -4.099999904632568
endloop
endfacet
facet normal 0 0 1
outer loop
vertex 96.49698638916016 8.826321601867676 -4.099999904632568
vertex 132.40310668945312 -25.953128814697266 -4.099999904632568
vertex 137.78302001953125 4.7125067710876465 -4.099999904632568
endloop
endfacet
facet normal -0.9849571489456679 0.17279876950030978 0
outer loop
vertex 132.40310668945312 -25.953128814697266 -4.099999904632568
vertex 132.40310668945312 -25.953128814697266 -0.5
vertex 137.78302001953125 4.7125067710876465 -0.5
endloop
endfacet
facet normal 0.9805786258214698 0.1961263842069139 0
outer loop
vertex -133.36724853515625 -46.57597732543945 -0.5
vertex -133.36724853515625 -46.57597732543945 -4.099999904632568
vertex -133.47955322265625 -46.01448440551758 -4.099999904632568
endloop
endfacet
facet normal 0.9981759167995738 0.06037250302356425 0
outer loop
vertex -133.47955322265625 -46.01448440551758 -0.5
vertex -133.47955322265625 -46.01448440551758 -4.099999904632568
vertex -133.50633239746094 -45.57172775268555 -4.099999904632568
endloop
endfacet
facet normal -0.800522719972312 -0.5993024068098938 0
outer loop
vertex 136.87002563476562 7.354000568389893 -0.5
vertex 136.87002563476562 7.354000568389893 -4.099999904632568
vertex 137.21319580078125 6.895608425140381 -4.099999904632568
endloop
endfacet
facet normal 0.4335958747293796 -0.9011074394419702 0
outer loop
vertex 28.881093978881836 50.31863021850586 -4.099999904632568
vertex 28.881093978881836 50.31863021850586 -0.5
vertex 28.3651065826416 50.07034683227539 -0.5
endloop
endfacet
facet normal 0.2893522384170454 -0.9572226920226272 0
outer loop
vertex 29.429214477539062 50.484317779541016 -4.099999904632568
vertex 29.429214477539062 50.484317779541016 -0.5
vertex 28.881093978881836 50.31863021850586 -0.5
endloop
endfacet
facet normal -0.8923615022480154 0.4513213370822005 0
outer loop
vertex 75.04488372802734 8.945764541625977 -4.099999904632568
vertex 75.04488372802734 8.945764541625977 -0.5
vertex 75.16947174072266 9.192102432250977 -0.5
endloop
endfacet
facet normal -0.4470803524654586 -0.89449380011231 0
outer loop
vertex 79.05445098876953 33.03169250488281 -0.5
vertex 79.05445098876953 33.03169250488281 -4.099999904632568
vertex 79.566650390625 32.77568817138672 -4.099999904632568
endloop
endfacet
facet normal 0.13818752165498185 -0.9904060828058628 0
outer loop
vertex 29.996335983276367 50.563446044921875 -4.099999904632568
vertex 29.996335983276367 50.563446044921875 -0.5
vertex 29.429214477539062 50.484317779541016 -0.5
endloop
endfacet
facet normal -0.016294996179169418 -0.9998672277355234 0
outer loop
vertex 30.56887435913086 50.554115295410156 -4.099999904632568
vertex 30.56887435913086 50.554115295410156 -0.5
vertex 29.996335983276367 50.563446044921875 -0.5
endloop
endfacet
facet normal -0.8834118060226271 -0.46859746155932175 0
outer loop
vertex 137.21319580078125 6.895608425140381 -0.5
vertex 137.21319580078125 6.895608425140381 -4.099999904632568
vertex 137.4815216064453 6.389753818511963 -4.099999904632568
endloop
endfacet
facet normal -0.1703840821406451 -0.9853777268403675 0
outer loop
vertex 31.13311767578125 50.45655059814453 -4.099999904632568
vertex 31.13311767578125 50.45655059814453 -0.5
vertex 30.56887435913086 50.554115295410156 -0.5
endloop
endfacet
facet normal -0.9899299927001604 -0.14155779580320094 0
outer loop
vertex 75.1406021118164 8.276394844055176 -4.099999904632568
vertex 75.1406021118164 8.276394844055176 -0.5
vertex 75.04488372802734 8.945764541625977 -0.5
endloop
endfacet
facet normal -0.3203907358074276 -0.9472854777778318 0
outer loop
vertex 31.675546646118164 50.27309036254883 -4.099999904632568
vertex 31.675546646118164 50.27309036254883 -0.5
vertex 31.13311767578125 50.45655059814453 -0.5
endloop
endfacet
facet normal -0.30360206459311667 -0.9527989223203378 0
outer loop
vertex 134.93582153320312 8.515680313110352 -0.5
vertex 134.93582153320312 8.515680313110352 -4.099999904632568
vertex 135.48141479492188 8.34183120727539 -4.099999904632568
endloop
endfacet
facet normal 0 0 1
outer loop
vertex 75.64344787597656 9.282488822937012 -4.099999904632568
vertex 76.1846694946289 9.469491958618164 -4.099999904632568
vertex 76.6905517578125 9.73776912689209 -4.099999904632568
endloop
endfacet
facet normal -0.579666946754315 -0.8148535026865444 0
outer loop
vertex 135.99363708496094 8.085877418518066 -0.5
vertex 135.99363708496094 8.085877418518066 -4.099999904632568
vertex 136.46023559570312 7.753950595855713 -4.099999904632568
endloop
endfacet
facet normal -0.44699373835672895 -0.8945370857990608 0
outer loop
vertex 135.48141479492188 8.34183120727539 -0.5
vertex 135.48141479492188 8.34183120727539 -4.099999904632568
vertex 135.99363708496094 8.085877418518066 -4.099999904632568
endloop
endfacet
facet normal 0.04048942583379838 -0.9991799669707402 0
outer loop
vertex -101.05722045898438 14.584653854370117 -0.5
vertex -101.05722045898438 14.584653854370117 -4.099999904632568
vertex -100.48507690429688 14.60783863067627 -4.099999904632568
endloop
endfacet
facet normal -0.11417640784492443 -0.9934604913591831 0
outer loop
vertex -100.48507690429688 14.60783863067627 -0.5
vertex -100.48507690429688 14.60783863067627 -4.099999904632568
vertex -99.91620635986328 14.542459487915039 -4.099999904632568
endloop
endfacet
facet normal -0.2661014809280979 -0.9639450201374936 0
outer loop
vertex -99.91620635986328 14.542459487915039 -0.5
vertex -99.91620635986328 14.542459487915039 -4.099999904632568
vertex -99.3642349243164 14.390085220336914 -4.099999904632568
endloop
endfacet
facet normal -0.4116550842999514 -0.9113397234675992 0
outer loop
vertex -99.3642349243164 14.390085220336914 -0.5
vertex -99.3642349243164 14.390085220336914 -4.099999904632568
vertex -98.8423843383789 14.154363632202148 -4.099999904632568
endloop
endfacet
facet normal -0.6699299525803996 -0.7424243117218238 0
outer loop
vertex -98.36316680908203 13.8409423828125 -0.5
vertex -98.36316680908203 13.8409423828125 -4.099999904632568
vertex -97.93804168701172 13.457328796386719 -4.099999904632568
endloop
endfacet
facet normal -0.5473554388517289 -0.8369002470781277 0
outer loop
vertex -98.8423843383789 14.154363632202148 -0.5
vertex -98.8423843383789 14.154363632202148 -4.099999904632568
vertex -98.36316680908203 13.8409423828125 -4.099999904632568
endloop
endfacet
facet normal 0 0 1
outer loop
vertex -133.50633239746094 -45.57172775268555 -4.099999904632568
vertex -115.29664611816406 -49.07172775268555 -4.099999904632568
vertex -91.04351043701172 -49.271728515625 -4.099999904632568
endloop
endfacet
facet normal 0 0 1
outer loop
vertex -114.94309997558594 -49.21817398071289 -4.099999904632568
vertex -114.90980529785156 -49.26799392700195 -4.099999904632568
vertex -91.04351043701172 -49.271728515625 -4.099999904632568
endloop
endfacet
facet normal 0 0 1
outer loop
vertex -115.10530853271484 -49.10978698730469 -4.099999904632568
vertex -114.94309997558594 -49.21817398071289 -4.099999904632568
vertex -91.04351043701172 -49.271728515625 -4.099999904632568
endloop
endfacet
facet normal 0 0 1
outer loop
vertex -91.04351043701172 -49.271728515625 -4.099999904632568
vertex -115.29664611816406 -49.07172775268555 -4.099999904632568
vertex -115.10530853271484 -49.10978698730469 -4.099999904632568
endloop
endfacet
facet normal 0 0 1
outer loop
vertex 136.46023559570312 7.753950595855713 -4.099999904632568
vertex 96.49698638916016 8.826321601867676 -4.099999904632568
vertex 136.87002563476562 7.354000568389893 -4.099999904632568
endloop
endfacet
facet normal 0 0 1
outer loop
vertex 96.49698638916016 8.826321601867676 -4.099999904632568
vertex 137.21319580078125 6.895608425140381 -4.099999904632568
vertex 136.87002563476562 7.354000568389893 -4.099999904632568
endloop
endfacet
facet normal 0 0 1
outer loop
vertex 96.49698638916016 8.826321601867676 -4.099999904632568
vertex 137.4815216064453 6.389753818511963 -4.099999904632568
vertex 137.21319580078125 6.895608425140381 -4.099999904632568
endloop
endfacet
facet normal 0 0 1
outer loop
vertex 96.49698638916016 8.826321601867676 -4.099999904632568
vertex 137.6685791015625 5.848553657531738 -4.099999904632568
vertex 137.4815216064453 6.389753818511963 -4.099999904632568
endloop
endfacet
facet normal 0 0 1
outer loop
vertex 75.64344787597656 9.282488822937012 -4.099999904632568
vertex 76.6905517578125 9.73776912689209 -4.099999904632568
vertex 77.14897155761719 10.080892562866211 -4.099999904632568
endloop
endfacet
facet normal 0 0 1
outer loop
vertex 75.64344787597656 9.282488822937012 -4.099999904632568
vertex 77.14897155761719 10.080892562866211 -4.099999904632568
vertex 77.54896545410156 10.490643501281738 -4.099999904632568
endloop
endfacet
facet normal 0 0 1
outer loop
vertex 75.16947174072266 9.192102432250977 -4.099999904632568
vertex 75.64344787597656 9.282488822937012 -4.099999904632568
vertex 78.31084442138672 12.014978408813477 -4.099999904632568
endloop
endfacet
facet normal 0 0 1
outer loop
vertex 75.64344787597656 9.282488822937012 -4.099999904632568
vertex 77.54896545410156 10.490643501281738 -4.099999904632568
vertex 77.88093566894531 10.957207679748535 -4.099999904632568
endloop
endfacet
facet normal -0.698462405669021 -0.7156467479609222 0
outer loop
vertex 136.46023559570312 7.753950595855713 -0.5
vertex 136.46023559570312 7.753950595855713 -4.099999904632568
vertex 136.87002563476562 7.354000568389893 -4.099999904632568
endloop
endfacet
facet normal 0.13358263770866038 0.9910376778421681 0
outer loop
vertex -130.01535034179688 -49.265628814697266 -0.5
vertex -130.01535034179688 -49.265628814697266 -4.099999904632568
vertex -130.5828399658203 -49.18913650512695 -4.099999904632568
endloop
endfacet
facet normal 0 0 1
outer loop
vertex 96.49698638916016 8.826321601867676 -4.099999904632568
vertex 137.76988220214844 5.284971714019775 -4.099999904632568
vertex 137.6685791015625 5.848553657531738 -4.099999904632568
endloop
endfacet
facet normal 0 0 1
outer loop
vertex 78.31084442138672 12.014978408813477 -4.099999904632568
vertex 75.64344787597656 9.282488822937012 -4.099999904632568
vertex 78.1369400024414 11.469408988952637 -4.099999904632568
endloop
endfacet
facet normal 0 0 1
outer loop
vertex -133.50633239746094 -45.57172775268555 -4.099999904632568
vertex -91.04351043701172 -49.271728515625 -4.099999904632568
vertex -133.50022888183594 -28.362703323364258 -4.099999904632568
endloop
endfacet
facet normal 0.6843239587621281 0.7291781123046202 0
outer loop
vertex -132.53939819335938 -48.065513610839844 -4.099999904632568
vertex -132.53939819335938 -48.065513610839844 -0.5
vertex -132.12185668945312 -48.45737075805664 -0.5
endloop
endfacet
facet normal 0.7886507670237702 0.614841416686302 0
outer loop
vertex -132.89146423339844 -47.613922119140625 -4.099999904632568
vertex -132.89146423339844 -47.613922119140625 -0.5
vertex -132.53939819335938 -48.065513610839844 -0.5
endloop
endfacet
facet normal 0.874077132644441 0.48578716140720735 0
outer loop
vertex -133.1696319580078 -47.1134147644043 -4.099999904632568
vertex -133.1696319580078 -47.1134147644043 -0.5
vertex -132.89146423339844 -47.613922119140625 -0.5
endloop
endfacet
facet normal -0.945137676041785 -0.32667227205003774 0
outer loop
vertex 137.6685791015625 5.848553657531738 -0.5
vertex 137.4815216064453 6.389753818511963 -4.099999904632568
vertex 137.6685791015625 5.848553657531738 -4.099999904632568
endloop
endfacet
facet normal 0 0 1
outer loop
vertex 79.01721954345703 7.5928497314453125 -4.099999904632568
vertex 79.40528106689453 9.059836387634277 -4.099999904632568
vertex 79.20350646972656 8.523951530456543 -4.099999904632568
endloop
endfacet
facet normal 0 0 1
outer loop
vertex 79.40528106689453 9.059836387634277 -4.099999904632568
vertex 79.01721954345703 7.5928497314453125 -4.099999904632568
vertex 79.68733978271484 9.558168411254883 -4.099999904632568
endloop
endfacet
facet normal 0.9981759167995738 0.06037250302356425 0
outer loop
vertex -133.50633239746094 -45.57172775268555 -4.099999904632568
vertex -133.50633239746094 -45.57172775268555 -0.5
vertex -133.47955322265625 -46.01448440551758 -0.5
endloop
endfacet
facet normal 0.9805786258214698 0.1961263842069139 0
outer loop
vertex -133.47955322265625 -46.01448440551758 -4.099999904632568
vertex -133.47955322265625 -46.01448440551758 -0.5
vertex -133.36724853515625 -46.57597732543945 -0.5
endloop
endfacet
facet normal 0.9385619896941633 0.34511069456238685 0
outer loop
vertex -133.36724853515625 -46.57597732543945 -4.099999904632568
vertex -133.36724853515625 -46.57597732543945 -0.5
vertex -133.1696319580078 -47.1134147644043 -0.5
endloop
endfacet
facet normal 0 0 1
outer loop
vertex 79.68733978271484 9.558168411254883 -4.099999904632568
vertex 79.01721954345703 7.5928497314453125 -4.099999904632568
vertex 80.04290771484375 10.007009506225586 -4.099999904632568
endloop
endfacet
facet normal 0 0 1
outer loop
vertex 80.04290771484375 10.007009506225586 -4.099999904632568
vertex 79.01721954345703 7.5928497314453125 -4.099999904632568
vertex 80.4634780883789 10.395608901977539 -4.099999904632568
endloop
endfacet
facet normal 0 0 1
outer loop
vertex -76.49699401855469 9.531119346618652 -4.099999904632568
vertex -75.96367645263672 9.322649002075195 -4.099999904632568
vertex -62.058868408203125 36.143768310546875 -4.099999904632568
endloop
endfacet
facet normal 0 0 1
outer loop
vertex -62.058868408203125 36.143768310546875 -4.099999904632568
vertex -75.96367645263672 9.322649002075195 -4.099999904632568
vertex -75.42010498046875 9.201493263244629 -4.099999904632568
endloop
endfacet
facet normal 0 0 1
outer loop
vertex -75.42010498046875 9.201493263244629 -4.099999904632568
vertex -75.32447814941406 9.008960723876953 -4.099999904632568
vertex -62.058868408203125 36.143768310546875 -4.099999904632568
endloop
endfacet
facet normal 0 0 1
outer loop
vertex -78.13249206542969 11.085394859313965 -4.099999904632568
vertex -77.81941986083984 10.60594367980957 -4.099999904632568
vertex -62.058868408203125 36.143768310546875 -4.099999904632568
endloop
endfacet
facet normal 0 0 1
outer loop
vertex -78.36783599853516 11.60741138458252 -4.099999904632568
vertex -78.13249206542969 11.085394859313965 -4.099999904632568
vertex -62.058868408203125 36.143768310546875 -4.099999904632568
endloop
endfacet
facet normal 0 0 1
outer loop
vertex -78.48030090332031 11.980264663696289 -4.099999904632568
vertex -78.36783599853516 11.60741138458252 -4.099999904632568
vertex -62.058868408203125 36.143768310546875 -4.099999904632568
endloop
endfacet
facet normal 0 0 1
outer loop
vertex -77.43611907958984 10.18054485321045 -4.099999904632568
vertex -76.99176025390625 9.81938648223877 -4.099999904632568
vertex -62.058868408203125 36.143768310546875 -4.099999904632568
endloop
endfacet
facet normal 0 0 1
outer loop
vertex -62.058868408203125 36.143768310546875 -4.099999904632568
vertex -76.99176025390625 9.81938648223877 -4.099999904632568
vertex -76.49699401855469 9.531119346618652 -4.099999904632568
endloop
endfacet
facet normal 0 0 1
outer loop
vertex -77.81941986083984 10.60594367980957 -4.099999904632568
vertex -77.43611907958984 10.18054485321045 -4.099999904632568
vertex -62.058868408203125 36.143768310546875 -4.099999904632568
endloop
endfacet
facet normal 0 0 1
outer loop
vertex 80.4634780883789 10.395608901977539 -4.099999904632568
vertex 79.01721954345703 7.5928497314453125 -4.099999904632568
vertex 80.93897247314453 10.714658737182617 -4.099999904632568
endloop
endfacet
facet normal -0.9842264245347884 -0.17691338346057017 0
outer loop
vertex 137.6685791015625 5.848553657531738 -0.5
vertex 137.6685791015625 5.848553657531738 -4.099999904632568
vertex 137.76988220214844 5.284971714019775 -4.099999904632568
endloop
endfacet
facet normal 0 0 1
outer loop
vertex 76.0175552368164 -49.271728515625 -4.099999904632568
vertex 65.20040130615234 -49.271728515625 -4.099999904632568
vertex 72.9609146118164 -50.61296081542969 -4.099999904632568
endloop
endfacet
facet normal 0 0 1
outer loop
vertex 76.0175552368164 -49.271728515625 -4.099999904632568
vertex 72.9609146118164 -50.61296081542969 -4.099999904632568
vertex 73.56932830810547 -50.59601974487305 -4.099999904632568
endloop
endfacet
facet normal 0 0 1
outer loop
vertex 76.0175552368164 -49.271728515625 -4.099999904632568
vertex 73.56932830810547 -50.59601974487305 -4.099999904632568
vertex 74.09696197509766 -50.498504638671875 -4.099999904632568
endloop
endfacet
facet normal 0.34202185323647727 -0.9396919984275091 0
outer loop
vertex -46.69269561767578 41.736629486083984 -4.099999904632568
vertex -46.69269561767578 41.736629486083984 -0.5
vertex -62.058868408203125 36.143768310546875 -0.5
endloop
endfacet
facet normal 0 0 1
outer loop
vertex 76.0175552368164 -49.271728515625 -4.099999904632568
vertex 74.09696197509766 -50.498504638671875 -4.099999904632568
vertex 74.6381607055664 -50.31143569946289 -4.099999904632568
endloop
endfacet
facet normal 0 0 1
outer loop
vertex 76.0175552368164 -49.271728515625 -4.099999904632568
vertex 74.6381607055664 -50.31143569946289 -4.099999904632568
vertex 75.14401245117188 -50.0431022644043 -4.099999904632568
endloop
endfacet
facet normal 0.9847841836781255 0.17378179299744792 0
outer loop
vertex -78.48030090332031 11.980264663696289 -4.099999904632568
vertex -81.51349639892578 29.168733596801758 -4.099999904632568
vertex -78.48030090332031 11.980264663696289 -0.5
endloop
endfacet
facet normal 0 0 1
outer loop
vertex -78.48030090332031 11.980264663696289 -4.099999904632568
vertex -78.48208618164062 33.24790954589844 -4.099999904632568
vertex -81.51349639892578 29.168733596801758 -4.099999904632568
endloop
endfacet
facet normal 0.4996878424141355 -0.8662055530551084 0
outer loop
vertex -46.69269561767578 41.736629486083984 -0.5
vertex -46.69269561767578 41.736629486083984 -4.099999904632568
vertex -32.066471099853516 50.17405700683594 -4.099999904632568
endloop
endfacet
facet normal -0.11417640784492443 -0.9934604913591831 0
outer loop
vertex -99.91620635986328 14.542459487915039 -4.099999904632568
vertex -99.91620635986328 14.542459487915039 -0.5
vertex -100.48507690429688 14.60783863067627 -0.5
endloop
endfacet
facet normal 0.04048942583379838 -0.9991799669707402 0
outer loop
vertex -100.48507690429688 14.60783863067627 -4.099999904632568
vertex -100.48507690429688 14.60783863067627 -0.5
vertex -101.05722045898438 14.584653854370117 -0.5
endloop
endfacet
facet normal -0.2661014809280979 -0.9639450201374936 0
outer loop
vertex -99.3642349243164 14.390085220336914 -4.099999904632568
vertex -99.3642349243164 14.390085220336914 -0.5
vertex -99.91620635986328 14.542459487915039 -0.5
endloop
endfacet
facet normal -0.4116550842999514 -0.9113397234675992 0
outer loop
vertex -98.8423843383789 14.154363632202148 -4.099999904632568
vertex -98.8423843383789 14.154363632202148 -0.5
vertex -99.3642349243164 14.390085220336914 -0.5
endloop
endfacet
facet normal -0.6699299525803996 -0.7424243117218238 0
outer loop
vertex -97.93804168701172 13.457328796386719 -4.099999904632568
vertex -97.93804168701172 13.457328796386719 -0.5
vertex -98.36316680908203 13.8409423828125 -0.5
endloop
endfacet
facet normal -0.5473554388517289 -0.8369002470781277 0
outer loop
vertex -98.36316680908203 13.8409423828125 -4.099999904632568
vertex -98.36316680908203 13.8409423828125 -0.5
vertex -98.8423843383789 14.154363632202148 -0.5
endloop
endfacet
facet normal 0 0 1
outer loop
vertex 76.0175552368164 -49.271728515625 -4.099999904632568
vertex 75.14401245117188 -50.0431022644043 -4.099999904632568
vertex 75.6023941040039 -49.69992446899414 -4.099999904632568
endloop
endfacet
facet normal -0.02783386873004536 0.9996125628219757 0
outer loop
vertex 73.56932830810547 -50.59601974487305 -0.5
vertex 73.56932830810547 -50.59601974487305 -4.099999904632568
vertex 72.9609146118164 -50.61296081542969 -4.099999904632568
endloop
endfacet
facet normal 0 0 1
outer loop
vertex -132.12185668945312 -48.45737075805664 -4.099999904632568
vertex -132.89146423339844 -47.613922119140625 -4.099999904632568
vertex -132.53939819335938 -48.065513610839844 -4.099999904632568
endloop
endfacet
facet normal -0.34202185323647727 -0.9396919984275091 0
outer loop
vertex 46.51469802856445 41.736629486083984 -0.5
vertex 46.51469802856445 41.736629486083984 -4.099999904632568
vertex 61.8808708190918 36.143768310546875 -4.099999904632568
endloop
endfacet
facet normal 0.980567192055938 -0.19618354126565551 0
outer loop
vertex 79.20350646972656 8.523951530456543 -4.099999904632568
vertex 79.20350646972656 8.523951530456543 -0.5
vertex 79.01721954345703 7.5928497314453125 -0.5
endloop
endfacet
facet normal -0.7570636019921765 -0.6533411838684527 0
outer loop
vertex 132.7654571533203 -26.373004913330078 -4.099999904632568
vertex 132.7654571533203 -26.373004913330078 -0.5
vertex 132.40310668945312 -25.953128814697266 -0.5
endloop
endfacet
facet normal -0.8478352721871457 -0.5302597016890388 0
outer loop
vertex 133.069091796875 -26.858488082885742 -4.099999904632568
vertex 133.069091796875 -26.858488082885742 -0.5
vertex 132.7654571533203 -26.373004913330078 -0.5
endloop
endfacet
facet normal -0.7570636019921765 -0.6533411838684527 0
outer loop
vertex 132.40310668945312 -25.953128814697266 -0.5
vertex 132.40310668945312 -25.953128814697266 -4.099999904632568
vertex 132.7654571533203 -26.373004913330078 -4.099999904632568
endloop
endfacet
facet normal -0.8478352721871457 -0.5302597016890388 0
outer loop
vertex 132.7654571533203 -26.373004913330078 -0.5
vertex 132.7654571533203 -26.373004913330078 -4.099999904632568
vertex 133.069091796875 -26.858488082885742 -4.099999904632568
endloop
endfacet
facet normal 0 0 1
outer loop
vertex 75.1406021118164 8.276394844055176 -4.099999904632568
vertex 132.7654571533203 -26.373004913330078 -4.099999904632568
vertex 132.40310668945312 -25.953128814697266 -4.099999904632568
endloop
endfacet
facet normal 0 0 1
outer loop
vertex 75.1406021118164 8.276394844055176 -4.099999904632568
vertex 133.069091796875 -26.858488082885742 -4.099999904632568
vertex 132.7654571533203 -26.373004913330078 -4.099999904632568
endloop
endfacet
facet normal 0 0 1
outer loop
vertex 75.1406021118164 8.276394844055176 -4.099999904632568
vertex 133.294189453125 -27.385007858276367 -4.099999904632568
vertex 133.069091796875 -26.858488082885742 -4.099999904632568
endloop
endfacet
facet normal 0 0 1
outer loop
vertex 75.1406021118164 8.276394844055176 -4.099999904632568
vertex 133.43533325195312 -27.93995475769043 -4.099999904632568
vertex 133.294189453125 -27.385007858276367 -4.099999904632568
endloop
endfacet
facet normal 0 0 1
outer loop
vertex 75.1406021118164 8.276394844055176 -4.099999904632568
vertex 133.4837646484375 -45.7807502746582 -4.099999904632568
vertex 133.43533325195312 -27.93995475769043 -4.099999904632568
endloop
endfacet
facet normal 0 0 1
outer loop
vertex 79.01721954345703 7.5928497314453125 -4.099999904632568
vertex 132.40310668945312 -25.953128814697266 -4.099999904632568
vertex 96.49698638916016 8.826321601867676 -4.099999904632568
endloop
endfacet
facet normal 0 0 1
outer loop
vertex 132.40310668945312 -25.953128814697266 -4.099999904632568
vertex 79.01721954345703 7.5928497314453125 -4.099999904632568
vertex 75.1406021118164 8.276394844055176 -4.099999904632568
endloop
endfacet
facet normal -0.1736464198908739 -0.9848080629539353 0
outer loop
vertex 79.01721954345703 7.5928497314453125 -4.099999904632568
vertex 79.01721954345703 7.5928497314453125 -0.5
vertex 75.1406021118164 8.276394844055176 -0.5
endloop
endfacet
facet normal -0.5797487276827492 -0.8147953195436469 0
outer loop
vertex 80.03321075439453 32.44371795654297 -0.5
vertex 79.566650390625 32.77568817138672 -4.099999904632568
vertex 80.03321075439453 32.44371795654297 -4.099999904632568
endloop
endfacet
facet normal 0 0 1
outer loop
vertex -131.13172912597656 -49.02599334716797 -4.099999904632568
vertex -133.47955322265625 -46.01448440551758 -4.099999904632568
vertex -131.64886474609375 -48.78010940551758 -4.099999904632568
endloop
endfacet
facet normal 0.7155751374766757 -0.6985357704693701 0
outer loop
vertex 98.16573333740234 13.599716186523438 -4.099999904632568
vertex 98.16573333740234 13.599716186523438 -0.5
vertex 97.76573944091797 13.18996524810791 -0.5
endloop
endfacet
facet normal 0.5992269344808413 -0.8005792159384938 0
outer loop
vertex 98.62415313720703 13.942839622497559 -4.099999904632568
vertex 98.62415313720703 13.942839622497559 -0.5
vertex 98.16573333740234 13.599716186523438 -0.5
endloop
endfacet
facet normal 0.4685111777340723 -0.8834575690649963 0
outer loop
vertex 98.62415313720703 13.942839622497559 -0.5
vertex 98.62415313720703 13.942839622497559 -4.099999904632568
vertex 99.13003540039062 14.211116790771484 -0.5
endloop
endfacet
facet normal 0.3265773875318967 -0.9451704660815642 0
outer loop
vertex 99.67125701904297 14.398120880126953 -4.099999904632568
vertex 99.67125701904297 14.398120880126953 -0.5
vertex 99.13003540039062 14.211116790771484 -0.5
endloop
endfacet
facet normal -0.6985315267624117 -0.7155792801073644 0
outer loop
vertex 80.03321075439453 32.44371795654297 -0.5
vertex 80.03321075439453 32.44371795654297 -4.099999904632568
vertex 80.44296264648438 32.04372787475586 -4.099999904632568
endloop
endfacet
facet normal -0.8834547698374677 -0.4685164561159266 0
outer loop
vertex 81.05436706542969 31.07942008972168 -0.5
vertex 80.78608703613281 31.58530044555664 -4.099999904632568
vertex 81.05436706542969 31.07942008972168 -4.099999904632568
endloop
endfacet
facet normal -0.9451701108272496 -0.3265784156964524 0
outer loop
vertex 81.05436706542969 31.07942008972168 -0.5
vertex 81.05436706542969 31.07942008972168 -4.099999904632568
vertex 81.24137115478516 30.53820037841797 -4.099999904632568
endloop
endfacet
facet normal -0.9842431551904735 -0.17682028011713358 0
outer loop
vertex 81.24137115478516 30.53820037841797 -0.5
vertex 81.24137115478516 30.53820037841797 -4.099999904632568
vertex 81.34262084960938 29.974609375 -4.099999904632568
endloop
endfacet
facet normal 0 -1 0
outer loop
vertex -18.413785934448242 30.764554977416992 -0.5
vertex -18.413785934448242 30.764554977416992 -4.099999904632568
vertex 18.235788345336914 30.764554977416992 -0.5
endloop
endfacet
facet normal -0.9997395070844067 -0.022823627551892486 0
outer loop
vertex 81.34262084960938 29.974609375 -0.5
vertex 81.34262084960938 29.974609375 -4.099999904632568
vertex 81.3556900024414 29.402143478393555 -4.099999904632568
endloop
endfacet
facet normal -0.17400453687869635 -0.9847448507840142 0
outer loop
vertex 61.8808708190918 36.143768310546875 -0.5
vertex 61.8808708190918 36.143768310546875 -4.099999904632568
vertex 78.50888061523438 33.205596923828125 -4.099999904632568
endloop
endfacet
facet normal -0.8654401338202943 -0.5010123499207493 0
outer loop
vertex -18.596912384033203 33.81386184692383 -4.099999904632568
vertex -18.596912384033203 33.81386184692383 -0.5
vertex -27.440799713134766 49.090641021728516 -0.5
endloop
endfacet
facet normal -0.9250708148960864 -0.37979466482230945 0
outer loop
vertex -18.379436492919922 33.28415298461914 -4.099999904632568
vertex -18.379436492919922 33.28415298461914 -0.5
vertex -18.596912384033203 33.81386184692383 -0.5
endloop
endfacet
facet normal -0.9194947585625243 -0.39310226274602555 0
outer loop
vertex 133.069091796875 -26.858488082885742 -4.099999904632568
vertex 133.294189453125 -27.385007858276367 -0.5
vertex 133.069091796875 -26.858488082885742 -0.5
endloop
endfacet
facet normal -0.9691453378105014 -0.24648998803231154 0
outer loop
vertex 133.43533325195312 -27.93995475769043 -4.099999904632568
vertex 133.43533325195312 -27.93995475769043 -0.5
vertex 133.294189453125 -27.385007858276367 -0.5
endloop
endfacet
facet normal -0.9725956287286739 -0.23250321068293958 0
outer loop
vertex -18.246301651000977 32.727230072021484 -4.099999904632568
vertex -18.246301651000977 32.727230072021484 -0.5
vertex -18.379436492919922 33.28415298461914 -0.5
endloop
endfacet
facet normal -0.9968234708743693 -0.07964275179811059 0
outer loop
vertex -18.20069694519043 32.15643310546875 -4.099999904632568
vertex -18.20069694519043 32.15643310546875 -0.5
vertex -18.246301651000977 32.727230072021484 -0.5
endloop
endfacet
facet normal -0.9999963153761704 -0.002714633323768334 0
outer loop
vertex 133.4837646484375 -45.7807502746582 -4.099999904632568
vertex 133.4837646484375 -45.7807502746582 -0.5
vertex 133.43533325195312 -27.93995475769043 -0.5
endloop
endfacet
facet normal -0.9194947585625243 -0.39310226274602555 0
outer loop
vertex 133.294189453125 -27.385007858276367 -0.5
vertex 133.069091796875 -26.858488082885742 -4.099999904632568
vertex 133.294189453125 -27.385007858276367 -4.099999904632568
endloop
endfacet
facet normal -0.9691453378105014 -0.24648998803231154 0
outer loop
vertex 133.294189453125 -27.385007858276367 -0.5
vertex 133.294189453125 -27.385007858276367 -4.099999904632568
vertex 133.43533325195312 -27.93995475769043 -4.099999904632568
endloop
endfacet
facet normal -0.9999963153761704 -0.002714633323768334 0
outer loop
vertex 133.43533325195312 -27.93995475769043 -0.5
vertex 133.43533325195312 -27.93995475769043 -4.099999904632568
vertex 133.4837646484375 -45.7807502746582 -4.099999904632568
endloop
endfacet
facet normal 0 0 1
outer loop
vertex 75.1406021118164 8.276394844055176 -4.099999904632568
vertex 133.40725708007812 -46.348236083984375 -4.099999904632568
vertex 133.4837646484375 -45.7807502746582 -4.099999904632568
endloop
endfacet
facet normal 0 0 1
outer loop
vertex 75.1406021118164 8.276394844055176 -4.099999904632568
vertex 133.24412536621094 -46.897117614746094 -4.099999904632568
vertex 133.40725708007812 -46.348236083984375 -4.099999904632568
endloop
endfacet
facet normal 0 0 1
outer loop
vertex 75.1406021118164 8.276394844055176 -4.099999904632568
vertex 132.99822998046875 -47.41425323486328 -4.099999904632568
vertex 133.24412536621094 -46.897117614746094 -4.099999904632568
endloop
endfacet
facet normal 0 0 1
outer loop
vertex 75.1406021118164 8.276394844055176 -4.099999904632568
vertex 132.67550659179688 -47.88725280761719 -4.099999904632568
vertex 132.99822998046875 -47.41425323486328 -4.099999904632568
endloop
endfacet
facet normal 0 0 1
outer loop
vertex 75.1406021118164 8.276394844055176 -4.099999904632568
vertex 132.2836456298828 -48.30479049682617 -4.099999904632568
vertex 132.67550659179688 -47.88725280761719 -4.099999904632568
endloop
endfacet
facet normal 0 0 1
outer loop
vertex 75.1406021118164 8.276394844055176 -4.099999904632568
vertex 131.83204650878906 -48.6568603515625 -4.099999904632568
vertex 132.2836456298828 -48.30479049682617 -4.099999904632568
endloop
endfacet
facet normal 0 0 1
outer loop
vertex -132.89146423339844 -47.613922119140625 -4.099999904632568
vertex -132.12185668945312 -48.45737075805664 -4.099999904632568
vertex -133.1696319580078 -47.1134147644043 -4.099999904632568
endloop
endfacet
facet normal 0 0 1
outer loop
vertex 75.1406021118164 8.276394844055176 -4.099999904632568
vertex 130.7941131591797 -49.13263702392578 -4.099999904632568
vertex 131.33154296875 -48.935028076171875 -4.099999904632568
endloop
endfacet
facet normal -0.181738180741592 0.9833469548743904 0
outer loop
vertex 74.09696197509766 -50.498504638671875 -0.5
vertex 74.09696197509766 -50.498504638671875 -4.099999904632568
vertex 73.56932830810547 -50.59601974487305 -4.099999904632568
endloop
endfacet
facet normal 0 0 1
outer loop
vertex 75.1406021118164 8.276394844055176 -4.099999904632568
vertex 129.78985595703125 -49.271728515625 -4.099999904632568
vertex 130.2326202392578 -49.24494934082031 -4.099999904632568
endloop
endfacet
facet normal 0 0 1
outer loop
vertex 75.1406021118164 8.276394844055176 -4.099999904632568
vertex 126.62968444824219 -49.21817398071289 -4.099999904632568
vertex 129.78985595703125 -49.271728515625 -4.099999904632568
endloop
endfacet
facet normal 0 0 1
outer loop
vertex 126.46747589111328 -49.10978698730469 -4.099999904632568
vertex 126.62968444824219 -49.21817398071289 -4.099999904632568
vertex 75.1406021118164 8.276394844055176 -4.099999904632568
endloop
endfacet
facet normal -0.9971740444931196 0.0751260606529705 0
outer loop
vertex -18.243715286254883 31.58543586730957 -4.099999904632568
vertex -18.243715286254883 31.58543586730957 -0.5
vertex -18.20069694519043 32.15643310546875 -0.5
endloop
endfacet
facet normal -0.9736385417952732 0.2280964487465206 0
outer loop
vertex -18.374326705932617 31.027915954589844 -4.099999904632568
vertex -18.374326705932617 31.027915954589844 -0.5
vertex -18.243715286254883 31.58543586730957 -0.5
endloop
endfacet
facet normal -0.9424051590523738 0.33447349101456497 0
outer loop
vertex -18.450716018676758 30.81268310546875 -4.099999904632568
vertex -18.450716018676758 30.81268310546875 -0.5
vertex -18.374326705932617 31.027915954589844 -0.5
endloop
endfacet
facet normal -0.9910340308794441 0.13360969141062046 0
outer loop
vertex 133.40725708007812 -46.348236083984375 -4.099999904632568
vertex 133.40725708007812 -46.348236083984375 -0.5
vertex 133.4837646484375 -45.7807502746582 -0.5
endloop
endfacet
facet normal -0.9585598620637392 0.28489119122981904 0
outer loop
vertex 133.24412536621094 -46.897117614746094 -4.099999904632568
vertex 133.24412536621094 -46.897117614746094 -0.5
vertex 133.40725708007812 -46.348236083984375 -0.5
endloop
endfacet
facet normal -0.7933527615599418 -0.6087621832252841 0
outer loop
vertex -18.413785934448242 30.764554977416992 -4.099999904632568
vertex -18.413785934448242 30.764554977416992 -0.5
vertex -18.450716018676758 30.81268310546875 -0.5
endloop
endfacet
facet normal -0.3266908961259172 0.9451312387115586 0
outer loop
vertex 74.09696197509766 -50.498504638671875 -0.5
vertex 74.6381607055664 -50.31143569946289 -4.099999904632568
vertex 74.09696197509766 -50.498504638671875 -4.099999904632568
endloop
endfacet
facet normal 0.8147975586608933 -0.579745580750943 0
outer loop
vertex 97.43376922607422 12.723401069641113 -0.5
vertex 97.43376922607422 12.723401069641113 -4.099999904632568
vertex 97.76573944091797 13.18996524810791 -4.099999904632568
endloop
endfacet
facet normal -0.30370131883771107 -0.9527672900221936 0
outer loop
vertex 78.50888061523438 33.205596923828125 -0.5
vertex 78.50888061523438 33.205596923828125 -4.099999904632568
vertex 79.05445098876953 33.03169250488281 -4.099999904632568
endloop
endfacet
facet normal 0.8944944659027863 -0.4470790203859819 0
outer loop
vertex 97.17776489257812 12.211199760437012 -0.5
vertex 97.17776489257812 12.211199760437012 -4.099999904632568
vertex 97.43376922607422 12.723401069641113 -4.099999904632568
endloop
endfacet
facet normal 0 0 1
outer loop
vertex 29.836002349853516 -49.63544464111328 -4.099999904632568
vertex 30.105178833007812 -49.58162307739258 -4.099999904632568
vertex 30.295175552368164 -49.46379852294922 -4.099999904632568
endloop
endfacet
facet normal 0 0 1
outer loop
vertex 29.836002349853516 -49.63544464111328 -4.099999904632568
vertex 30.295175552368164 -49.46379852294922 -4.099999904632568
vertex 30.448965072631836 -49.271728515625 -4.099999904632568
endloop
endfacet
facet normal -0.34202185323647727 -0.9396919984275091 0
outer loop
vertex 61.8808708190918 36.143768310546875 -4.099999904632568
vertex 61.8808708190918 36.143768310546875 -0.5
vertex 46.51469802856445 41.736629486083984 -0.5
endloop
endfacet
facet normal -0.19606803106560197 0.980590295278338 0
outer loop
vertex 30.105178833007812 -49.58162307739258 -0.5
vertex 30.105178833007812 -49.58162307739258 -4.099999904632568
vertex 29.836002349853516 -49.63544464111328 -4.099999904632568
endloop
endfacet
facet normal 0.9527669827936476 -0.30370228266888183 0
outer loop
vertex 97.00386047363281 11.665631294250488 -0.5
vertex 97.00386047363281 11.665631294250488 -4.099999904632568
vertex 97.17776489257812 12.211199760437012 -4.099999904632568
endloop
endfacet
facet normal 0.984436304564378 -0.17574174875547108 0
outer loop
vertex 96.49698638916016 8.826321601867676 -0.5
vertex 96.49698638916016 8.826321601867676 -4.099999904632568
vertex 97.00386047363281 11.665631294250488 -4.099999904632568
endloop
endfacet
facet normal -0.5270255728919924 0.8498494252029987 0
outer loop
vertex 30.295175552368164 -49.46379852294922 -0.5
vertex 30.295175552368164 -49.46379852294922 -4.099999904632568
vertex 30.105178833007812 -49.58162307739258 -4.099999904632568
endloop
endfacet
facet normal -0.7806040444869585 0.6250258600494882 0
outer loop
vertex 30.448965072631836 -49.271728515625 -0.5
vertex 30.448965072631836 -49.271728515625 -4.099999904632568
vertex 30.295175552368164 -49.46379852294922 -4.099999904632568
endloop
endfacet
facet normal -0.4686099279293153 0.8834051932415169 0
outer loop
vertex 75.14401245117188 -50.0431022644043 -0.5
vertex 75.14401245117188 -50.0431022644043 -4.099999904632568
vertex 74.6381607055664 -50.31143569946289 -4.099999904632568
endloop
endfacet
facet normal -0.19606803106560197 0.980590295278338 0
outer loop
vertex 29.836002349853516 -49.63544464111328 -4.099999904632568
vertex 29.836002349853516 -49.63544464111328 -0.5
vertex 30.105178833007812 -49.58162307739258 -0.5
endloop
endfacet
facet normal -0.5270255728919924 0.8498494252029987 0
outer loop
vertex 30.105178833007812 -49.58162307739258 -4.099999904632568
vertex 30.105178833007812 -49.58162307739258 -0.5
vertex 30.295175552368164 -49.46379852294922 -0.5
endloop
endfacet
facet normal -0.7806040444869585 0.6250258600494882 0
outer loop
vertex 30.295175552368164 -49.46379852294922 -4.099999904632568
vertex 30.295175552368164 -49.46379852294922 -0.5
vertex 30.448965072631836 -49.271728515625 -0.5
endloop
endfacet
facet normal 0 1 0
outer loop
vertex 30.448965072631836 -49.271728515625 -4.099999904632568
vertex 30.448965072631836 -49.271728515625 -0.5
vertex 34.686946868896484 -49.271728515625 -0.5
endloop
endfacet
facet normal 0 1 0
outer loop
vertex 34.686946868896484 -49.271728515625 -0.5
vertex 65.20040130615234 -49.271728515625 -4.099999904632568
vertex 30.448965072631836 -49.271728515625 -4.099999904632568
endloop
endfacet
facet normal 0.17030306717340307 0.9853917319073321 0
outer loop
vertex 72.9609146118164 -50.61296081542969 -0.5
vertex 72.9609146118164 -50.61296081542969 -4.099999904632568
vertex 65.20040130615234 -49.271728515625 -4.099999904632568
endloop
endfacet
facet normal 0 1 0
outer loop
vertex 65.20040130615234 -49.271728515625 -4.099999904632568
vertex 34.686946868896484 -49.271728515625 -0.5
vertex 65.20040130615234 -49.271728515625 -0.5
endloop
endfacet
facet normal 0.17030306717340307 0.9853917319073321 0
outer loop
vertex 65.20040130615234 -49.271728515625 -4.099999904632568
vertex 65.20040130615234 -49.271728515625 -0.5
vertex 72.9609146118164 -50.61296081542969 -0.5
endloop
endfacet
facet normal 0 0 1
outer loop
vertex 29.836002349853516 -49.63544464111328 -4.099999904632568
vertex 30.448965072631836 -49.271728515625 -4.099999904632568
vertex 75.1406021118164 8.276394844055176 -4.099999904632568
endloop
endfacet
facet normal 0 0 1
outer loop
vertex 30.448965072631836 -49.271728515625 -4.099999904632568
vertex 65.20040130615234 -49.271728515625 -4.099999904632568
vertex 75.1406021118164 8.276394844055176 -4.099999904632568
endloop
endfacet
facet normal -0.5993197343261469 0.8005097476278704 0
outer loop
vertex 75.14401245117188 -50.0431022644043 -0.5
vertex 75.6023941040039 -49.69992446899414 -4.099999904632568
vertex 75.14401245117188 -50.0431022644043 -4.099999904632568
endloop
endfacet
facet normal 0 0 1
outer loop
vertex 80.93897247314453 10.714658737182617 -4.099999904632568
vertex 79.01721954345703 7.5928497314453125 -4.099999904632568
vertex 81.45800018310547 10.95651626586914 -4.099999904632568
endloop
endfacet
facet normal 0 0 1
outer loop
vertex -69.16400146484375 -16.93544578552246 -4.099999904632568
vertex -72.74357604980469 -50.500244140625 -4.099999904632568
vertex -69.16400146484375 -49.873573303222656 -4.099999904632568
endloop
endfacet
facet normal 0 0 1
outer loop
vertex 81.45800018310547 10.95651626586914 -4.099999904632568
vertex 79.01721954345703 7.5928497314453125 -4.099999904632568
vertex 82.00813293457031 11.115387916564941 -4.099999904632568
endloop
endfacet
facet normal -0.7179499859735914 0.6960946901395817 0
outer loop
vertex 76.0175552368164 -49.271728515625 -0.5
vertex 76.0175552368164 -49.271728515625 -4.099999904632568
vertex 75.6023941040039 -49.69992446899414 -4.099999904632568
endloop
endfacet
facet normal 0 1 0
outer loop
vertex 89.67517852783203 -49.271728515625 -0.5
vertex 89.67517852783203 -49.271728515625 -4.099999904632568
vertex 76.0175552368164 -49.271728515625 -4.099999904632568
endloop
endfacet
facet normal 0 0 1
outer loop
vertex 82.00813293457031 11.115387916564941 -4.099999904632568
vertex 79.01721954345703 7.5928497314453125 -4.099999904632568
vertex 82.5761947631836 11.187469482421875 -4.099999904632568
endloop
endfacet
facet normal 0.13941703606072542 0.990233755259859 0
outer loop
vertex 90.44019317626953 -49.37943649291992 -0.5
vertex 90.44019317626953 -49.37943649291992 -4.099999904632568
vertex 89.67517852783203 -49.271728515625 -4.099999904632568
endloop
endfacet
facet normal -0.022830361994683832 0.9997393533172493 0
outer loop
vertex 91.01265716552734 -49.366363525390625 -0.5
vertex 91.01265716552734 -49.366363525390625 -4.099999904632568
vertex 90.44019317626953 -49.37943649291992 -4.099999904632568
endloop
endfacet
facet normal 0 0 1
outer loop
vertex 79.01721954345703 7.5928497314453125 -4.099999904632568
vertex 96.49698638916016 8.826321601867676 -4.099999904632568
vertex 83.15608215332031 11.170031547546387 -4.099999904632568
endloop
endfacet
facet normal 0 0 1
outer loop
vertex 82.5761947631836 11.187469482421875 -4.099999904632568
vertex 79.01721954345703 7.5928497314453125 -4.099999904632568
vertex 83.15608215332031 11.170031547546387 -4.099999904632568
endloop
endfacet
facet normal -0.1736464198908739 -0.9848080629539353 0
outer loop
vertex 75.1406021118164 8.276394844055176 -0.5
vertex 75.1406021118164 8.276394844055176 -4.099999904632568
vertex 79.01721954345703 7.5928497314453125 -4.099999904632568
endloop
endfacet
facet normal 0.980567192055938 -0.19618354126565551 0
outer loop
vertex 79.01721954345703 7.5928497314453125 -0.5
vertex 79.01721954345703 7.5928497314453125 -4.099999904632568
vertex 79.20350646972656 8.523951530456543 -4.099999904632568
endloop
endfacet
facet normal -0.9899299927001604 -0.14155779580320094 0
outer loop
vertex 75.04488372802734 8.945764541625977 -0.5
vertex 75.04488372802734 8.945764541625977 -4.099999904632568
vertex 75.1406021118164 8.276394844055176 -4.099999904632568
endloop
endfacet
facet normal -0.9031041891963596 0.4294214985954777 0
outer loop
vertex 132.99822998046875 -47.41425323486328 -4.099999904632568
vertex 132.99822998046875 -47.41425323486328 -0.5
vertex 133.24412536621094 -46.897117614746094 -0.5
endloop
endfacet
facet normal -0.8260454812934283 0.5636034624048263 0
outer loop
vertex 132.67550659179688 -47.88725280761719 -4.099999904632568
vertex 132.67550659179688 -47.88725280761719 -0.5
vertex 132.99822998046875 -47.41425323486328 -0.5
endloop
endfacet
facet normal -0.7291716683191294 0.6843308250551756 0
outer loop
vertex 132.2836456298828 -48.30479049682617 -4.099999904632568
vertex 132.2836456298828 -48.30479049682617 -0.5
vertex 132.67550659179688 -47.88725280761719 -0.5
endloop
endfacet
facet normal -0.6148390995685239 0.7886525734705788 0
outer loop
vertex 131.83204650878906 -48.6568603515625 -4.099999904632568
vertex 131.83204650878906 -48.6568603515625 -0.5
vertex 132.2836456298828 -48.30479049682617 -0.5
endloop
endfacet
facet normal -0.4857899901750262 0.8740755604899086 0
outer loop
vertex 131.33154296875 -48.935028076171875 -4.099999904632568
vertex 131.33154296875 -48.935028076171875 -0.5
vertex 131.83204650878906 -48.6568603515625 -0.5
endloop
endfacet
facet normal -0.3451032732413004 0.9385647184920923 0
outer loop
vertex 130.7941131591797 -49.13263702392578 -4.099999904632568
vertex 130.7941131591797 -49.13263702392578 -0.5
vertex 131.33154296875 -48.935028076171875 -0.5
endloop
endfacet
facet normal -0.19613919545243577 0.9805760633460677 0
outer loop
vertex 130.2326202392578 -49.24494934082031 -4.099999904632568
vertex 130.2326202392578 -49.24494934082031 -0.5
vertex 130.7941131591797 -49.13263702392578 -0.5
endloop
endfacet
facet normal -0.007506942721065065 0.9999718225085058 0
outer loop
vertex 126.66546630859375 -49.271728515625 -4.099999904632568
vertex 126.66546630859375 -49.271728515625 -0.5
vertex 130.2326202392578 -49.24494934082031 -0.5
endloop
endfacet
facet normal 0.17682350692313864 -0.9842425754860449 0
outer loop
vertex 100.23484802246094 14.499372482299805 -4.099999904632568
vertex 100.23484802246094 14.499372482299805 -0.5
vertex 99.67125701904297 14.398120880126953 -0.5
endloop
endfacet
facet normal 0.02283202660373898 -0.9997393153023274 0
outer loop
vertex 100.80731201171875 14.512446403503418 -4.099999904632568
vertex 100.80731201171875 14.512446403503418 -0.5
vertex 100.23484802246094 14.499372482299805 -0.5
endloop
endfacet
facet normal -0.11388199772622952 -0.9934942831208858 0
outer loop
vertex 101.24763488769531 14.461973190307617 -4.099999904632568
vertex 101.24763488769531 14.461973190307617 -0.5
vertex 100.80731201171875 14.512446403503418 -0.5
endloop
endfacet
facet normal -0.17302869583245853 -0.9849167834992552 0
outer loop
vertex 83.15608215332031 11.170031547546387 -4.099999904632568
vertex 96.49698638916016 8.826321601867676 -4.099999904632568
vertex 96.49698638916016 8.826321601867676 -0.5
endloop
endfacet
facet normal -0.8923615022480154 0.4513213370822005 0
outer loop
vertex 75.16947174072266 9.192102432250977 -0.5
vertex 75.16947174072266 9.192102432250977 -4.099999904632568
vertex 75.04488372802734 8.945764541625977 -4.099999904632568
endloop
endfacet
facet normal -0.5000006449798958 -0.8660250314048019 0
outer loop
vertex 46.51469802856445 41.736629486083984 -0.5
vertex 32.07254409790039 50.074825286865234 -4.099999904632568
vertex 46.51469802856445 41.736629486083984 -4.099999904632568
endloop
endfacet
facet normal -0.17390850467681518 0.9847618148573157 0
outer loop
vertex 91.54853057861328 -49.271728515625 -0.5
vertex 91.54853057861328 -49.271728515625 -4.099999904632568
vertex 91.01265716552734 -49.366363525390625 -4.099999904632568
endloop
endfacet
facet normal -0.1873225377387335 0.9822984611894293 0
outer loop
vertex 75.64344787597656 9.282488822937012 -0.5
vertex 75.64344787597656 9.282488822937012 -4.099999904632568
vertex 75.16947174072266 9.192102432250977 -4.099999904632568
endloop
endfacet
facet normal -0.32657589969359957 0.9451709801614288 0
outer loop
vertex 76.1846694946289 9.469491958618164 -0.5
vertex 76.1846694946289 9.469491958618164 -4.099999904632568
vertex 75.64344787597656 9.282488822937012 -4.099999904632568
endloop
endfacet
facet normal -0.02783386873004536 0.9996125628219757 0
outer loop
vertex 72.9609146118164 -50.61296081542969 -4.099999904632568
vertex 72.9609146118164 -50.61296081542969 -0.5
vertex 73.56932830810547 -50.59601974487305 -0.5
endloop
endfacet
facet normal 0 0 1
outer loop
vertex 97.17776489257812 12.211199760437012 -4.099999904632568
vertex 100.80731201171875 14.512446403503418 -4.099999904632568
vertex 97.43376922607422 12.723401069641113 -4.099999904632568
endloop
endfacet
facet normal 0 0 1
outer loop
vertex 97.00386047363281 11.665631294250488 -4.099999904632568
vertex 100.80731201171875 14.512446403503418 -4.099999904632568
vertex 97.17776489257812 12.211199760437012 -4.099999904632568
endloop
endfacet
facet normal -0.9250708148960864 -0.37979466482230945 0
outer loop
vertex -18.596912384033203 33.81386184692383 -0.5
vertex -18.596912384033203 33.81386184692383 -4.099999904632568
vertex -18.379436492919922 33.28415298461914 -4.099999904632568
endloop
endfacet
facet normal -0.9725956287286739 -0.23250321068293958 0
outer loop
vertex -18.379436492919922 33.28415298461914 -0.5
vertex -18.379436492919922 33.28415298461914 -4.099999904632568
vertex -18.246301651000977 32.727230072021484 -4.099999904632568
endloop
endfacet
facet normal -0.9968234708743693 -0.07964275179811059 0
outer loop
vertex -18.246301651000977 32.727230072021484 -0.5
vertex -18.246301651000977 32.727230072021484 -4.099999904632568
vertex -18.20069694519043 32.15643310546875 -4.099999904632568
endloop
endfacet
facet normal -0.9910340308794441 0.13360969141062046 0
outer loop
vertex 133.4837646484375 -45.7807502746582 -0.5
vertex 133.4837646484375 -45.7807502746582 -4.099999904632568
vertex 133.40725708007812 -46.348236083984375 -4.099999904632568
endloop
endfacet
facet normal -0.9585598620637392 0.28489119122981904 0
outer loop
vertex 133.40725708007812 -46.348236083984375 -0.5
vertex 133.40725708007812 -46.348236083984375 -4.099999904632568
vertex 133.24412536621094 -46.897117614746094 -4.099999904632568
endloop
endfacet
facet normal -0.9031041891963596 0.4294214985954777 0
outer loop
vertex 133.24412536621094 -46.897117614746094 -0.5
vertex 133.24412536621094 -46.897117614746094 -4.099999904632568
vertex 132.99822998046875 -47.41425323486328 -4.099999904632568
endloop
endfacet
facet normal -0.8260454812934283 0.5636034624048263 0
outer loop
vertex 132.99822998046875 -47.41425323486328 -0.5
vertex 132.99822998046875 -47.41425323486328 -4.099999904632568
vertex 132.67550659179688 -47.88725280761719 -4.099999904632568
endloop
endfacet
facet normal -0.7291716683191294 0.6843308250551756 0
outer loop
vertex 132.67550659179688 -47.88725280761719 -0.5
vertex 132.67550659179688 -47.88725280761719 -4.099999904632568
vertex 132.2836456298828 -48.30479049682617 -4.099999904632568
endloop
endfacet
facet normal -0.6148390995685239 0.7886525734705788 0
outer loop
vertex 132.2836456298828 -48.30479049682617 -0.5
vertex 132.2836456298828 -48.30479049682617 -4.099999904632568
vertex 131.83204650878906 -48.6568603515625 -4.099999904632568
endloop
endfacet
facet normal -0.4857899901750262 0.8740755604899086 0
outer loop
vertex 131.83204650878906 -48.6568603515625 -0.5
vertex 131.83204650878906 -48.6568603515625 -4.099999904632568
vertex 131.33154296875 -48.935028076171875 -4.099999904632568
endloop
endfacet
facet normal -0.3451032732413004 0.9385647184920923 0
outer loop
vertex 131.33154296875 -48.935028076171875 -0.5
vertex 131.33154296875 -48.935028076171875 -4.099999904632568
vertex 130.7941131591797 -49.13263702392578 -4.099999904632568
endloop
endfacet
facet normal -0.19613919545243577 0.9805760633460677 0
outer loop
vertex 130.7941131591797 -49.13263702392578 -0.5
vertex 130.7941131591797 -49.13263702392578 -4.099999904632568
vertex 130.2326202392578 -49.24494934082031 -4.099999904632568
endloop
endfacet
facet normal -0.06037146651977975 0.9981759794897145 0
outer loop
vertex 130.2326202392578 -49.24494934082031 -0.5
vertex 130.2326202392578 -49.24494934082031 -4.099999904632568
vertex 129.78985595703125 -49.271728515625 -4.099999904632568
endloop
endfacet
facet normal 0 0.9999723343178336 -0.007438454069426371
outer loop
vertex 130.2326202392578 -49.24494934082031 -0.5
vertex 129.78985595703125 -49.271728515625 -4.099999904632568
vertex 126.66546630859375 -49.271728515625 -4.099999904632568
endloop
endfacet
facet normal 0 0 1
outer loop
vertex 126.62968444824219 -49.21817398071289 -4.099999904632568
vertex 126.66546630859375 -49.271728515625 -4.099999904632568
vertex 129.78985595703125 -49.271728515625 -4.099999904632568
endloop
endfacet
facet normal -0.9971740444931196 0.0751260606529705 0
outer loop
vertex -18.20069694519043 32.15643310546875 -0.5
vertex -18.20069694519043 32.15643310546875 -4.099999904632568
vertex -18.243715286254883 31.58543586730957 -4.099999904632568
endloop
endfacet
facet normal 0 1 0
outer loop
vertex 114.88679504394531 -49.271728515625 -4.099999904632568
vertex 91.54853057861328 -49.271728515625 -4.099999904632568
vertex 114.88679504394531 -49.271728515625 -0.5
endloop
endfacet
facet normal -0.9736385417952732 0.2280964487465206 0
outer loop
vertex -18.243715286254883 31.58543586730957 -0.5
vertex -18.243715286254883 31.58543586730957 -4.099999904632568
vertex -18.374326705932617 31.027915954589844 -4.099999904632568
endloop
endfacet
facet normal -0.9424051590523738 0.33447349101456497 0
outer loop
vertex -18.374326705932617 31.027915954589844 -0.5
vertex -18.374326705932617 31.027915954589844 -4.099999904632568
vertex -18.450716018676758 30.81268310546875 -4.099999904632568
endloop
endfacet
facet normal 0 0 1
outer loop
vertex 115.08479309082031 -49.10978698730469 -4.099999904632568
vertex 126.46747589111328 -49.10978698730469 -4.099999904632568
vertex 75.1406021118164 8.276394844055176 -4.099999904632568
endloop
endfacet
facet normal 0 0 1
outer loop
vertex 75.1406021118164 8.276394844055176 -4.099999904632568
vertex 114.92257690429688 -49.21817398071289 -4.099999904632568
vertex 115.08479309082031 -49.10978698730469 -4.099999904632568
endloop
endfacet
facet normal 0 0 1
outer loop
vertex 75.1406021118164 8.276394844055176 -4.099999904632568
vertex 114.88679504394531 -49.271728515625 -4.099999904632568
vertex 114.92257690429688 -49.21817398071289 -4.099999904632568
endloop
endfacet
facet normal 0 0 1
outer loop
vertex 75.1406021118164 8.276394844055176 -4.099999904632568
vertex 91.54853057861328 -49.271728515625 -4.099999904632568
vertex 114.88679504394531 -49.271728515625 -4.099999904632568
endloop
endfacet
facet normal 0 0 1
outer loop
vertex 75.1406021118164 8.276394844055176 -4.099999904632568
vertex 91.01265716552734 -49.366363525390625 -4.099999904632568
vertex 91.54853057861328 -49.271728515625 -4.099999904632568
endloop
endfacet
facet normal 0 0 1
outer loop
vertex 75.1406021118164 8.276394844055176 -4.099999904632568
vertex 90.44019317626953 -49.37943649291992 -4.099999904632568
vertex 91.01265716552734 -49.366363525390625 -4.099999904632568
endloop
endfacet
facet normal 0 0 1
outer loop
vertex 75.1406021118164 8.276394844055176 -4.099999904632568
vertex 89.67517852783203 -49.271728515625 -4.099999904632568
vertex 90.44019317626953 -49.37943649291992 -4.099999904632568
endloop
endfacet
facet normal 0 0 1
outer loop
vertex 75.1406021118164 8.276394844055176 -4.099999904632568
vertex 76.0175552368164 -49.271728515625 -4.099999904632568
vertex 89.67517852783203 -49.271728515625 -4.099999904632568
endloop
endfacet
facet normal 0 0 1
outer loop
vertex 75.1406021118164 8.276394844055176 -4.099999904632568
vertex 65.20040130615234 -49.271728515625 -4.099999904632568
vertex 76.0175552368164 -49.271728515625 -4.099999904632568
endloop
endfacet
facet normal -0.181738180741592 0.9833469548743904 0
outer loop
vertex 73.56932830810547 -50.59601974487305 -4.099999904632568
vertex 73.56932830810547 -50.59601974487305 -0.5
vertex 74.09696197509766 -50.498504638671875 -0.5
endloop
endfacet
facet normal 0 0 1
outer loop
vertex -2.6639981269836426 -16.93544578552246 -4.099999904632568
vertex 29.836002349853516 -16.93544578552246 -4.099999904632568
vertex 75.16947174072266 9.192102432250977 -4.099999904632568
endloop
endfacet
facet normal 0 0 1
outer loop
vertex -131.64886474609375 -48.78010940551758 -4.099999904632568
vertex -133.47955322265625 -46.01448440551758 -4.099999904632568
vertex -132.12185668945312 -48.45737075805664 -4.099999904632568
endloop
endfacet
facet normal 0 0 1
outer loop
vertex -133.1696319580078 -47.1134147644043 -4.099999904632568
vertex -132.12185668945312 -48.45737075805664 -4.099999904632568
vertex -133.36724853515625 -46.57597732543945 -4.099999904632568
endloop
endfacet
facet normal 0 0 1
outer loop
vertex 29.836002349853516 -16.93544578552246 -4.099999904632568
vertex 29.836002349853516 -49.63544464111328 -4.099999904632568
vertex 75.1406021118164 8.276394844055176 -4.099999904632568
endloop
endfacet
facet normal -0.698462405669021 -0.7156467479609222 0
outer loop
vertex 136.87002563476562 7.354000568389893 -4.099999904632568
vertex 136.87002563476562 7.354000568389893 -0.5
vertex 136.46023559570312 7.753950595855713 -0.5
endloop
endfacet
facet normal -0.800522719972312 -0.5993024068098938 0
outer loop
vertex 137.21319580078125 6.895608425140381 -4.099999904632568
vertex 137.21319580078125 6.895608425140381 -0.5
vertex 136.87002563476562 7.354000568389893 -0.5
endloop
endfacet
facet normal -0.30360206459311667 -0.9527989223203378 0
outer loop
vertex 135.48141479492188 8.34183120727539 -4.099999904632568
vertex 135.48141479492188 8.34183120727539 -0.5
vertex 134.93582153320312 8.515680313110352 -0.5
endloop
endfacet
facet normal -0.44699373835672895 -0.8945370857990608 0
outer loop
vertex 135.99363708496094 8.085877418518066 -4.099999904632568
vertex 135.99363708496094 8.085877418518066 -0.5
vertex 135.48141479492188 8.34183120727539 -0.5
endloop
endfacet
facet normal 0 1 0
outer loop
vertex 91.54853057861328 -49.271728515625 -4.099999904632568
vertex 91.54853057861328 -49.271728515625 -0.5
vertex 114.88679504394531 -49.271728515625 -0.5
endloop
endfacet
facet normal -0.17390850467681518 0.9847618148573157 0
outer loop
vertex 91.01265716552734 -49.366363525390625 -4.099999904632568
vertex 91.01265716552734 -49.366363525390625 -0.5
vertex 91.54853057861328 -49.271728515625 -0.5
endloop
endfacet
facet normal -0.022830361994683832 0.9997393533172493 0
outer loop
vertex 90.44019317626953 -49.37943649291992 -4.099999904632568
vertex 90.44019317626953 -49.37943649291992 -0.5
vertex 91.01265716552734 -49.366363525390625 -0.5
endloop
endfacet
facet normal 0.13941703606072542 0.990233755259859 0
outer loop
vertex 89.67517852783203 -49.271728515625 -4.099999904632568
vertex 89.67517852783203 -49.271728515625 -0.5
vertex 90.44019317626953 -49.37943649291992 -0.5
endloop
endfacet
facet normal -0.579666946754315 -0.8148535026865444 0
outer loop
vertex 136.46023559570312 7.753950595855713 -4.099999904632568
vertex 136.46023559570312 7.753950595855713 -0.5
vertex 135.99363708496094 8.085877418518066 -0.5
endloop
endfacet
facet normal -0.17382271975534871 -0.9847769605838946 0
outer loop
vertex 134.93582153320312 8.515680313110352 -4.099999904632568
vertex 134.93582153320312 8.515680313110352 -0.5
vertex 101.24763488769531 14.461973190307617 -0.5
endloop
endfacet
facet normal -0.3266908961259172 0.9451312387115586 0
outer loop
vertex 74.6381607055664 -50.31143569946289 -0.5
vertex 74.6381607055664 -50.31143569946289 -4.099999904632568
vertex 74.09696197509766 -50.498504638671875 -0.5
endloop
endfacet
facet normal -0.4685111777340723 0.8834575690649963 0
outer loop
vertex 76.6905517578125 9.73776912689209 -0.5
vertex 76.6905517578125 9.73776912689209 -4.099999904632568
vertex 76.1846694946289 9.469491958618164 -4.099999904632568
endloop
endfacet
facet normal -0.5992269344808413 0.8005792159384938 0
outer loop
vertex 77.14897155761719 10.080892562866211 -0.5
vertex 77.14897155761719 10.080892562866211 -4.099999904632568
vertex 76.6905517578125 9.73776912689209 -4.099999904632568
endloop
endfacet
facet normal 0.9847841836781255 0.17378179299744792 0
outer loop
vertex -81.51349639892578 29.168733596801758 -4.099999904632568
vertex -81.51349639892578 29.168733596801758 -0.5
vertex -78.48030090332031 11.980264663696289 -0.5
endloop
endfacet
facet normal -0.4686099279293153 0.8834051932415169 0
outer loop
vertex 74.6381607055664 -50.31143569946289 -4.099999904632568
vertex 74.6381607055664 -50.31143569946289 -0.5
vertex 75.14401245117188 -50.0431022644043 -0.5
endloop
endfacet
facet normal 0 0 1
outer loop
vertex -130.01535034179688 -49.265628814697266 -4.099999904632568
vertex -126.68225860595703 -49.266151428222656 -4.099999904632568
vertex -126.65019989013672 -49.21817398071289 -4.099999904632568
endloop
endfacet
facet normal 0 0 1
outer loop
vertex -133.47955322265625 -46.01448440551758 -4.099999904632568
vertex -131.13172912597656 -49.02599334716797 -4.099999904632568
vertex -130.5828399658203 -49.18913650512695 -4.099999904632568
endloop
endfacet
facet normal 0 0 1
outer loop
vertex -133.47955322265625 -46.01448440551758 -4.099999904632568
vertex -130.5828399658203 -49.18913650512695 -4.099999904632568
vertex -130.01535034179688 -49.265628814697266 -4.099999904632568
endloop
endfacet
facet normal 0 0 1
outer loop
vertex -130.01535034179688 -49.265628814697266 -4.099999904632568
vertex -126.65019989013672 -49.21817398071289 -4.099999904632568
vertex -133.50633239746094 -45.57172775268555 -4.099999904632568
endloop
endfacet
facet normal 0 0 1
outer loop
vertex -133.50633239746094 -45.57172775268555 -4.099999904632568
vertex -126.65019989013672 -49.21817398071289 -4.099999904632568
vertex -126.48799133300781 -49.10978698730469 -4.099999904632568
endloop
endfacet
facet normal -0.7933527615599418 -0.6087621832252841 0
outer loop
vertex -18.450716018676758 30.81268310546875 -0.5
vertex -18.450716018676758 30.81268310546875 -4.099999904632568
vertex -18.413785934448242 30.764554977416992 -4.099999904632568
endloop
endfacet
facet normal 0 0 1
outer loop
vertex -133.50633239746094 -45.57172775268555 -4.099999904632568
vertex -126.48799133300781 -49.10978698730469 -4.099999904632568
vertex -115.29664611816406 -49.07172775268555 -4.099999904632568
endloop
endfacet
facet normal 0.6843239587621281 0.7291781123046202 0
outer loop
vertex -132.12185668945312 -48.45737075805664 -0.5
vertex -132.12185668945312 -48.45737075805664 -4.099999904632568
vertex -132.53939819335938 -48.065513610839844 -4.099999904632568
endloop
endfacet
facet normal 0.7886507670237702 0.614841416686302 0
outer loop
vertex -132.53939819335938 -48.065513610839844 -0.5
vertex -132.53939819335938 -48.065513610839844 -4.099999904632568
vertex -132.89146423339844 -47.613922119140625 -4.099999904632568
endloop
endfacet
facet normal 0.874077132644441 0.48578716140720735 0
outer loop
vertex -132.89146423339844 -47.613922119140625 -0.5
vertex -132.89146423339844 -47.613922119140625 -4.099999904632568
vertex -133.1696319580078 -47.1134147644043 -4.099999904632568
endloop
endfacet
facet normal -0.7155751374766757 0.6985357704693701 0
outer loop
vertex 77.54896545410156 10.490643501281738 -0.5
vertex 77.54896545410156 10.490643501281738 -4.099999904632568
vertex 77.14897155761719 10.080892562866211 -4.099999904632568
endloop
endfacet
facet normal 0 0 1
outer loop
vertex 18.235788345336914 30.764554977416992 -4.099999904632568
vertex -69.16400146484375 -16.93544578552246 -4.099999904632568
vertex 46.51469802856445 41.736629486083984 -4.099999904632568
endloop
endfacet
facet normal 0 0 1
outer loop
vertex -18.413785934448242 30.764554977416992 -4.099999904632568
vertex -69.16400146484375 -16.93544578552246 -4.099999904632568
vertex 18.235788345336914 30.764554977416992 -4.099999904632568
endloop
endfacet
facet normal 0 0 1
outer loop
vertex -69.16400146484375 -16.93544578552246 -4.099999904632568
vertex -2.6639981269836426 -16.93544578552246 -4.099999904632568
vertex 46.51469802856445 41.736629486083984 -4.099999904632568
endloop
endfacet
facet normal 0 0 1
outer loop
vertex -18.596912384033203 33.81386184692383 -4.099999904632568
vertex -27.440799713134766 49.090641021728516 -4.099999904632568
vertex -69.16400146484375 -16.93544578552246 -4.099999904632568
endloop
endfacet
facet normal 0 0 1
outer loop
vertex 96.49698638916016 8.826321601867676 -4.099999904632568
vertex 101.24763488769531 14.461973190307617 -4.099999904632568
vertex 97.00386047363281 11.665631294250488 -4.099999904632568
endloop
endfacet
facet normal -0.5000006449798958 -0.8660250314048019 0
outer loop
vertex 46.51469802856445 41.736629486083984 -0.5
vertex 32.07254409790039 50.074825286865234 -0.5
vertex 32.07254409790039 50.074825286865234 -4.099999904632568
endloop
endfacet
facet normal 0 0 1
outer loop
vertex -46.69269561767578 41.736629486083984 -4.099999904632568
vertex -69.16400146484375 -16.93544578552246 -4.099999904632568
vertex -32.066471099853516 50.17405700683594 -4.099999904632568
endloop
endfacet
facet normal 0 0 1
outer loop
vertex -18.379436492919922 33.28415298461914 -4.099999904632568
vertex -18.596912384033203 33.81386184692383 -4.099999904632568
vertex -69.16400146484375 -16.93544578552246 -4.099999904632568
endloop
endfacet
facet normal 0 0 1
outer loop
vertex -18.246301651000977 32.727230072021484 -4.099999904632568
vertex -18.379436492919922 33.28415298461914 -4.099999904632568
vertex -69.16400146484375 -16.93544578552246 -4.099999904632568
endloop
endfacet
facet normal 0 0 1
outer loop
vertex -18.20069694519043 32.15643310546875 -4.099999904632568
vertex -18.246301651000977 32.727230072021484 -4.099999904632568
vertex -69.16400146484375 -16.93544578552246 -4.099999904632568
endloop
endfacet
facet normal 0 0 1
outer loop
vertex -18.243715286254883 31.58543586730957 -4.099999904632568
vertex -18.20069694519043 32.15643310546875 -4.099999904632568
vertex -69.16400146484375 -16.93544578552246 -4.099999904632568
endloop
endfacet
facet normal 0 0 1
outer loop
vertex -18.374326705932617 31.027915954589844 -4.099999904632568
vertex -18.243715286254883 31.58543586730957 -4.099999904632568
vertex -69.16400146484375 -16.93544578552246 -4.099999904632568
endloop
endfacet
facet normal 0 0 1
outer loop
vertex -18.450716018676758 30.81268310546875 -4.099999904632568
vertex -18.374326705932617 31.027915954589844 -4.099999904632568
vertex -69.16400146484375 -16.93544578552246 -4.099999904632568
endloop
endfacet
facet normal 0 0 1
outer loop
vertex -69.16400146484375 -16.93544578552246 -4.099999904632568
vertex -18.413785934448242 30.764554977416992 -4.099999904632568
vertex -18.450716018676758 30.81268310546875 -4.099999904632568
endloop
endfacet
facet normal 0 0 1
outer loop
vertex -62.058868408203125 36.143768310546875 -4.099999904632568
vertex -69.16400146484375 -16.93544578552246 -4.099999904632568
vertex -46.69269561767578 41.736629486083984 -4.099999904632568
endloop
endfacet
facet normal -0.945137676041785 -0.32667227205003774 0
outer loop
vertex 137.4815216064453 6.389753818511963 -0.5
vertex 137.4815216064453 6.389753818511963 -4.099999904632568
vertex 137.6685791015625 5.848553657531738 -0.5
endloop
endfacet
facet normal -0.8834118060226271 -0.46859746155932175 0
outer loop
vertex 137.4815216064453 6.389753818511963 -4.099999904632568
vertex 137.4815216064453 6.389753818511963 -0.5
vertex 137.21319580078125 6.895608425140381 -0.5
endloop
endfacet
facet normal 0 1 0
outer loop
vertex 76.0175552368164 -49.271728515625 -4.099999904632568
vertex 76.0175552368164 -49.271728515625 -0.5
vertex 89.67517852783203 -49.271728515625 -0.5
endloop
endfacet
facet normal -0.030057656245151703 -0.9995481665738016 0
outer loop
vertex 82.5761947631836 11.187469482421875 -0.5
vertex 82.5761947631836 11.187469482421875 -4.099999904632568
vertex 83.15608215332031 11.170031547546387 -4.099999904632568
endloop
endfacet
facet normal 0.12588098455726193 -0.9920453506402287 0
outer loop
vertex 82.00813293457031 11.115387916564941 -0.5
vertex 82.00813293457031 11.115387916564941 -4.099999904632568
vertex 82.5761947631836 11.187469482421875 -4.099999904632568
endloop
endfacet
facet normal 0.27745005065256007 -0.9607400633849366 0
outer loop
vertex 81.45800018310547 10.95651626586914 -0.5
vertex 81.45800018310547 10.95651626586914 -4.099999904632568
vertex 82.00813293457031 11.115387916564941 -4.099999904632568
endloop
endfacet
facet normal 0.4223757250882212 -0.906420844230868 0
outer loop
vertex 80.93897247314453 10.714658737182617 -0.5
vertex 80.93897247314453 10.714658737182617 -4.099999904632568
vertex 81.45800018310547 10.95651626586914 -4.099999904632568
endloop
endfacet
facet normal 0.5571805620900806 -0.8303913663020478 0
outer loop
vertex 80.4634780883789 10.395608901977539 -0.5
vertex 80.4634780883789 10.395608901977539 -4.099999904632568
vertex 80.93897247314453 10.714658737182617 -4.099999904632568
endloop
endfacet
facet normal 0.4996878424141355 -0.8662055530551084 0
outer loop
vertex -32.066471099853516 50.17405700683594 -4.099999904632568
vertex -32.066471099853516 50.17405700683594 -0.5
vertex -46.69269561767578 41.736629486083984 -0.5
endloop
endfacet
facet normal -0.5993197343261469 0.8005097476278704 0
outer loop
vertex 75.6023941040039 -49.69992446899414 -0.5
vertex 75.6023941040039 -49.69992446899414 -4.099999904632568
vertex 75.14401245117188 -50.0431022644043 -0.5
endloop
endfacet
facet normal -0.7179499859735914 0.6960946901395817 0
outer loop
vertex 75.6023941040039 -49.69992446899414 -4.099999904632568
vertex 75.6023941040039 -49.69992446899414 -0.5
vertex 76.0175552368164 -49.271728515625 -0.5
endloop
endfacet
facet normal 0.23278630237089193 -0.972527910873764 0
outer loop
vertex -78.48208618164062 33.24790954589844 -4.099999904632568
vertex -78.48208618164062 33.24790954589844 -0.5
vertex -78.91311645507812 33.144737243652344 -0.5
endloop
endfacet
facet normal 0.6786388906319204 -0.7344720934942841 0
outer loop
vertex 80.04290771484375 10.007009506225586 -0.5
vertex 80.04290771484375 10.007009506225586 -4.099999904632568
vertex 80.4634780883789 10.395608901977539 -4.099999904632568
endloop
endfacet
facet normal 0.3633918819751577 -0.9316363776251725 0
outer loop
vertex -78.91311645507812 33.144737243652344 -4.099999904632568
vertex -78.91311645507812 33.144737243652344 -0.5
vertex -79.44658660888672 32.93665313720703 -0.5
endloop
endfacet
facet normal 0.502798647586055 -0.8644035631495476 0
outer loop
vertex -79.44658660888672 32.93665313720703 -4.099999904632568
vertex -79.44658660888672 32.93665313720703 -0.5
vertex -79.9415512084961 32.648746490478516 -0.5
endloop
endfacet
facet normal 0.6301546270822345 -0.7764696684139375 0
outer loop
vertex -79.9415512084961 32.648746490478516 -4.099999904632568
vertex -79.9415512084961 32.648746490478516 -0.5
vertex -80.38616943359375 32.28791046142578 -0.5
endloop
endfacet
facet normal -0.1724458226652538 0.9850190040021074 0
outer loop
vertex -69.16400146484375 -49.873573303222656 -4.099999904632568
vertex -72.74357604980469 -50.500244140625 -0.5
vertex -69.16400146484375 -49.873573303222656 -0.5
endloop
endfacet
facet normal 0 0 1
outer loop
vertex -81.53668212890625 29.74087905883789 -4.099999904632568
vertex -80.76978302001953 31.8627872467041 -4.099999904632568
vertex -81.47130584716797 30.309749603271484 -4.099999904632568
endloop
endfacet
facet normal 0 0 1
outer loop
vertex -81.51349639892578 29.168733596801758 -4.099999904632568
vertex -79.44658660888672 32.93665313720703 -4.099999904632568
vertex -81.53668212890625 29.74087905883789 -4.099999904632568
endloop
endfacet
facet normal 0 0 1
outer loop
vertex -81.47130584716797 30.309749603271484 -4.099999904632568
vertex -80.76978302001953 31.8627872467041 -4.099999904632568
vertex -81.31893157958984 30.861719131469727 -4.099999904632568
endloop
endfacet
facet normal 0 0 1
outer loop
vertex -80.76978302001953 31.8627872467041 -4.099999904632568
vertex -81.53668212890625 29.74087905883789 -4.099999904632568
vertex -80.38616943359375 32.28791046142578 -4.099999904632568
endloop
endfacet
facet normal 0 0 1
outer loop
vertex -81.31893157958984 30.861719131469727 -4.099999904632568
vertex -80.76978302001953 31.8627872467041 -4.099999904632568
vertex -81.08320617675781 31.383563995361328 -4.099999904632568
endloop
endfacet
facet normal 0 0 1
outer loop
vertex -80.38616943359375 32.28791046142578 -4.099999904632568
vertex -81.53668212890625 29.74087905883789 -4.099999904632568
vertex -79.9415512084961 32.648746490478516 -4.099999904632568
endloop
endfacet
facet normal 0 0 1
outer loop
vertex -79.44658660888672 32.93665313720703 -4.099999904632568
vertex -81.51349639892578 29.168733596801758 -4.099999904632568
vertex -78.91311645507812 33.144737243652344 -4.099999904632568
endloop
endfacet
facet normal 0 0 1
outer loop
vertex -79.9415512084961 32.648746490478516 -4.099999904632568
vertex -81.53668212890625 29.74087905883789 -4.099999904632568
vertex -79.44658660888672 32.93665313720703 -4.099999904632568
endloop
endfacet
facet normal 0 0 1
outer loop
vertex -78.91311645507812 33.144737243652344 -4.099999904632568
vertex -81.51349639892578 29.168733596801758 -4.099999904632568
vertex -78.48208618164062 33.24790954589844 -4.099999904632568
endloop
endfacet
facet normal 0 0 1
outer loop
vertex -78.48208618164062 33.24790954589844 -4.099999904632568
vertex -78.48030090332031 11.980264663696289 -4.099999904632568
vertex -62.058868408203125 36.143768310546875 -4.099999904632568
endloop
endfacet
facet normal 0.7424228167744663 -0.6699316092950587 0
outer loop
vertex -80.76978302001953 31.8627872467041 -0.5
vertex -80.76978302001953 31.8627872467041 -4.099999904632568
vertex -80.38616943359375 32.28791046142578 -0.5
endloop
endfacet
facet normal 0.7838457205747581 -0.6209556234841894 0
outer loop
vertex 79.68733978271484 9.558168411254883 -0.5
vertex 79.68733978271484 9.558168411254883 -4.099999904632568
vertex 80.04290771484375 10.007009506225586 -4.099999904632568
endloop
endfacet
facet normal 0.9991799050515955 0.0404909538179185 0
outer loop
vertex -81.51349639892578 29.168733596801758 -0.5
vertex -81.51349639892578 29.168733596801758 -4.099999904632568
vertex -81.53668212890625 29.74087905883789 -4.099999904632568
endloop
endfacet
facet normal 0.9934610580893619 -0.11417147656032807 0
outer loop
vertex -81.53668212890625 29.74087905883789 -0.5
vertex -81.53668212890625 29.74087905883789 -4.099999904632568
vertex -81.47130584716797 30.309749603271484 -4.099999904632568
endloop
endfacet
facet normal 0.8702688439846907 -0.4925770388371244 0
outer loop
vertex 79.40528106689453 9.059836387634277 -0.5
vertex 79.40528106689453 9.059836387634277 -4.099999904632568
vertex 79.68733978271484 9.558168411254883 -4.099999904632568
endloop
endfacet
facet normal 0.9358588124756759 -0.35237520218031454 0
outer loop
vertex 79.20350646972656 8.523951530456543 -0.5
vertex 79.20350646972656 8.523951530456543 -4.099999904632568
vertex 79.40528106689453 9.059836387634277 -4.099999904632568
endloop
endfacet
facet normal -0.9527671364082863 0.3037018007525706 0
outer loop
vertex 78.31084442138672 12.014978408813477 -0.5
vertex 78.31084442138672 12.014978408813477 -4.099999904632568
vertex 78.1369400024414 11.469408988952637 -4.099999904632568
endloop
endfacet
facet normal -0.8944944659027863 0.4470790203859819 0
outer loop
vertex 78.1369400024414 11.469408988952637 -0.5
vertex 78.1369400024414 11.469408988952637 -4.099999904632568
vertex 77.88093566894531 10.957207679748535 -4.099999904632568
endloop
endfacet
facet normal -0.8147975586608933 0.579745580750943 0
outer loop
vertex 77.88093566894531 10.957207679748535 -0.5
vertex 77.88093566894531 10.957207679748535 -4.099999904632568
vertex 77.54896545410156 10.490643501281738 -4.099999904632568
endloop
endfacet
facet normal -0.9842264245347884 -0.17691338346057017 0
outer loop
vertex 137.76988220214844 5.284971714019775 -4.099999904632568
vertex 137.76988220214844 5.284971714019775 -0.5
vertex 137.6685791015625 5.848553657531738 -0.5
endloop
endfacet
facet normal -0.9997367628720957 -0.022943516775410504 0
outer loop
vertex 137.78302001953125 4.7125067710876465 -4.099999904632568
vertex 137.78302001953125 4.7125067710876465 -0.5
vertex 137.76988220214844 5.284971714019775 -0.5
endloop
endfacet
facet normal 0.9639447842730821 -0.2661023353387216 0
outer loop
vertex -81.31893157958984 30.861719131469727 -0.5
vertex -81.47130584716797 30.309749603271484 -4.099999904632568
vertex -81.31893157958984 30.861719131469727 -4.099999904632568
endloop
endfacet
facet normal 0.9113355307812908 -0.4116643661231599 0
outer loop
vertex -81.31893157958984 30.861719131469727 -0.5
vertex -81.31893157958984 30.861719131469727 -4.099999904632568
vertex -81.08320617675781 31.383563995361328 -4.099999904632568
endloop
endfacet
facet normal 0.8369017150599278 -0.5473531943176647 0
outer loop
vertex -81.08320617675781 31.383563995361328 -0.5
vertex -81.08320617675781 31.383563995361328 -4.099999904632568
vertex -80.76978302001953 31.8627872467041 -4.099999904632568
endloop
endfacet
facet normal 0.7424228167744663 -0.6699316092950587 0
outer loop
vertex -80.38616943359375 32.28791046142578 -0.5
vertex -80.76978302001953 31.8627872467041 -4.099999904632568
vertex -80.38616943359375 32.28791046142578 -4.099999904632568
endloop
endfacet
facet normal 0.6301546270822345 -0.7764696684139375 0
outer loop
vertex -80.38616943359375 32.28791046142578 -0.5
vertex -80.38616943359375 32.28791046142578 -4.099999904632568
vertex -79.9415512084961 32.648746490478516 -4.099999904632568
endloop
endfacet
facet normal 0.502798647586055 -0.8644035631495476 0
outer loop
vertex -79.9415512084961 32.648746490478516 -0.5
vertex -79.9415512084961 32.648746490478516 -4.099999904632568
vertex -79.44658660888672 32.93665313720703 -4.099999904632568
endloop
endfacet
facet normal 0.3633918819751577 -0.9316363776251725 0
outer loop
vertex -79.44658660888672 32.93665313720703 -0.5
vertex -79.44658660888672 32.93665313720703 -4.099999904632568
vertex -78.91311645507812 33.144737243652344 -4.099999904632568
endloop
endfacet
facet normal 0.23278630237089193 -0.972527910873764 0
outer loop
vertex -78.91311645507812 33.144737243652344 -0.5
vertex -78.91311645507812 33.144737243652344 -4.099999904632568
vertex -78.48208618164062 33.24790954589844 -4.099999904632568
endloop
endfacet
facet normal 0 0 1
outer loop
vertex 101.24763488769531 14.461973190307617 -4.099999904632568
vertex 96.49698638916016 8.826321601867676 -4.099999904632568
vertex 134.93582153320312 8.515680313110352 -4.099999904632568
endloop
endfacet
facet normal 0 0 1
outer loop
vertex 96.49698638916016 8.826321601867676 -4.099999904632568
vertex 136.46023559570312 7.753950595855713 -4.099999904632568
vertex 135.99363708496094 8.085877418518066 -4.099999904632568
endloop
endfacet
facet normal 0 0 1
outer loop
vertex 134.93582153320312 8.515680313110352 -4.099999904632568
vertex 96.49698638916016 8.826321601867676 -4.099999904632568
vertex 135.48141479492188 8.34183120727539 -4.099999904632568
endloop
endfacet
facet normal 0 0 1
outer loop
vertex 135.48141479492188 8.34183120727539 -4.099999904632568
vertex 96.49698638916016 8.826321601867676 -4.099999904632568
vertex 135.99363708496094 8.085877418518066 -4.099999904632568
endloop
endfacet
facet normal -0.17382271975534871 -0.9847769605838946 0
outer loop
vertex 101.24763488769531 14.461973190307617 -4.099999904632568
vertex 134.93582153320312 8.515680313110352 -4.099999904632568
vertex 101.24763488769531 14.461973190307617 -0.5
endloop
endfacet
facet normal 0 0 1
outer loop
vertex 96.49698638916016 8.826321601867676 -4.099999904632568
vertex 137.78302001953125 4.7125067710876465 -4.099999904632568
vertex 137.76988220214844 5.284971714019775 -4.099999904632568
endloop
endfacet
facet normal 0.5636278484286146 0.826028842399423 0
outer loop
vertex -132.12185668945312 -48.45737075805664 -4.099999904632568
vertex -132.12185668945312 -48.45737075805664 -0.5
vertex -131.64886474609375 -48.78010940551758 -0.5
endloop
endfacet
facet normal 0.00015679542010408118 0.9999999877075981 0
outer loop
vertex -126.68225860595703 -49.266151428222656 -4.099999904632568
vertex -130.01535034179688 -49.265628814697266 -0.5
vertex -126.68225860595703 -49.266151428222656 -0.5
endloop
endfacet
facet normal 0.13358263770866038 0.9910376778421681 0
outer loop
vertex -130.5828399658203 -49.18913650512695 -4.099999904632568
vertex -130.5828399658203 -49.18913650512695 -0.5
vertex -130.01535034179688 -49.265628814697266 -0.5
endloop
endfacet
facet normal 0.2849059160795637 0.9585554856047014 0
outer loop
vertex -131.13172912597656 -49.02599334716797 -4.099999904632568
vertex -131.13172912597656 -49.02599334716797 -0.5
vertex -130.5828399658203 -49.18913650512695 -0.5
endloop
endfacet
facet normal 0.4294051982788251 0.9031119397345618 0
outer loop
vertex -131.64886474609375 -48.78010940551758 -4.099999904632568
vertex -131.64886474609375 -48.78010940551758 -0.5
vertex -131.13172912597656 -49.02599334716797 -0.5
endloop
endfacet
facet normal 0.17364831498192332 -0.9848077287998601 0
outer loop
vertex -78.48208618164062 33.24790954589844 -0.5
vertex -78.48208618164062 33.24790954589844 -4.099999904632568
vertex -62.058868408203125 36.143768310546875 -4.099999904632568
endloop
endfacet
facet normal -0.9997367628720957 -0.022943516775410504 0
outer loop
vertex 137.76988220214844 5.284971714019775 -0.5
vertex 137.76988220214844 5.284971714019775 -4.099999904632568
vertex 137.78302001953125 4.7125067710876465 -4.099999904632568
endloop
endfacet
facet normal 0.9991799050515955 0.0404909538179185 0
outer loop
vertex -81.53668212890625 29.74087905883789 -4.099999904632568
vertex -81.53668212890625 29.74087905883789 -0.5
vertex -81.51349639892578 29.168733596801758 -0.5
endloop
endfacet
facet normal 0.9934610580893619 -0.11417147656032807 0
outer loop
vertex -81.47130584716797 30.309749603271484 -4.099999904632568
vertex -81.47130584716797 30.309749603271484 -0.5
vertex -81.53668212890625 29.74087905883789 -0.5
endloop
endfacet
facet normal 0.9639447842730821 -0.2661023353387216 0
outer loop
vertex -81.47130584716797 30.309749603271484 -0.5
vertex -81.47130584716797 30.309749603271484 -4.099999904632568
vertex -81.31893157958984 30.861719131469727 -0.5
endloop
endfacet
facet normal 0.9113355307812908 -0.4116643661231599 0
outer loop
vertex -81.08320617675781 31.383563995361328 -4.099999904632568
vertex -81.08320617675781 31.383563995361328 -0.5
vertex -81.31893157958984 30.861719131469727 -0.5
endloop
endfacet
facet normal 0 0 1
outer loop
vertex 75.64344787597656 9.282488822937012 -4.099999904632568
vertex 77.88093566894531 10.957207679748535 -4.099999904632568
vertex 78.1369400024414 11.469408988952637 -4.099999904632568
endloop
endfacet
facet normal 0 0 1
outer loop
vertex -8.1639986038208 -31.93544578552246 -11.899999618530273
vertex -2.6639981269836426 -31.93544578552246 -11.899999618530273
vertex -2.6639981269836426 -16.93544578552246 -11.899999618530273
endloop
endfacet
facet normal 0 1 0
outer loop
vertex -69.16400146484375 -49.93544387817383 -11.899999618530273
vertex -69.16400146484375 -49.93544387817383 -0.5
vertex -8.1639986038208 -49.93544387817383 -0.5
endloop
endfacet
facet normal 0 0 1
outer loop
vertex -69.16400146484375 -49.93544387817383 -11.899999618530273
vertex -8.1639986038208 -31.93544578552246 -11.899999618530273
vertex -69.16400146484375 -16.93544578552246 -11.899999618530273
endloop
endfacet
facet normal 1 0 0
outer loop
vertex -69.16400146484375 -49.93544387817383 -11.899999618530273
vertex -69.16400146484375 -16.93544578552246 -11.899999618530273
vertex -69.16400146484375 -16.93544578552246 -4.099999904632568
endloop
endfacet
facet normal 0 0 1
outer loop
vertex -8.1639986038208 -31.93544578552246 -11.899999618530273
vertex -69.16400146484375 -49.93544387817383 -11.899999618530273
vertex -8.1639986038208 -49.93544387817383 -11.899999618530273
endloop
endfacet
facet normal 0 1 0
outer loop
vertex -8.1639986038208 -49.93544387817383 -11.899999618530273
vertex -69.16400146484375 -49.93544387817383 -11.899999618530273
vertex -8.1639986038208 -49.93544387817383 -8.199999809265137
endloop
endfacet
facet normal 1 0 0
outer loop
vertex -69.16400146484375 -49.93544387817383 -0.5
vertex -69.16400146484375 -49.873573303222656 -4.099999904632568
vertex -69.16400146484375 -49.873573303222656 -0.5
endloop
endfacet
facet normal -1 0 0
outer loop
vertex -2.6639981269836426 -16.93544578552246 -11.899999618530273
vertex -2.6639981269836426 -31.93544578552246 -11.899999618530273
vertex -2.6639981269836426 -16.93544578552246 -8.199999809265137
endloop
endfacet
facet normal 0 0 1
outer loop
vertex -69.16400146484375 -16.93544578552246 -11.899999618530273
vertex -8.1639986038208 -31.93544578552246 -11.899999618530273
vertex -2.6639981269836426 -16.93544578552246 -11.899999618530273
endloop
endfacet
facet normal 0 -1 0
outer loop
vertex -69.16400146484375 -16.93544578552246 -4.099999904632568
vertex -69.16400146484375 -16.93544578552246 -11.899999618530273
vertex -2.6639981269836426 -16.93544578552246 -4.099999904632568
endloop
endfacet
facet normal -1 0 0
outer loop
vertex -8.1639986038208 -31.93544578552246 -11.899999618530273
vertex -8.1639986038208 -49.93544387817383 -11.899999618530273
vertex -8.1639986038208 -31.93544578552246 -8.199999809265137
endloop
endfacet
facet normal 0 -1 0
outer loop
vertex -69.16400146484375 -16.93544578552246 -11.899999618530273
vertex -2.6639981269836426 -16.93544578552246 -11.899999618530273
vertex -2.6639981269836426 -16.93544578552246 -8.199999809265137
endloop
endfacet
facet normal 1 0 0
outer loop
vertex -69.16400146484375 -49.93544387817383 -0.5
vertex -69.16400146484375 -49.93544387817383 -11.899999618530273
vertex -69.16400146484375 -49.873573303222656 -4.099999904632568
endloop
endfacet
facet normal 1 0 0
outer loop
vertex -69.16400146484375 -49.873573303222656 -4.099999904632568
vertex -69.16400146484375 -49.93544387817383 -11.899999618530273
vertex -69.16400146484375 -16.93544578552246 -4.099999904632568
endloop
endfacet
facet normal 0 1 0
outer loop
vertex -8.1639986038208 -49.93544387817383 -0.5
vertex -8.1639986038208 -49.93544387817383 -8.199999809265137
vertex -69.16400146484375 -49.93544387817383 -11.899999618530273
endloop
endfacet
facet normal 0 1 0
outer loop
vertex -2.6639981269836426 -31.93544578552246 -11.899999618530273
vertex -8.1639986038208 -31.93544578552246 -11.899999618530273
vertex -2.6639981269836426 -31.93544578552246 -8.199999809265137
endloop
endfacet
facet normal 0 1 0
outer loop
vertex -2.6639981269836426 -31.93544578552246 -8.199999809265137
vertex -8.1639986038208 -31.93544578552246 -11.899999618530273
vertex -8.1639986038208 -31.93544578552246 -8.199999809265137
endloop
endfacet
facet normal -1 0 0
outer loop
vertex -2.6639981269836426 -31.93544578552246 -11.899999618530273
vertex -2.6639981269836426 -31.93544578552246 -8.199999809265137
vertex -2.6639981269836426 -16.93544578552246 -8.199999809265137
endloop
endfacet
facet normal 0 -1 0
outer loop
vertex -2.6639981269836426 -16.93544578552246 -4.099999904632568
vertex -69.16400146484375 -16.93544578552246 -11.899999618530273
vertex -2.6639981269836426 -16.93544578552246 -8.199999809265137
endloop
endfacet
facet normal -1 0 0
outer loop
vertex -8.1639986038208 -49.93544387817383 -11.899999618530273
vertex -8.1639986038208 -49.93544387817383 -8.199999809265137
vertex -8.1639986038208 -31.93544578552246 -8.199999809265137
endloop
endfacet
facet normal 0 0 1
outer loop
vertex 5.8860015869140625 -28.835445404052734 -8.199999809265137
vertex 1.7860018014907837 -28.835445404052734 -8.199999809265137
vertex 29.836002349853516 -49.93544387817383 -8.199999809265137
endloop
endfacet
facet normal 0 1 0
outer loop
vertex -5.3378777503967285 -49.93544387817383 -6.31731653213501
vertex -8.1639986038208 -49.93544387817383 -0.5
vertex -5.121105194091797 -49.93544387817383 -5.992893218994141
endloop
endfacet
facet normal -1 0 0
outer loop
vertex 29.836002349853516 -49.63544464111328 -0.5
vertex 29.836002349853516 -49.63544464111328 -4.099999904632568
vertex 29.836002349853516 -49.93544387817383 -0.5
endloop
endfacet
facet normal -1 0 0
outer loop
vertex 29.836002349853516 -49.93544387817383 -8.199999809265137
vertex 29.836002349853516 -49.93544387817383 -0.5
vertex 29.836002349853516 -49.63544464111328 -4.099999904632568
endloop
endfacet
facet normal 0 1 0
outer loop
vertex 29.836002349853516 -49.93544387817383 -8.199999809265137
vertex -8.1639986038208 -49.93544387817383 -0.5
vertex 29.836002349853516 -49.93544387817383 -0.5
endloop
endfacet
facet normal -1 0 0
outer loop
vertex 29.836002349853516 -16.93544578552246 -8.199999809265137
vertex 29.836002349853516 -49.63544464111328 -4.099999904632568
vertex 29.836002349853516 -16.93544578552246 -4.099999904632568
endloop
endfacet
facet normal 0 0 1
outer loop
vertex 5.8860015869140625 -28.835445404052734 -8.199999809265137
vertex 29.836002349853516 -49.93544387817383 -8.199999809265137
vertex 29.836002349853516 -16.93544578552246 -8.199999809265137
endloop
endfacet
facet normal -1 0 0
outer loop
vertex 29.836002349853516 -49.63544464111328 -4.099999904632568
vertex 29.836002349853516 -16.93544578552246 -8.199999809265137
vertex 29.836002349853516 -49.93544387817383 -8.199999809265137
endloop
endfacet
facet normal 0 0 1
outer loop
vertex 5.8860015869140625 -19.035446166992188 -8.199999809265137
vertex 5.8860015869140625 -28.835445404052734 -8.199999809265137
vertex 29.836002349853516 -16.93544578552246 -8.199999809265137
endloop
endfacet
facet normal 0 0 1
outer loop
vertex -2.6639981269836426 -31.93544578552246 -8.199999809265137
vertex 29.836002349853516 -49.93544387817383 -8.199999809265137
vertex 1.7860018014907837 -28.835445404052734 -8.199999809265137
endloop
endfacet
facet normal 0 0 1
outer loop
vertex -2.6639981269836426 -31.93544578552246 -8.199999809265137
vertex -8.1639986038208 -31.93544578552246 -8.199999809265137
vertex 29.836002349853516 -49.93544387817383 -8.199999809265137
endloop
endfacet
facet normal 0 1 0
outer loop
vertex -5.413998126983643 -49.93544387817383 -6.699999809265137
vertex -8.1639986038208 -49.93544387817383 -0.5
vertex -5.3378777503967285 -49.93544387817383 -6.31731653213501
endloop
endfacet
facet normal 0 1 0
outer loop
vertex -5.121105194091797 -49.93544387817383 -5.992893218994141
vertex -8.1639986038208 -49.93544387817383 -0.5
vertex -4.7966814041137695 -49.93544387817383 -5.776120662689209
endloop
endfacet
facet normal 0 1 0
outer loop
vertex -8.1639986038208 -49.93544387817383 -0.5
vertex -4.413998126983643 -49.93544387817383 -5.699999809265137
vertex -4.7966814041137695 -49.93544387817383 -5.776120662689209
endloop
endfacet
facet normal 0 1 0
outer loop
vertex -8.1639986038208 -49.93544387817383 -0.5
vertex 3.0860018730163574 -49.93544387817383 -5.699999809265137
vertex -4.413998126983643 -49.93544387817383 -5.699999809265137
endloop
endfacet
facet normal 0 1 0
outer loop
vertex -8.1639986038208 -49.93544387817383 -0.5
vertex 29.836002349853516 -49.93544387817383 -8.199999809265137
vertex 3.0860018730163574 -49.93544387817383 -5.699999809265137
endloop
endfacet
facet normal 0 1 0
outer loop
vertex 29.836002349853516 -49.93544387817383 -8.199999809265137
vertex 3.4686851501464844 -49.93544387817383 -5.776120662689209
vertex 3.0860018730163574 -49.93544387817383 -5.699999809265137
endloop
endfacet
facet normal 0 1 0
outer loop
vertex 29.836002349853516 -49.93544387817383 -8.199999809265137
vertex 3.7931087017059326 -49.93544387817383 -5.992893218994141
vertex 3.4686851501464844 -49.93544387817383 -5.776120662689209
endloop
endfacet
facet normal 0 0 1
outer loop
vertex 4.336001873016357 -40.93544387817383 -8.199999809265137
vertex 4.336001873016357 -49.93544387817383 -8.199999809265137
vertex 29.836002349853516 -49.93544387817383 -8.199999809265137
endloop
endfacet
facet normal 0 0 1
outer loop
vertex -8.1639986038208 -31.93544578552246 -8.199999809265137
vertex 4.336001873016357 -40.93544387817383 -8.199999809265137
vertex 29.836002349853516 -49.93544387817383 -8.199999809265137
endloop
endfacet
facet normal 0 1 0
outer loop
vertex 29.836002349853516 -49.93544387817383 -8.199999809265137
vertex 4.009881496429443 -49.93544387817383 -6.31731653213501
vertex 3.7931087017059326 -49.93544387817383 -5.992893218994141
endloop
endfacet
facet normal 0 1 0
outer loop
vertex 29.836002349853516 -49.93544387817383 -8.199999809265137
vertex 4.086001873016357 -49.93544387817383 -6.699999809265137
vertex 4.009881496429443 -49.93544387817383 -6.31731653213501
endloop
endfacet
facet normal 0 1 0
outer loop
vertex 4.336001873016357 -49.93544387817383 -8.199999809265137
vertex 4.086001873016357 -49.93544387817383 -6.699999809265137
vertex 29.836002349853516 -49.93544387817383 -8.199999809265137
endloop
endfacet
facet normal 0 1 0
outer loop
vertex 4.336001873016357 -49.93544387817383 -8.199999809265137
vertex 4.086001873016357 -49.93544387817383 -8.199999809265137
vertex 4.086001873016357 -49.93544387817383 -6.699999809265137
endloop
endfacet
facet normal 0 0 1
outer loop
vertex -2.6639981269836426 -16.93544578552246 -8.199999809265137
vertex 1.7860018014907837 -19.035446166992188 -8.199999809265137
vertex 29.836002349853516 -16.93544578552246 -8.199999809265137
endloop
endfacet
facet normal 0 0 1
outer loop
vertex 29.836002349853516 -16.93544578552246 -8.199999809265137
vertex 1.7860018014907837 -19.035446166992188 -8.199999809265137
vertex 5.8860015869140625 -19.035446166992188 -8.199999809265137
endloop
endfacet
facet normal 0 -1 0
outer loop
vertex -2.6639981269836426 -16.93544578552246 -8.199999809265137
vertex 29.836002349853516 -16.93544578552246 -8.199999809265137
vertex 29.836002349853516 -16.93544578552246 -4.099999904632568
endloop
endfacet
facet normal 0 0 1
outer loop
vertex -8.1639986038208 -49.93544387817383 -8.199999809265137
vertex -5.663998126983643 -49.93544387817383 -8.199999809265137
vertex -5.663998126983643 -40.93544387817383 -8.199999809265137
endloop
endfacet
facet normal 0 0 1
outer loop
vertex -8.1639986038208 -31.93544578552246 -8.199999809265137
vertex -8.1639986038208 -49.93544387817383 -8.199999809265137
vertex -5.663998126983643 -40.93544387817383 -8.199999809265137
endloop
endfacet
facet normal 0 -1 0
outer loop
vertex -2.6639981269836426 -16.93544578552246 -4.099999904632568
vertex -2.6639981269836426 -16.93544578552246 -8.199999809265137
vertex 29.836002349853516 -16.93544578552246 -4.099999904632568
endloop
endfacet
facet normal 0 1 0
outer loop
vertex -8.1639986038208 -49.93544387817383 -0.5
vertex -5.663998126983643 -49.93544387817383 -8.199999809265137
vertex -8.1639986038208 -49.93544387817383 -8.199999809265137
endloop
endfacet
facet normal 0 1 0
outer loop
vertex -8.1639986038208 -49.93544387817383 -0.5
vertex -5.413998126983643 -49.93544387817383 -8.199999809265137
vertex -5.663998126983643 -49.93544387817383 -8.199999809265137
endloop
endfacet
facet normal 0 0 1
outer loop
vertex -2.6639981269836426 -16.93544578552246 -8.199999809265137
vertex -2.6639981269836426 -31.93544578552246 -8.199999809265137
vertex 1.7860018014907837 -19.035446166992188 -8.199999809265137
endloop
endfacet
facet normal 0 1 0
outer loop
vertex -5.413998126983643 -49.93544387817383 -8.199999809265137
vertex -8.1639986038208 -49.93544387817383 -0.5
vertex -5.413998126983643 -49.93544387817383 -6.699999809265137
endloop
endfacet
facet normal 0 0 1
outer loop
vertex -8.1639986038208 -31.93544578552246 -8.199999809265137
vertex -5.663998126983643 -40.93544387817383 -8.199999809265137
vertex 4.336001873016357 -40.93544387817383 -8.199999809265137
endloop
endfacet
facet normal 0 0 1
outer loop
vertex 1.7860018014907837 -19.035446166992188 -8.199999809265137
vertex -2.6639981269836426 -31.93544578552246 -8.199999809265137
vertex 1.7860018014907837 -28.835445404052734 -8.199999809265137
endloop
endfacet
facet normal 0 1 0
outer loop
vertex 4.336001873016357 -49.93544387817383 -9.5
vertex -5.663998126983643 -49.93544387817383 -9.5
vertex 3.0860018730163574 -49.93544387817383 -9.199999809265137
endloop
endfacet
facet normal 0 -1 0
outer loop
vertex -5.663998126983643 -40.93544387817383 -8.199999809265137
vertex -5.663998126983643 -40.93544387817383 -9.5
vertex 4.336001873016357 -40.93544387817383 -8.199999809265137
endloop
endfacet
facet normal 0 0 1
outer loop
vertex -5.663998126983643 -49.93544387817383 -9.5
vertex 4.336001873016357 -49.93544387817383 -9.5
vertex -5.663998126983643 -40.93544387817383 -9.5
endloop
endfacet
facet normal 0 1 0
outer loop
vertex -5.663998126983643 -49.93544387817383 -9.5
vertex -4.7966814041137695 -49.93544387817383 -9.123879432678223
vertex -4.413998126983643 -49.93544387817383 -9.199999809265137
endloop
endfacet
facet normal 0 1 0
outer loop
vertex 3.7931087017059326 -49.93544387817383 -8.907106399536133
vertex 4.009881496429443 -49.93544387817383 -8.582683563232422
vertex 4.336001873016357 -49.93544387817383 -9.5
endloop
endfacet
facet normal -1 0 0
outer loop
vertex 4.336001873016357 -40.93544387817383 -9.5
vertex 4.336001873016357 -49.93544387817383 -9.5
vertex 4.336001873016357 -49.93544387817383 -8.199999809265137
endloop
endfacet
facet normal 0 -1 0
outer loop
vertex 4.336001873016357 -40.93544387817383 -8.199999809265137
vertex -5.663998126983643 -40.93544387817383 -9.5
vertex 4.336001873016357 -40.93544387817383 -9.5
endloop
endfacet
facet normal 0 1 0
outer loop
vertex 4.009881496429443 -49.93544387817383 -8.582683563232422
vertex 4.086001873016357 -49.93544387817383 -8.199999809265137
vertex 4.336001873016357 -49.93544387817383 -9.5
endloop
endfacet
facet normal 0 1 0
outer loop
vertex 4.086001873016357 -49.93544387817383 -8.199999809265137
vertex 4.336001873016357 -49.93544387817383 -8.199999809265137
vertex 4.336001873016357 -49.93544387817383 -9.5
endloop
endfacet
facet normal -1 0 0
outer loop
vertex 4.336001873016357 -40.93544387817383 -9.5
vertex 4.336001873016357 -49.93544387817383 -8.199999809265137
vertex 4.336001873016357 -40.93544387817383 -8.199999809265137
endloop
endfacet
facet normal 0 1 0
outer loop
vertex -4.413998126983643 -49.93544387817383 -9.199999809265137
vertex 3.0860018730163574 -49.93544387817383 -9.199999809265137
vertex -5.663998126983643 -49.93544387817383 -9.5
endloop
endfacet
facet normal 0 1 0
outer loop
vertex -5.121105194091797 -49.93544387817383 -8.907106399536133
vertex -5.663998126983643 -49.93544387817383 -9.5
vertex -5.3378777503967285 -49.93544387817383 -8.582683563232422
endloop
endfacet
facet normal 0 1 0
outer loop
vertex -4.7966814041137695 -49.93544387817383 -9.123879432678223
vertex -5.663998126983643 -49.93544387817383 -9.5
vertex -5.121105194091797 -49.93544387817383 -8.907106399536133
endloop
endfacet
facet normal 1 0 0
outer loop
vertex -5.663998126983643 -40.93544387817383 -8.199999809265137
vertex -5.663998126983643 -49.93544387817383 -9.5
vertex -5.663998126983643 -40.93544387817383 -9.5
endloop
endfacet
facet normal 0 1 0
outer loop
vertex -5.3378777503967285 -49.93544387817383 -8.582683563232422
vertex -5.663998126983643 -49.93544387817383 -9.5
vertex -5.663998126983643 -49.93544387817383 -8.199999809265137
endloop
endfacet
facet normal 0 1 0
outer loop
vertex 4.336001873016357 -49.93544387817383 -9.5
vertex 3.0860018730163574 -49.93544387817383 -9.199999809265137
vertex 3.4686851501464844 -49.93544387817383 -9.123879432678223
endloop
endfacet
facet normal 0 1 0
outer loop
vertex 3.4686851501464844 -49.93544387817383 -9.123879432678223
vertex 3.7931087017059326 -49.93544387817383 -8.907106399536133
vertex 4.336001873016357 -49.93544387817383 -9.5
endloop
endfacet
facet normal 0 0 1
outer loop
vertex -5.663998126983643 -40.93544387817383 -9.5
vertex 4.336001873016357 -49.93544387817383 -9.5
vertex 4.336001873016357 -40.93544387817383 -9.5
endloop
endfacet
facet normal 0 1 0
outer loop
vertex -5.413998126983643 -49.93544387817383 -8.199999809265137
vertex -5.3378777503967285 -49.93544387817383 -8.582683563232422
vertex -5.663998126983643 -49.93544387817383 -8.199999809265137
endloop
endfacet
facet normal 1 0 0
outer loop
vertex -5.663998126983643 -49.93544387817383 -8.199999809265137
vertex -5.663998126983643 -49.93544387817383 -9.5
vertex -5.663998126983643 -40.93544387817383 -8.199999809265137
endloop
endfacet
facet normal 0 0 1
outer loop
vertex 1.7860018014907837 -19.035446166992188 -10
vertex 2.5860018730163574 -20.68544578552246 -10
vertex 5.8860015869140625 -19.035446166992188 -10
endloop
endfacet
facet normal 0 -1 0
outer loop
vertex 1.7860018014907837 -19.035446166992188 -8.199999809265137
vertex 1.7860018014907837 -19.035446166992188 -10
vertex 5.8860015869140625 -19.035446166992188 -8.199999809265137
endloop
endfacet
facet normal 0 0 1
outer loop
vertex 5.086001873016357 -27.18544578552246 -10
vertex 5.8860015869140625 -28.835445404052734 -10
vertex 5.8860015869140625 -19.035446166992188 -10
endloop
endfacet
facet normal 0 0 1
outer loop
vertex 1.7860018014907837 -28.835445404052734 -10
vertex 5.8860015869140625 -28.835445404052734 -10
vertex 5.086001873016357 -27.18544578552246 -10
endloop
endfacet
facet normal 0 0 1
outer loop
vertex 5.086001873016357 -27.18544578552246 -10
vertex 2.5860018730163574 -27.18544578552246 -10
vertex 1.7860018014907837 -28.835445404052734 -10
endloop
endfacet
facet normal 0 1 0
outer loop
vertex 5.8860015869140625 -28.835445404052734 -10
vertex 1.7860018014907837 -28.835445404052734 -10
vertex 1.7860018014907837 -28.835445404052734 -8.199999809265137
endloop
endfacet
facet normal 0 0 1
outer loop
vertex 1.7860018014907837 -28.835445404052734 -10
vertex 2.5860018730163574 -27.18544578552246 -10
vertex 2.5860018730163574 -20.68544578552246 -10
endloop
endfacet
facet normal 0 1 0
outer loop
vertex 5.8860015869140625 -28.835445404052734 -10
vertex 1.7860018014907837 -28.835445404052734 -8.199999809265137
vertex 5.8860015869140625 -28.835445404052734 -8.199999809265137
endloop
endfacet
facet normal 0 0 1
outer loop
vertex 1.7860018014907837 -28.835445404052734 -10
vertex 2.5860018730163574 -20.68544578552246 -10
vertex 1.7860018014907837 -19.035446166992188 -10
endloop
endfacet
facet normal 0 0 1
outer loop
vertex 5.086001873016357 -20.68544578552246 -10
vertex 5.086001873016357 -27.18544578552246 -10
vertex 5.8860015869140625 -19.035446166992188 -10
endloop
endfacet
facet normal -1 0 0
outer loop
vertex 5.8860015869140625 -19.035446166992188 -10
vertex 5.8860015869140625 -28.835445404052734 -10
vertex 5.8860015869140625 -28.835445404052734 -8.199999809265137
endloop
endfacet
facet normal 1 0 0
outer loop
vertex 1.7860018014907837 -19.035446166992188 -8.199999809265137
vertex 1.7860018014907837 -28.835445404052734 -10
vertex 1.7860018014907837 -19.035446166992188 -10
endloop
endfacet
facet normal 0 0 1
outer loop
vertex 5.8860015869140625 -19.035446166992188 -10
vertex 2.5860018730163574 -20.68544578552246 -10
vertex 5.086001873016357 -20.68544578552246 -10
endloop
endfacet
facet normal 0 -1 0
outer loop
vertex 1.7860018014907837 -19.035446166992188 -10
vertex 5.8860015869140625 -19.035446166992188 -10
vertex 5.8860015869140625 -19.035446166992188 -8.199999809265137
endloop
endfacet
facet normal 1 0 0
outer loop
vertex 1.7860018014907837 -28.835445404052734 -8.199999809265137
vertex 1.7860018014907837 -28.835445404052734 -10
vertex 1.7860018014907837 -19.035446166992188 -8.199999809265137
endloop
endfacet
facet normal -1 0 0
outer loop
vertex 5.8860015869140625 -19.035446166992188 -10
vertex 5.8860015869140625 -28.835445404052734 -8.199999809265137
vertex 5.8860015869140625 -19.035446166992188 -8.199999809265137
endloop
endfacet
facet normal 0 1 0
outer loop
vertex 5.086001873016357 -27.18544578552246 -11.699999809265137
vertex 2.5860018730163574 -27.18544578552246 -11.699999809265137
vertex 5.086001873016357 -27.18544578552246 -10
endloop
endfacet
facet normal 0 1 0
outer loop
vertex 5.086001873016357 -27.18544578552246 -10
vertex 2.5860018730163574 -27.18544578552246 -11.699999809265137
vertex 2.5860018730163574 -27.18544578552246 -10
endloop
endfacet
facet normal 1 0 0
outer loop
vertex 2.5860018730163574 -27.18544578552246 -10
vertex 2.5860018730163574 -27.18544578552246 -11.699999809265137
vertex 2.5860018730163574 -20.68544578552246 -11.699999809265137
endloop
endfacet
facet normal 0 -1 0
outer loop
vertex 5.086001873016357 -20.68544578552246 -11.699999809265137
vertex 2.5860018730163574 -20.68544578552246 -10
vertex 2.5860018730163574 -20.68544578552246 -11.699999809265137
endloop
endfacet
facet normal -1 0 0
outer loop
vertex 5.086001873016357 -27.18544578552246 -11.699999809265137
vertex 5.086001873016357 -20.68544578552246 -10
vertex 5.086001873016357 -20.68544578552246 -11.699999809265137
endloop
endfacet
facet normal -1 0 0
outer loop
vertex 5.086001873016357 -20.68544578552246 -10
vertex 5.086001873016357 -27.18544578552246 -11.699999809265137
vertex 5.086001873016357 -27.18544578552246 -10
endloop
endfacet
facet normal 1 0 0
outer loop
vertex 2.5860018730163574 -20.68544578552246 -10
vertex 2.5860018730163574 -27.18544578552246 -10
vertex 2.5860018730163574 -20.68544578552246 -11.699999809265137
endloop
endfacet
facet normal 0 -1 0
outer loop
vertex 2.5860018730163574 -20.68544578552246 -10
vertex 5.086001873016357 -20.68544578552246 -11.699999809265137
vertex 5.086001873016357 -20.68544578552246 -10
endloop
endfacet
facet normal -1 0 0
outer loop
vertex 19.336002349853516 -16.93544578552246 -13.288727760314941
vertex 19.336002349853516 -30.93544578552246 -14.859079360961914
vertex 19.336002349853516 -30.93544578552246 -11.699999809265137
endloop
endfacet
facet normal -0.8314737692381023 -0.555564011675507 0
outer loop
vertex 19.297941207885742 -16.744104385375977 -11.699999809265137
vertex 19.189556121826172 -16.581892013549805 -11.699999809265137
vertex 19.189556121826172 -16.581892013549805 -13.249070167541504
endloop
endfacet
facet normal 0.9807852048656762 0.1950907017686735 0
outer loop
vertex -0.6259379386901855 -31.126787185668945 -14.880541801452637
vertex -0.6639981865882874 -30.93544578552246 -14.859079360961914
vertex -0.6639981865882874 -30.93544578552246 -11.699999809265137
endloop
endfacet
facet normal 0 0 -1
outer loop
vertex 19.336002349853516 -16.93544578552246 -11.699999809265137
vertex 19.297941207885742 -31.126787185668945 -11.699999809265137
vertex 19.297941207885742 -16.744104385375977 -11.699999809265137
endloop
endfacet
facet normal 0.5555723937961842 -0.8314681685137306 0
outer loop
vertex -0.355339914560318 -16.4735050201416 -11.699999809265137
vertex -0.517551600933075 -16.581892013549805 -11.699999809265137
vertex -0.517551600933075 -16.581892013549805 -13.249070167541504
endloop
endfacet
facet normal 0.8314708054522463 0.555568447340733 0
outer loop
vertex -0.517551600933075 -31.288999557495117 -11.699999809265137
vertex -0.517551600933075 -31.288999557495117 -14.898736000061035
vertex -0.6259379386901855 -31.126787185668945 -11.699999809265137
endloop
endfacet
facet normal 0.19509478866088062 0.9807843919217751 0
outer loop
vertex -0.16399818658828735 -31.43544578552246 -14.915163040161133
vertex -0.355339914560318 -31.397384643554688 -11.699999809265137
vertex -0.16399818658828735 -31.43544578552246 -11.699999809265137
endloop
endfacet
facet normal 0.555565634704084 0.831472684780353 0
outer loop
vertex -0.355339914560318 -31.397384643554688 -11.699999809265137
vertex -0.355339914560318 -31.397384643554688 -14.910894393920898
vertex -0.517551600933075 -31.288999557495117 -11.699999809265137
endloop
endfacet
facet normal 0.9807852048656762 0.1950907017686735 0
outer loop
vertex -0.6259379386901855 -31.126787185668945 -11.699999809265137
vertex -0.6259379386901855 -31.126787185668945 -14.880541801452637
vertex -0.6639981865882874 -30.93544578552246 -11.699999809265137
endloop
endfacet
facet normal 0.19508538401882014 -0.9807862626190427 0
outer loop
vertex -0.16399818658828735 -16.43544578552246 -11.699999809265137
vertex -0.355339914560318 -16.4735050201416 -11.699999809265137
vertex -0.355339914560318 -16.4735050201416 -13.236912727355957
endloop
endfacet
facet normal 0 0 -1
outer loop
vertex 19.297941207885742 -16.744104385375977 -11.699999809265137
vertex 19.189556121826172 -31.288999557495117 -11.699999809265137
vertex 19.189556121826172 -16.581892013549805 -11.699999809265137
endloop
endfacet
facet normal 0 0 -1
outer loop
vertex 19.189556121826172 -16.581892013549805 -11.699999809265137
vertex 19.02734375 -31.397384643554688 -11.699999809265137
vertex 19.02734375 -16.4735050201416 -11.699999809265137
endloop
endfacet
facet normal -0.980784327963159 0.19509511019462944 0
outer loop
vertex 19.336002349853516 -30.93544578552246 -14.859079360961914
vertex 19.297941207885742 -31.126787185668945 -14.880541801452637
vertex 19.297941207885742 -31.126787185668945 -11.699999809265137
endloop
endfacet
facet normal 0 1 0
outer loop
vertex 18.836002349853516 -31.43544578552246 -14.915163040161133
vertex -0.16399818658828735 -31.43544578552246 -11.699999809265137
vertex 18.836002349853516 -31.43544578552246 -11.699999809265137
endloop
endfacet
facet normal 0 0 -1
outer loop
vertex 2.5860018730163574 -27.18544578552246 -11.699999809265137
vertex 5.086001873016357 -27.18544578552246 -11.699999809265137
vertex -0.16399818658828735 -31.43544578552246 -11.699999809265137
endloop
endfacet
facet normal -0.8314737692381023 0.555564011675507 0
outer loop
vertex 19.297941207885742 -31.126787185668945 -14.880541801452637
vertex 19.189556121826172 -31.288999557495117 -14.898736000061035
vertex 19.189556121826172 -31.288999557495117 -11.699999809265137
endloop
endfacet
facet normal -0.555564011675507 0.8314737692381023 0
outer loop
vertex 19.189556121826172 -31.288999557495117 -14.898736000061035
vertex 19.02734375 -31.397384643554688 -14.910894393920898
vertex 19.02734375 -31.397384643554688 -11.699999809265137
endloop
endfacet
facet normal -0.19509511019462944 0.980784327963159 0
outer loop
vertex 19.02734375 -31.397384643554688 -14.910894393920898
vertex 18.836002349853516 -31.43544578552246 -14.915163040161133
vertex 18.836002349853516 -31.43544578552246 -11.699999809265137
endloop
endfacet
facet normal 0 1 0
outer loop
vertex 18.836002349853516 -31.43544578552246 -14.915163040161133
vertex -0.16399818658828735 -31.43544578552246 -14.915163040161133
vertex -0.16399818658828735 -31.43544578552246 -11.699999809265137
endloop
endfacet
facet normal 0.1950853840188201 -0.9807862626190424 0
outer loop
vertex -0.355339914560318 -16.4735050201416 -13.236912727355957
vertex -0.16399818658828735 -16.43544578552246 -13.232643127441406
vertex -0.16399818658828735 -16.43544578552246 -11.699999809265137
endloop
endfacet
facet normal -0.19509511019462944 0.980784327963159 0
outer loop
vertex 19.02734375 -31.397384643554688 -11.699999809265137
vertex 19.02734375 -31.397384643554688 -14.910894393920898
vertex 18.836002349853516 -31.43544578552246 -11.699999809265137
endloop
endfacet
facet normal -0.555564011675507 0.8314737692381023 0
outer loop
vertex 19.189556121826172 -31.288999557495117 -11.699999809265137
vertex 19.189556121826172 -31.288999557495117 -14.898736000061035
vertex 19.02734375 -31.397384643554688 -11.699999809265137
endloop
endfacet
facet normal -0.8314737692381023 0.555564011675507 0
outer loop
vertex 19.297941207885742 -31.126787185668945 -11.699999809265137
vertex 19.297941207885742 -31.126787185668945 -14.880541801452637
vertex 19.189556121826172 -31.288999557495117 -11.699999809265137
endloop
endfacet
facet normal -0.9807843279631591 0.19509511019462947 0
outer loop
vertex 19.336002349853516 -30.93544578552246 -14.859079360961914
vertex 19.297941207885742 -31.126787185668945 -11.699999809265137
vertex 19.336002349853516 -30.93544578552246 -11.699999809265137
endloop
endfacet
facet normal 0 0 -1
outer loop
vertex 2.5860018730163574 -27.18544578552246 -11.699999809265137
vertex -0.16399818658828735 -31.43544578552246 -11.699999809265137
vertex 2.5860018730163574 -20.68544578552246 -11.699999809265137
endloop
endfacet
facet normal 0 0 -1
outer loop
vertex -0.16399818658828735 -31.43544578552246 -11.699999809265137
vertex 5.086001873016357 -27.18544578552246 -11.699999809265137
vertex 18.836002349853516 -16.43544578552246 -11.699999809265137
endloop
endfacet
facet normal 1 0 0
outer loop
vertex -0.6639981865882874 -16.93544578552246 -13.288727760314941
vertex -0.6639981865882874 -16.93544578552246 -11.699999809265137
vertex -0.6639981865882874 -30.93544578552246 -14.859079360961914
endloop
endfacet
facet normal 1 0 0
outer loop
vertex -0.6639981865882874 -30.93544578552246 -11.699999809265137
vertex -0.6639981865882874 -30.93544578552246 -14.859079360961914
vertex -0.6639981865882874 -16.93544578552246 -11.699999809265137
endloop
endfacet
facet normal 0 0 -1
outer loop
vertex -0.517551600933075 -31.288999557495117 -11.699999809265137
vertex -0.6259379386901855 -31.126787185668945 -11.699999809265137
vertex -0.517551600933075 -16.581892013549805 -11.699999809265137
endloop
endfacet
facet normal 0 0 -1
outer loop
vertex 19.02734375 -16.4735050201416 -11.699999809265137
vertex 18.836002349853516 -31.43544578552246 -11.699999809265137
vertex 18.836002349853516 -16.43544578552246 -11.699999809265137
endloop
endfacet
facet normal -0.980784327963159 -0.19509511019462944 0
outer loop
vertex 19.297941207885742 -16.744104385375977 -13.267265319824219
vertex 19.336002349853516 -16.93544578552246 -13.288727760314941
vertex 19.336002349853516 -16.93544578552246 -11.699999809265137
endloop
endfacet
facet normal 0 0 -1
outer loop
vertex 2.5860018730163574 -20.68544578552246 -11.699999809265137
vertex -0.16399818658828735 -31.43544578552246 -11.699999809265137
vertex -0.16399818658828735 -16.43544578552246 -11.699999809265137
endloop
endfacet
facet normal 0 0 -1
outer loop
vertex 18.836002349853516 -31.43544578552246 -11.699999809265137
vertex -0.16399818658828735 -31.43544578552246 -11.699999809265137
vertex 18.836002349853516 -16.43544578552246 -11.699999809265137
endloop
endfacet
facet normal -0.19508570553829577 -0.9807861986664705 0
outer loop
vertex 18.836002349853516 -16.43544578552246 -13.232643127441406
vertex 19.02734375 -16.4735050201416 -13.236912727355957
vertex 19.02734375 -16.4735050201416 -11.699999809265137
endloop
endfacet
facet normal 0 0 -1
outer loop
vertex 18.836002349853516 -16.43544578552246 -11.699999809265137
vertex 5.086001873016357 -27.18544578552246 -11.699999809265137
vertex 5.086001873016357 -20.68544578552246 -11.699999809265137
endloop
endfacet
facet normal 0 -1 0
outer loop
vertex -0.16399818658828735 -16.43544578552246 -11.699999809265137
vertex -0.16399818658828735 -16.43544578552246 -13.232643127441406
vertex 18.836002349853516 -16.43544578552246 -11.699999809265137
endloop
endfacet
facet normal 0 -1 0
outer loop
vertex 18.836002349853516 -16.43544578552246 -11.699999809265137
vertex -0.16399818658828735 -16.43544578552246 -13.232643127441406
vertex 18.836002349853516 -16.43544578552246 -13.232643127441406
endloop
endfacet
facet normal 0 0 -1
outer loop
vertex 2.5860018730163574 -20.68544578552246 -11.699999809265137
vertex -0.16399818658828735 -16.43544578552246 -11.699999809265137
vertex 18.836002349853516 -16.43544578552246 -11.699999809265137
endloop
endfacet
facet normal 0.555565634704084 0.831472684780353 0
outer loop
vertex -0.355339914560318 -31.397384643554688 -14.910894393920898
vertex -0.517551600933075 -31.288999557495117 -14.898736000061035
vertex -0.517551600933075 -31.288999557495117 -11.699999809265137
endloop
endfacet
facet normal -0.5555707707654928 -0.8314692529919772 0
outer loop
vertex 19.02734375 -16.4735050201416 -13.236912727355957
vertex 19.189556121826172 -16.581892013549805 -13.249070167541504
vertex 19.189556121826172 -16.581892013549805 -11.699999809265137
endloop
endfacet
facet normal 0 0 -1
outer loop
vertex 5.086001873016357 -20.68544578552246 -11.699999809265137
vertex 2.5860018730163574 -20.68544578552246 -11.699999809265137
vertex 18.836002349853516 -16.43544578552246 -11.699999809265137
endloop
endfacet
facet normal 0 0 -1
outer loop
vertex -0.6259379386901855 -31.126787185668945 -11.699999809265137
vertex -0.6639981865882874 -30.93544578552246 -11.699999809265137
vertex -0.6259379386901855 -16.744104385375977 -11.699999809265137
endloop
endfacet
facet normal 0 0 -1
outer loop
vertex -0.355339914560318 -31.397384643554688 -11.699999809265137
vertex -0.517551600933075 -31.288999557495117 -11.699999809265137
vertex -0.355339914560318 -16.4735050201416 -11.699999809265137
endloop
endfacet
facet normal 0 0 -1
outer loop
vertex -0.16399818658828735 -31.43544578552246 -11.699999809265137
vertex -0.355339914560318 -31.397384643554688 -11.699999809265137
vertex -0.16399818658828735 -16.43544578552246 -11.699999809265137
endloop
endfacet
facet normal 0 0 -1
outer loop
vertex -0.6259379386901855 -16.744104385375977 -11.699999809265137
vertex -0.6639981865882874 -30.93544578552246 -11.699999809265137
vertex -0.6639981865882874 -16.93544578552246 -11.699999809265137
endloop
endfacet
facet normal 0 0 -1
outer loop
vertex -0.517551600933075 -16.581892013549805 -11.699999809265137
vertex -0.6259379386901855 -31.126787185668945 -11.699999809265137
vertex -0.6259379386901855 -16.744104385375977 -11.699999809265137
endloop
endfacet
facet normal 0 0 -1
outer loop
vertex -0.355339914560318 -16.4735050201416 -11.699999809265137
vertex -0.517551600933075 -31.288999557495117 -11.699999809265137
vertex -0.517551600933075 -16.581892013549805 -11.699999809265137
endloop
endfacet
facet normal 0.19509478866088065 0.9807843919217752 0
outer loop
vertex -0.16399818658828735 -31.43544578552246 -14.915163040161133
vertex -0.355339914560318 -31.397384643554688 -14.910894393920898
vertex -0.355339914560318 -31.397384643554688 -11.699999809265137
endloop
endfacet
facet normal -1 0 0
outer loop
vertex 19.336002349853516 -16.93544578552246 -13.288727760314941
vertex 19.336002349853516 -30.93544578552246 -11.699999809265137
vertex 19.336002349853516 -16.93544578552246 -11.699999809265137
endloop
endfacet
facet normal 0 0 -1
outer loop
vertex 19.02734375 -31.397384643554688 -11.699999809265137
vertex 18.836002349853516 -31.43544578552246 -11.699999809265137
vertex 19.02734375 -16.4735050201416 -11.699999809265137
endloop
endfacet
facet normal 0 0 -1
outer loop
vertex 19.189556121826172 -31.288999557495117 -11.699999809265137
vertex 19.02734375 -31.397384643554688 -11.699999809265137
vertex 19.189556121826172 -16.581892013549805 -11.699999809265137
endloop
endfacet
facet normal 0 0 -1
outer loop
vertex 19.336002349853516 -30.93544578552246 -11.699999809265137
vertex 19.297941207885742 -31.126787185668945 -11.699999809265137
vertex 19.336002349853516 -16.93544578552246 -11.699999809265137
endloop
endfacet
facet normal 0 0 -1
outer loop
vertex -0.16399818658828735 -16.43544578552246 -11.699999809265137
vertex -0.355339914560318 -31.397384643554688 -11.699999809265137
vertex -0.355339914560318 -16.4735050201416 -11.699999809265137
endloop
endfacet
facet normal 0.9807852048656763 -0.19509070176867352 0
outer loop
vertex -0.6639981865882874 -16.93544578552246 -11.699999809265137
vertex -0.6639981865882874 -16.93544578552246 -13.288727760314941
vertex -0.6259379386901855 -16.744104385375977 -11.699999809265137
endloop
endfacet
facet normal 0 0 -1
outer loop
vertex 19.297941207885742 -31.126787185668945 -11.699999809265137
vertex 19.189556121826172 -31.288999557495117 -11.699999809265137
vertex 19.297941207885742 -16.744104385375977 -11.699999809265137
endloop
endfacet
facet normal 0.8314708054522462 0.5555684473407329 0
outer loop
vertex -0.517551600933075 -31.288999557495117 -14.898736000061035
vertex -0.6259379386901855 -31.126787185668945 -14.880541801452637
vertex -0.6259379386901855 -31.126787185668945 -11.699999809265137
endloop
endfacet
facet normal 0.9807852048656762 -0.1950907017686735 0
outer loop
vertex -0.6259379386901855 -16.744104385375977 -11.699999809265137
vertex -0.6639981865882874 -16.93544578552246 -13.288727760314941
vertex -0.6259379386901855 -16.744104385375977 -13.267265319824219
endloop
endfacet
facet normal 0.8314708054522463 -0.555568447340733 0
outer loop
vertex -0.6259379386901855 -16.744104385375977 -13.267265319824219
vertex -0.517551600933075 -16.581892013549805 -13.249070167541504
vertex -0.517551600933075 -16.581892013549805 -11.699999809265137
endloop
endfacet
facet normal -0.8314737692381023 -0.555564011675507 0
outer loop
vertex 19.189556121826172 -16.581892013549805 -13.249070167541504
vertex 19.297941207885742 -16.744104385375977 -13.267265319824219
vertex 19.297941207885742 -16.744104385375977 -11.699999809265137
endloop
endfacet
facet normal 0.5555723937961842 -0.8314681685137307 0
outer loop
vertex -0.517551600933075 -16.581892013549805 -13.249070167541504
vertex -0.355339914560318 -16.4735050201416 -13.236912727355957
vertex -0.355339914560318 -16.4735050201416 -11.699999809265137
endloop
endfacet
facet normal -0.5555707707654927 -0.831469252991977 0
outer loop
vertex 19.02734375 -16.4735050201416 -11.699999809265137
vertex 19.02734375 -16.4735050201416 -13.236912727355957
vertex 19.189556121826172 -16.581892013549805 -11.699999809265137
endloop
endfacet
facet normal -0.19508570553829577 -0.9807861986664705 0
outer loop
vertex 18.836002349853516 -16.43544578552246 -11.699999809265137
vertex 18.836002349853516 -16.43544578552246 -13.232643127441406
vertex 19.02734375 -16.4735050201416 -11.699999809265137
endloop
endfacet
facet normal -0.980784327963159 -0.19509511019462944 0
outer loop
vertex 19.297941207885742 -16.744104385375977 -11.699999809265137
vertex 19.297941207885742 -16.744104385375977 -13.267265319824219
vertex 19.336002349853516 -16.93544578552246 -11.699999809265137
endloop
endfacet
facet normal 0.8314708054522464 -0.555568447340733 0
outer loop
vertex -0.517551600933075 -16.581892013549805 -11.699999809265137
vertex -0.6259379386901855 -16.744104385375977 -11.699999809265137
vertex -0.6259379386901855 -16.744104385375977 -13.267265319824219
endloop
endfacet
facet normal 0.18751981885680852 -0.6817872937622164 0.7071084807865785
outer loop
vertex 75.36653137207031 -52.711021423339844 -0.5
vertex 74.3228759765625 -53.516639709472656 -1
vertex 75.54460144042969 -53.18061447143555 -1
endloop
endfacet
facet normal 0.18752010996459945 -0.6817874997213397 0.7071082050030171
outer loop
vertex 74.21405792236328 -53.02799987792969 -0.5
vertex 74.3228759765625 -53.516639709472656 -1
vertex 75.36653137207031 -52.711021423339844 -0.5
endloop
endfacet
facet normal 0.31168174433098256 -0.6347077194331224 0.7071072062585706
outer loop
vertex 75.36653137207031 -52.711021423339844 -0.5
vertex 75.89667510986328 -53.007720947265625 -1
vertex 76.7474136352539 -52.5899543762207 -1
endloop
endfacet
facet normal 0.31168152961834317 -0.6347087684794321 0.7071063592629417
outer loop
vertex 76.7474136352539 -52.5899543762207 -1
vertex 76.52702331542969 -52.14114761352539 -0.5
vertex 75.36653137207031 -52.711021423339844 -0.5
endloop
endfacet
facet normal 0.31168539170358084 -0.6347040474348629 0.7071088945617844
outer loop
vertex 75.36653137207031 -52.711021423339844 -0.5
vertex 75.54460144042969 -53.18061447143555 -1
vertex 75.89667510986328 -53.007720947265625 -1
endloop
endfacet
facet normal 0.28401843781076913 -0.6479227795285526 0.7067740790036976
outer loop
vertex 76.52702331542969 -52.14114761352539 -0.5
vertex 76.7474136352539 -52.5899543762207 -1
vertex 77.03106689453125 -52.465614318847656 -1
endloop
endfacet
facet normal 0.28480386744847674 -0.6472149165664909 0.7071065046089031
outer loop
vertex 77.03106689453125 -52.465614318847656 -1
vertex 76.83032989501953 -52.0076789855957 -0.5
vertex 76.52702331542969 -52.14114761352539 -0.5
endloop
endfacet
facet normal 0.22357775157690718 -0.6724117663791968 0.7056028666570334
outer loop
vertex 76.83032989501953 -52.0076789855957 -0.5
vertex 77.03106689453125 -52.465614318847656 -1
vertex 76.8914566040039 -51.98735427856445 -0.5
endloop
endfacet
facet normal 0.20074751164051358 -0.6780159336866173 0.7071031256027698
outer loop
vertex 77.47677612304688 -52.33550262451172 -1
vertex 77.33666229248047 -51.85553741455078 -0.5
vertex 76.8914566040039 -51.98735427856445 -0.5
endloop
endfacet
facet normal 0.19850164064231385 -0.6799850971223158 0.7058451433238487
outer loop
vertex 76.8914566040039 -51.98735427856445 -0.5
vertex 77.03106689453125 -52.465614318847656 -1
vertex 77.47677612304688 -52.33550262451172 -1
endloop
endfacet
facet normal 0.1322362585515569 -0.6963043624894678 0.705459996528805
outer loop
vertex 77.33666229248047 -51.85553741455078 -0.5
vertex 77.47677612304688 -52.33550262451172 -1
vertex 77.41259002685547 -51.84111785888672 -0.5
endloop
endfacet
facet normal 0.091149753602998 -0.7022534226068815 0.7060678811948844
outer loop
vertex 77.41259002685547 -51.84111785888672 -0.5
vertex 77.47677612304688 -52.33550262451172 -1
vertex 77.58116912841797 -52.32195281982422 -1
endloop
endfacet
facet normal 0.09117421284005456 -0.7022475928073388 0.7060705214844295
outer loop
vertex 77.41259002685547 -51.84111785888672 -0.5
vertex 77.58116912841797 -52.32195281982422 -1
vertex 77.93721771240234 -52.275726318359375 -1
endloop
endfacet
facet normal 0.09324899301164952 -0.7009331197334457 0.7071049334879883
outer loop
vertex 77.93721771240234 -52.275726318359375 -1
vertex 77.87284088134766 -51.77988815307617 -0.5
vertex 77.41259002685547 -51.84111785888672 -0.5
endloop
endfacet
facet normal 0.04562795249995288 -0.706372754985471 0.7063679076549966
outer loop
vertex 77.87284088134766 -51.77988815307617 -0.5
vertex 77.93721771240234 -52.275726318359375 -1
vertex 77.9370346069336 -51.77574157714844 -0.5
endloop
endfacet
facet normal 0.00002905029012176022 -0.7096236811413956 0.7045808898341025
outer loop
vertex 89.17161560058594 -52.271728515625 -1
vertex 89.21220397949219 -51.7752799987793 -0.5
vertex 77.9370346069336 -51.77574157714844 -0.5
endloop
endfacet
facet normal 0.0002516304222761106 -0.7071175024005859 0.7070960150367757
outer loop
vertex 77.93721771240234 -52.275726318359375 -1
vertex 89.17161560058594 -52.271728515625 -1
vertex 77.9370346069336 -51.77574157714844 -0.5
endloop
endfacet
facet normal -0.057733773763297684 -0.7060916706528135 0.7057629658757728
outer loop
vertex 89.17161560058594 -52.271728515625 -1
vertex 90.54003143310547 -52.38361740112305 -1
vertex 89.21220397949219 -51.7752799987793 -0.5
endloop
endfacet
facet normal -0.0566209873284065 -0.7047983102805669 0.707144543653993
outer loop
vertex 90.54003143310547 -52.38361740112305 -1
vertex 90.54151916503906 -51.88207244873047 -0.5
vertex 89.21220397949219 -51.7752799987793 -0.5
endloop
endfacet
facet normal 0.053443843753631315 -0.7050856883725516 0.7071053157889866
outer loop
vertex 90.77651977539062 -52.365692138671875 -1
vertex 90.54151916503906 -51.88207244873047 -0.5
vertex 90.54003143310547 -52.38361740112305 -1
endloop
endfacet
facet normal 0.053439163959951116 -0.7050869881167703 0.7071043734440363
outer loop
vertex 90.54151916503906 -51.88207244873047 -0.5
vertex 90.77651977539062 -52.365692138671875 -1
vertex 91.96354675292969 -52.275726318359375 -1
endloop
endfacet
facet normal 0.052588459956075376 -0.7064771165225218 0.705779383171166
outer loop
vertex 91.96354675292969 -52.275726318359375 -1
vertex 91.9259033203125 -51.779022216796875 -0.5
vertex 90.54151916503906 -51.88207244873047 -0.5
endloop
endfacet
facet normal 0.06180899722383657 -0.7057541815106437 0.7057553989467066
outer loop
vertex 91.9259033203125 -51.779022216796875 -0.5
vertex 91.96354675292969 -52.275726318359375 -1
vertex 91.96349334716797 -51.77573013305664 -0.5
endloop
endfacet
facet normal 0.00007477828695861711 -0.7071094726194012 0.7071040857894405
outer loop
vertex 91.96349334716797 -51.77573013305664 -0.5
vertex 91.96354675292969 -52.275726318359375 -1
vertex 116.27613067626953 -52.273155212402344 -1
endloop
endfacet
facet normal 0.00007488878421205154 -0.7071067792037035 0.7071067792037035
outer loop
vertex 116.27613067626953 -52.273155212402344 -1
vertex 116.27613067626953 -51.773155212402344 -0.5
vertex 91.96349334716797 -51.77573013305664 -0.5
endloop
endfacet
facet normal 0.00007492760344187336 -0.7071067792016473 0.7071067792016473
outer loop
vertex 129.77613830566406 -52.271728515625 -1
vertex 125.27613067626953 -51.7722053527832 -0.5
vertex 125.27613067626953 -52.2722053527832 -1
endloop
endfacet
facet normal 0.00007507365262037131 -0.7071061216576372 0.707107436729555
outer loop
vertex 125.27613067626953 -51.7722053527832 -0.5
vertex 129.77613830566406 -52.271728515625 -1
vertex 129.7673797607422 -51.771728515625 -0.5
endloop
endfacet
facet normal 0.024689904852472598 -0.7066745774205018 0.707107806650394
outer loop
vertex 130.25994873046875 -52.254825592041016 -1
vertex 130.2139434814453 -51.756126403808594 -0.5
vertex 129.7673797607422 -51.771728515625 -0.5
endloop
endfacet
facet normal 0.024689159851775177 -0.7066749640444465 0.7071074462757367
outer loop
vertex 129.7673797607422 -51.771728515625 -0.5
vertex 129.77613830566406 -52.271728515625 -1
vertex 130.25994873046875 -52.254825592041016 -1
endloop
endfacet
facet normal 0.10499958757578289 -0.6992682765395798 0.7071060486477831
outer loop
vertex 131.3050079345703 -52.097900390625 -1
vertex 131.1897430419922 -51.60960388183594 -0.5
vertex 130.2139434814453 -51.756126403808594 -0.5
endloop
endfacet
facet normal 0.10500119369613593 -0.6992660383649419 0.707108023509694
outer loop
vertex 130.2139434814453 -51.756126403808594 -0.5
vertex 130.25994873046875 -52.254825592041016 -1
vertex 131.3050079345703 -52.097900390625 -1
endloop
endfacet
facet normal 0.2187988198482975 -0.6724040285509407 0.7071067096425108
outer loop
vertex 132.39988708496094 -51.74163055419922 -1
vertex 132.20228576660156 -51.28012466430664 -0.5
vertex 131.1897430419922 -51.60960388183594 -0.5
endloop
endfacet
facet normal 0.21879829607442441 -0.672405205324721 0.7071057526898987
outer loop
vertex 131.1897430419922 -51.60960388183594 -0.5
vertex 131.3050079345703 -52.097900390625 -1
vertex 132.39988708496094 -51.74163055419922 -1
endloop
endfacet
facet normal 0.3355958748494627 -0.6223952217830423 0.7071064960001863
outer loop
vertex 132.39988708496094 -51.74163055419922 -1
vertex 133.5151824951172 -51.140262603759766 -1
vertex 132.20228576660156 -51.28012466430664 -0.5
endloop
endfacet
facet normal 0.3355950302451329 -0.6223995826354018 0.7071030584080696
outer loop
vertex 133.5151824951172 -51.140262603759766 -1
vertex 133.23782348632812 -50.72176742553711 -0.5
vertex 132.20228576660156 -51.28012466430664 -0.5
endloop
endfacet
facet normal 0.4424665205477783 -0.5515697249252112 0.7071026917925497
outer loop
vertex 133.23782348632812 -50.72176742553711 -0.5
vertex 133.5151824951172 -51.140262603759766 -1
vertex 134.34725952148438 -50.472774505615234 -1
endloop
endfacet
facet normal 0.44246751323044015 -0.5515624733608544 0.7071077270937768
outer loop
vertex 134.41329956054688 -50.419795989990234 -1
vertex 134.06524658203125 -50.05800247192383 -0.5
vertex 133.23782348632812 -50.72176742553711 -0.5
endloop
endfacet
facet normal 0.4424679179954827 -0.5515556304966731 0.7071128113760633
outer loop
vertex 134.41329956054688 -50.419795989990234 -1
vertex 133.23782348632812 -50.72176742553711 -0.5
vertex 134.34725952148438 -50.472774505615234 -1
endloop
endfacet
facet normal 0.5340381950948664 -0.46347569720479387 0.7071021738619868
outer loop
vertex 134.8363800048828 -49.169498443603516 -0.5
vertex 134.7883758544922 -49.98763656616211 -1
vertex 135.2438201904297 -49.462852478027344 -1
endloop
endfacet
facet normal 0.5340188178084386 -0.46348127111606635 0.707113154700938
outer loop
vertex 134.8363800048828 -49.169498443603516 -0.5
vertex 134.41329956054688 -50.419795989990234 -1
vertex 134.7883758544922 -49.98763656616211 -1
endloop
endfacet
facet normal 0.5340258163043061 -0.4634814727811008 0.707107737130051
outer loop
vertex 134.06524658203125 -50.05800247192383 -0.5
vertex 134.41329956054688 -50.419795989990234 -1
vertex 134.8363800048828 -49.169498443603516 -0.5
endloop
endfacet
facet normal 0.6089437904195748 -0.3594326901946643 0.7071036708495206
outer loop
vertex 135.82908630371094 -48.4713134765625 -1
vertex 135.37557983398438 -48.25599670410156 -0.5
vertex 134.8363800048828 -49.169498443603516 -0.5
endloop
endfacet
facet normal 0.6089448064772368 -0.3594359471117302 0.7071011402821341
outer loop
vertex 134.8363800048828 -49.169498443603516 -0.5
vertex 135.2438201904297 -49.462852478027344 -1
vertex 135.82908630371094 -48.4713134765625 -1
endloop
endfacet
facet normal 0.6634317020663724 -0.24465606371799006 0.7071080449120453
outer loop
vertex 135.37557983398438 -48.25599670410156 -0.5
vertex 135.98898315429688 -48.037742614746094 -1
vertex 136.2675018310547 -47.28248596191406 -1
endloop
endfacet
facet normal 0.6634337009589593 -0.24465946226077434 0.7071049935887647
outer loop
vertex 136.2675018310547 -47.28248596191406 -1
vertex 135.7826385498047 -47.152191162109375 -0.5
vertex 135.37557983398438 -48.25599670410156 -0.5
endloop
endfacet
facet normal 0.6634321818275085 -0.24466754063490337 0.7071036237180939
outer loop
vertex 135.37557983398438 -48.25599670410156 -0.5
vertex 135.82908630371094 -48.4713134765625 -1
vertex 135.98898315429688 -48.037742614746094 -1
endloop
endfacet
facet normal 0.6967050482777194 -0.12084829653636958 0.7071052007506369
outer loop
vertex 135.7826385498047 -47.152191162109375 -0.5
vertex 136.2675018310547 -47.28248596191406 -1
vertex 136.4642791748047 -46.148040771484375 -1
endloop
endfacet
facet normal 0.6967027545796921 -0.1208453647213863 0.7071079617614445
outer loop
vertex 136.4642791748047 -46.148040771484375 -1
vertex 135.96434020996094 -46.104637145996094 -0.5
vertex 135.7826385498047 -47.152191162109375 -0.5
endloop
endfacet
facet normal 0.7071048740909747 -0.0010296494874714333 0.7071079386195009
outer loop
vertex 136.4642791748047 -46.148040771484375 -1
vertex 136.48985290527344 -28.585453033447266 -1
vertex 135.96434020996094 -46.104637145996094 -0.5
endloop
endfacet
facet normal 0.7071042321438276 -0.0010296119086308988 0.7071085806180021
outer loop
vertex 136.48985290527344 -28.585453033447266 -1
vertex 135.98983764648438 -28.593820571899414 -0.5
vertex 135.96434020996094 -46.104637145996094 -0.5
endloop
endfacet
facet normal 0.7066748100453343 0.02465137013725029 0.707108918624102
outer loop
vertex 135.98983764648438 -28.593820571899414 -0.5
vertex 136.48985290527344 -28.585453033447266 -1
vertex 135.9827117919922 -28.389545440673828 -0.5
endloop
endfacet
facet normal 0.7066716968670103 0.02469422818351013 0.7071105344580302
outer loop
vertex 136.47296142578125 -28.101634979248047 -1
vertex 135.97425842285156 -28.14763641357422 -0.5
vertex 135.9827117919922 -28.389545440673828 -0.5
endloop
endfacet
facet normal 0.7066784984657837 0.02467217843732942 0.7071045067154514
outer loop
vertex 135.9827117919922 -28.389545440673828 -0.5
vertex 136.48985290527344 -28.585453033447266 -1
vertex 136.47296142578125 -28.101634979248047 -1
endloop
endfacet
facet normal 0.6992681090712698 0.10500858712461618 0.7071048778406092
outer loop
vertex 135.9065704345703 -27.696842193603516 -0.5
vertex 136.47296142578125 -28.101634979248047 -1
vertex 136.31602478027344 -27.056570053100586 -1
endloop
endfacet
facet normal 0.6992643293541095 0.10499645655149077 0.7071104169820852
outer loop
vertex 135.97425842285156 -28.14763641357422 -0.5
vertex 136.47296142578125 -28.101634979248047 -1
vertex 135.9065704345703 -27.696842193603516 -0.5
endloop
endfacet
facet normal 0.699275458812799 0.104999289211205 0.7070989902179831
outer loop
vertex 136.31602478027344 -27.056570053100586 -1
vertex 135.82810974121094 -27.17430877685547 -0.5
vertex 135.9065704345703 -27.696842193603516 -0.5
endloop
endfacet
facet normal 0.6702076025680614 0.22545814702620307 0.7070999882615489
outer loop
vertex 136.04432678222656 -26.24892807006836 -1
vertex 135.88038635253906 -25.7615909576416 -1
vertex 135.406494140625 -25.921016693115234 -0.5
endloop
endfacet
facet normal 0.6702085118915189 0.22546414720943866 0.7070972131972212
outer loop
vertex 135.406494140625 -25.921016693115234 -0.5
vertex 136.31602478027344 -27.056570053100586 -1
vertex 136.04432678222656 -26.24892807006836 -1
endloop
endfacet
facet normal 0.6702069863307233 0.22546198505893247 0.7070993485831928
outer loop
vertex 135.82810974121094 -27.17430877685547 -0.5
vertex 136.31602478027344 -27.056570053100586 -1
vertex 135.406494140625 -25.921016693115234 -0.5
endloop
endfacet
facet normal 0.6831572176142093 0.1849594182881382 0.7064603524672318
outer loop
vertex 135.406494140625 -25.921016693115234 -0.5
vertex 135.88038635253906 -25.7615909576416 -1
vertex 135.75904846191406 -25.31342315673828 -1
endloop
endfacet
facet normal 0.6821939861326682 0.18604868883495607 0.7071048371120185
outer loop
vertex 135.75904846191406 -25.31342315673828 -1
vertex 135.27642822265625 -25.4440975189209 -0.5
vertex 135.406494140625 -25.921016693115234 -0.5
endloop
endfacet
facet normal 0.6993723264537305 0.1157716944433628 0.7053192637071592
outer loop
vertex 135.27642822265625 -25.4440975189209 -0.5
vertex 135.75904846191406 -25.31342315673828 -1
vertex 135.26380920410156 -25.36786651611328 -0.5
endloop
endfacet
facet normal 0.704122964873362 0.07740261647523364 0.7058467859958945
outer loop
vertex 135.74127197265625 -25.15171241760254 -1
vertex 135.26380920410156 -25.36786651611328 -0.5
vertex 135.75904846191406 -25.31342315673828 -1
endloop
endfacet
facet normal 0.7030070999456685 0.08139953279108071 0.7065091177666248
outer loop
vertex 135.74127197265625 -25.15171241760254 -1
vertex 135.2283172607422 -25.06134033203125 -0.5
vertex 135.26380920410156 -25.36786651611328 -0.5
endloop
endfacet
facet normal 0.7068731536251952 -0.017990357853109533 0.7071115129230242
outer loop
vertex 140.77882385253906 5.273343563079834 -1
vertex 140.27792358398438 5.244595050811768 -0.5
vertex 140.26084899902344 4.573704242706299 -0.5
endloop
endfacet
facet normal 0.7068800120414512 -0.018000520066519712 0.7071043981291678
outer loop
vertex 140.77882385253906 5.273343563079834 -1
vertex 140.26084899902344 4.573704242706299 -0.5
vertex 140.75877380371094 4.485978603363037 -1
endloop
endfacet
facet normal 0.7001784895101739 0.098751421294674 0.7071055364084862
outer loop
vertex 140.77882385253906 5.273343563079834 -1
vertex 140.61802673339844 6.413445472717285 -1
vertex 140.1292266845703 6.298961162567139 -0.5
endloop
endfacet
facet normal 0.700173299750244 0.09874520582991783 0.7071115432818661
outer loop
vertex 140.27792358398438 5.244595050811768 -0.5
vertex 140.77882385253906 5.273343563079834 -1
vertex 140.1292266845703 6.298961162567139 -0.5
endloop
endfacet
facet normal 0.671202428620396 0.22245162645064775 0.7071086010674342
outer loop
vertex 139.7591094970703 7.415699481964111 -0.5
vertex 140.61802673339844 6.413445472717285 -1
vertex 140.2194061279297 7.616201877593994 -1
endloop
endfacet
facet normal 0.6712047984716483 0.2224553666081571 0.7071051749038926
outer loop
vertex 140.1292266845703 6.298961162567139 -0.5
vertex 140.61802673339844 6.413445472717285 -1
vertex 139.7591094970703 7.415699481964111 -0.5
endloop
endfacet
facet normal 0.6200079402830091 0.33998078747135596 0.7071090567489412
outer loop
vertex 139.7591094970703 7.415699481964111 -0.5
vertex 140.2194061279297 7.616201877593994 -1
vertex 140.0525360107422 7.920515537261963 -1
endloop
endfacet
facet normal 0.6199985055762113 0.3399900526793737 0.7071128744142208
outer loop
vertex 140.0525360107422 7.920515537261963 -1
vertex 139.66580200195312 8.625755310058594 -1
vertex 139.7591094970703 7.415699481964111 -0.5
endloop
endfacet
facet normal 0.6199978898703633 0.33999019916783507 0.7071133438325944
outer loop
vertex 139.66580200195312 8.625755310058594 -1
vertex 139.2490692138672 8.345796585083008 -0.5
vertex 139.7591094970703 7.415699481964111 -0.5
endloop
endfacet
facet normal 0.5491549954754548 0.44545402187335664 0.7071064314098722
outer loop
vertex 138.86756896972656 9.609801292419434 -1
vertex 138.5079345703125 9.259466171264648 -0.5
vertex 139.2490692138672 8.345796585083008 -0.5
endloop
endfacet
facet normal 0.5491469994013187 0.4454540563425576 0.7071126195568069
outer loop
vertex 139.2490692138672 8.345796585083008 -0.5
vertex 139.66580200195312 8.625755310058594 -1
vertex 138.86756896972656 9.609801292419434 -1
endloop
endfacet
facet normal 0.45968398572901376 0.5372943573425402 0.7071106043838932
outer loop
vertex 137.99269104003906 10.35831356048584 -1
vertex 137.701904296875 9.949068069458008 -0.5
vertex 138.5079345703125 9.259466171264648 -0.5
endloop
endfacet
facet normal 0.45968918000008696 0.5372950254203994 0.7071067199859863
outer loop
vertex 138.5079345703125 9.259466171264648 -0.5
vertex 138.86756896972656 9.609801292419434 -1
vertex 137.99269104003906 10.35831356048584 -1
endloop
endfacet
facet normal 0.3561171295259235 0.6108818572421856 0.7071095718137003
outer loop
vertex 137.701904296875 9.949068069458008 -0.5
vertex 137.99269104003906 10.35831356048584 -1
vertex 136.8980255126953 10.996455192565918 -1
endloop
endfacet
facet normal 0.3561188440240595 0.6108824970634642 0.7071081555974829
outer loop
vertex 136.8980255126953 10.996455192565918 -1
vertex 136.68553161621094 10.541570663452148 -0.5
vertex 137.701904296875 9.949068069458008 -0.5
endloop
endfacet
facet normal 0.23995844503516137 0.6651491279033128 0.7071043645076517
outer loop
vertex 135.81495666503906 11.387176513671875 -1
vertex 135.6855926513672 10.902307510375977 -0.5
vertex 136.68553161621094 10.541570663452148 -0.5
endloop
endfacet
facet normal 0.23995436421100969 0.6651469543573472 0.7071077939078563
outer loop
vertex 136.68553161621094 10.541570663452148 -0.5
vertex 136.8980255126953 10.996455192565918 -1
vertex 135.81495666503906 11.387176513671875 -1
endloop
endfacet
facet normal 0.12330207190944897 0.6962727517406178 0.7071073852297012
outer loop
vertex 101.71235656738281 16.918582916259766 -0.5
vertex 135.81495666503906 11.387176513671875 -1
vertex 101.78193664550781 17.41404151916504 -1
endloop
endfacet
facet normal 0.12330232991673011 0.6962745023058069 0.7071056164929724
outer loop
vertex 135.81495666503906 11.387176513671875 -1
vertex 101.71235656738281 16.918582916259766 -0.5
vertex 135.6855926513672 10.902307510375977 -0.5
endloop
endfacet
facet normal 0.07324823326673277 0.703302372598825 0.7071071128338094
outer loop
vertex 100.82361602783203 17.51384925842285 -1
vertex 100.81306457519531 17.012243270874023 -0.5
vertex 101.71235656738281 16.918582916259766 -0.5
endloop
endfacet
facet normal 0.07324792446194121 0.7033021360449453 0.7071073801033582
outer loop
vertex 101.78193664550781 17.41404151916504 -1
vertex 100.82361602783203 17.51384925842285 -1
vertex 101.71235656738281 16.918582916259766 -0.5
endloop
endfacet
facet normal -0.04361742461228993 0.7057599875638694 0.7071070359033617
outer loop
vertex 99.5589370727539 17.43568992614746 -1
vertex 99.63520812988281 16.939449310302734 -0.5
vertex 100.81306457519531 17.012243270874023 -0.5
endloop
endfacet
facet normal -0.04361719920562362 0.7057603015394596 0.7071067364297897
outer loop
vertex 100.81306457519531 17.012243270874023 -0.5
vertex 100.82361602783203 17.51384925842285 -1
vertex 99.5589370727539 17.43568992614746 -1
endloop
endfacet
facet normal -0.17033996065139648 0.6862828599644929 0.7071068758852771
outer loop
vertex 99.5589370727539 17.43568992614746 -1
vertex 98.60568237304688 16.683914184570312 -0.5
vertex 99.63520812988281 16.939449310302734 -0.5
endloop
endfacet
facet normal -0.17033953249290587 0.6862825717199519 0.7071072587829567
outer loop
vertex 98.60568237304688 16.683914184570312 -0.5
vertex 99.5589370727539 17.43568992614746 -1
vertex 98.44145965576172 17.1583251953125 -1
endloop
endfacet
facet normal -0.2904009068967018 0.6447213067412493 0.7071080185568746
outer loop
vertex 97.53300476074219 16.200748443603516 -0.5
vertex 98.44145965576172 17.1583251953125 -1
vertex 97.2861557006836 16.637943267822266 -1
endloop
endfacet
facet normal -0.2904017436627644 0.6447217229805595 0.7071072953905968
outer loop
vertex 98.44145965576172 17.1583251953125 -1
vertex 97.53300476074219 16.200748443603516 -0.5
vertex 98.60568237304688 16.683914184570312 -0.5
endloop
endfacet
facet normal -0.4020465985458993 0.5816850316853754 0.7071075282521437
outer loop
vertex 97.53300476074219 16.200748443603516 -0.5
vertex 97.05767059326172 16.480018615722656 -1
vertex 96.33899688720703 15.983288764953613 -1
endloop
endfacet
facet normal -0.40204845335906836 0.5816829914344491 0.7071081520018361
outer loop
vertex 97.53300476074219 16.200748443603516 -0.5
vertex 97.2861557006836 16.637943267822266 -1
vertex 97.05767059326172 16.480018615722656 -1
endloop
endfacet
facet normal -0.4020461568213756 0.5816884001802789 0.7071050083833869
outer loop
vertex 96.33899688720703 15.983288764953613 -1
vertex 96.66038513183594 15.59761905670166 -0.5
vertex 97.53300476074219 16.200748443603516 -0.5
endloop
endfacet
facet normal -0.4996529698873203 0.5003489764703545 0.7071052336306453
outer loop
vertex 95.4424057006836 15.087945938110352 -1
vertex 95.82877349853516 14.76716423034668 -0.5
vertex 96.66038513183594 15.59761905670166 -0.5
endloop
endfacet
facet normal -0.4996530414972431 0.5003496983446336 0.7071046722296412
outer loop
vertex 96.66038513183594 15.59761905670166 -0.5
vertex 96.33899688720703 15.983288764953613 -1
vertex 95.4424057006836 15.087945938110352 -1
endloop
endfacet
facet normal -0.5842357222873481 0.4006783601194898 0.7057800454357839
outer loop
vertex 94.66992950439453 13.958166122436523 -1
vertex 95.08113098144531 13.677014350891113 -0.5
vertex 95.82877349853516 14.76716423034668 -0.5
endloop
endfacet
facet normal -0.5837096670452799 0.3991059293862178 0.7071050004961439
outer loop
vertex 95.82877349853516 14.76716423034668 -0.5
vertex 95.4424057006836 15.087945938110352 -1
vertex 94.66992950439453 13.958166122436523 -1
endloop
endfacet
facet normal -0.580320463887003 0.40636602961320284 0.7057583220695135
outer loop
vertex 94.66992950439453 13.958166122436523 -1
vertex 95.05624389648438 13.641473770141602 -0.5
vertex 95.08113098144531 13.677014350891113 -0.5
endloop
endfacet
facet normal -0.5480092465445616 0.4473862768341182 0.7067753426670793
outer loop
vertex 95.05624389648438 13.641473770141602 -0.5
vertex 94.66992950439453 13.958166122436523 -1
vertex 94.90943145751953 13.461641311645508 -0.5
endloop
endfacet
facet normal -0.5468334771325984 0.44830254134898945 0.7071053526223018
outer loop
vertex 94.37557220458984 13.59909439086914 -1
vertex 94.76224517822266 13.282105445861816 -0.5
vertex 94.90943145751953 13.461641311645508 -0.5
endloop
endfacet
facet normal -0.546841643933628 0.44828599852854845 0.7071095247436775
outer loop
vertex 94.37557220458984 13.59909439086914 -1
vertex 94.90943145751953 13.461641311645508 -0.5
vertex 94.66992950439453 13.958166122436523 -1
endloop
endfacet
facet normal -0.5112810849978964 0.4899947977420394 0.7060430229873472
outer loop
vertex 94.37557220458984 13.59909439086914 -1
vertex 94.70870208740234 13.226236343383789 -0.5
vertex 94.76224517822266 13.282105445861816 -0.5
endloop
endfacet
facet normal -0.47112336345523975 0.5272989038794417 0.7071058211994591
outer loop
vertex 94.02933502197266 13.289743423461914 -1
vertex 94.36246490478516 12.916885375976562 -0.5
vertex 94.70870208740234 13.226236343383789 -0.5
endloop
endfacet
facet normal -0.47112336345523975 0.5272989038794417 0.7071058211994591
outer loop
vertex 94.70870208740234 13.226236343383789 -0.5
vertex 94.37557220458984 13.59909439086914 -1
vertex 94.02933502197266 13.289743423461914 -1
endloop
endfacet
facet normal -0.4295451863365525 0.5630220460186045 0.7060432767133477
outer loop
vertex 94.02933502197266 13.289743423461914 -1
vertex 94.30094146728516 12.86994743347168 -0.5
vertex 94.36246490478516 12.916885375976562 -0.5
endloop
endfacet
facet normal -0.3841102837411969 0.5936832108787791 0.7071064524135814
outer loop
vertex 93.6395034790039 13.037525177001953 -1
vertex 93.9111099243164 12.617728233337402 -0.5
vertex 94.30094146728516 12.86994743347168 -0.5
endloop
endfacet
facet normal -0.3841095674918365 0.5936843486387984 0.7071058862310227
outer loop
vertex 94.30094146728516 12.86994743347168 -0.5
vertex 94.02933502197266 13.289743423461914 -1
vertex 93.6395034790039 13.037525177001953 -1
endloop
endfacet
facet normal -0.32307657974234977 0.6310148240399861 0.7052955518531011
outer loop
vertex 93.6395034790039 13.037525177001953 -1
vertex 93.84233856201172 12.582517623901367 -0.5
vertex 93.9111099243164 12.617728233337402 -0.5
endloop
endfacet
facet normal -0.2884318757088136 0.6470224802424486 0.7058108550709642
outer loop
vertex 93.84233856201172 12.582517623901367 -0.5
vertex 93.34845733642578 12.907783508300781 -1
vertex 93.21542358398438 12.848479270935059 -1
endloop
endfacet
facet normal -0.2884289037192394 0.6470251282868216 0.7058096420882474
outer loop
vertex 93.34845733642578 12.907783508300781 -1
vertex 93.84233856201172 12.582517623901367 -0.5
vertex 93.6395034790039 13.037525177001953 -1
endloop
endfacet
facet normal -0.2904485163760507 0.6447026963689901 0.7071054324706497
outer loop
vertex 93.21542358398438 12.848479270935059 -1
vertex 93.41900634765625 12.391799926757812 -0.5
vertex 93.84233856201172 12.582517623901367 -0.5
endloop
endfacet
facet normal -0.22122469795180538 0.6735451958842783 0.7052634274633426
outer loop
vertex 93.21542358398438 12.848479270935059 -1
vertex 93.3456039428711 12.367691040039062 -0.5
vertex 93.41900634765625 12.391799926757812 -0.5
endloop
endfacet
facet normal -0.18759126275412455 0.681772960732502 0.7071033504038511
outer loop
vertex 92.76725769042969 12.727134704589844 -1
vertex 92.8979263305664 12.244511604309082 -0.5
vertex 93.3456039428711 12.367691040039062 -0.5
endloop
endfacet
facet normal -0.1851521800747502 0.6838286602033009 0.7057598980518274
outer loop
vertex 92.76725769042969 12.727134704589844 -1
vertex 93.3456039428711 12.367691040039062 -0.5
vertex 93.21542358398438 12.848479270935059 -1
endloop
endfacet
facet normal -0.11573763411000641 0.69937836388785 0.7053188670212731
outer loop
vertex 92.76725769042969 12.727134704589844 -1
vertex 92.82170104980469 12.231897354125977 -0.5
vertex 92.8979263305664 12.244511604309082 -0.5
endloop
endfacet
facet normal -0.07740628315540804 0.7041237005590788 0.7058456500107182
outer loop
vertex 92.82170104980469 12.231897354125977 -0.5
vertex 92.67012023925781 12.716456413269043 -1
vertex 92.30573272705078 12.676398277282715 -1
endloop
endfacet
facet normal -0.07996148561020812 0.7025735413946621 0.7071043627012717
outer loop
vertex 92.30573272705078 12.676398277282715 -1
vertex 92.36036682128906 12.179391860961914 -0.5
vertex 92.82170104980469 12.231897354125977 -0.5
endloop
endfacet
facet normal -0.07740415946619374 0.7041241463417549 0.7058454382057215
outer loop
vertex 92.67012023925781 12.716456413269043 -1
vertex 92.82170104980469 12.231897354125977 -0.5
vertex 92.76725769042969 12.727134704589844 -1
endloop
endfacet
facet normal -0.009288024503207225 0.7086885136948097 0.7054603625703356
outer loop
vertex 92.36036682128906 12.179391860961914 -0.5
vertex 92.30573272705078 12.676398277282715 -1
vertex 92.28308868408203 12.17837905883789 -0.5
endloop
endfacet
facet normal 0.03216058819991011 0.7074136708836454 0.7060676984635124
outer loop
vertex 92.30573272705078 12.676398277282715 -1
vertex 91.84190368652344 12.697484970092773 -1
vertex 92.28308868408203 12.17837905883789 -0.5
endloop
endfacet
facet normal 0.02988290619004886 0.7064769263955445 0.707104917525215
outer loop
vertex 91.84190368652344 12.697484970092773 -1
vertex 91.81919860839844 12.19800090789795 -0.5
vertex 92.28308868408203 12.17837905883789 -0.5
endloop
endfacet
facet normal 0.07774967892042217 0.703562594053992 0.7063672300409957
outer loop
vertex 91.81919860839844 12.19800090789795 -0.5
vertex 91.84190368652344 12.697484970092773 -1
vertex 91.75536346435547 12.205055236816406 -0.5
endloop
endfacet
facet normal 0.12239059455716755 0.6964512123865825 0.7070899879995489
outer loop
vertex 91.84190368652344 12.697484970092773 -1
vertex 84.90498352050781 13.916542053222656 -1
vertex 91.75536346435547 12.205055236816406 -0.5
endloop
endfacet
facet normal 0.12249459132969454 0.6967703365177706 0.7067575066767127
outer loop
vertex 91.75536346435547 12.205055236816406 -0.5
vertex 84.90498352050781 13.916542053222656 -1
vertex 84.79661560058594 13.428426742553711 -0.5
endloop
endfacet
facet normal 0.15325411753414464 0.690299219818472 0.7071068961457236
outer loop
vertex 84.38591003417969 14.031782150268555 -1
vertex 84.27754211425781 13.54366683959961 -0.5
vertex 84.79661560058594 13.428426742553711 -0.5
endloop
endfacet
facet normal 0.15325388498477444 0.6902991554020167 0.707107009432332
outer loop
vertex 84.79661560058594 13.428426742553711 -0.5
vertex 84.61849212646484 13.980146408081055 -1
vertex 84.38591003417969 14.031782150268555 -1
endloop
endfacet
facet normal 0.15325428639158115 0.6902991823300764 0.7071068961458622
outer loop
vertex 84.79661560058594 13.428426742553711 -0.5
vertex 84.90498352050781 13.916542053222656 -1
vertex 84.61849212646484 13.980146408081055 -1
endloop
endfacet
facet normal 0.20770059551439335 0.6770740563991504 0.7059965897751677
outer loop
vertex 84.38591003417969 14.031782150268555 -1
vertex 84.20191955566406 13.566864967346191 -0.5
vertex 84.27754211425781 13.54366683959961 -0.5
endloop
endfacet
facet normal 0.2602052633058806 0.6574897244793304 0.7071071228265285
outer loop
vertex 84.20191955566406 13.566864967346191 -0.5
vertex 84.38591003417969 14.031782150268555 -1
vertex 84.24475860595703 14.08764362335205 -1
endloop
endfacet
facet normal 0.260199344034132 0.6574910866325945 0.7071080344352605
outer loop
vertex 84.20191955566406 13.566864967346191 -0.5
vertex 84.24475860595703 14.08764362335205 -1
vertex 83.95418548583984 14.20263671875 -1
endloop
endfacet
facet normal 0.2602029915667755 0.6574912978723061 0.7071064957995302
outer loop
vertex 83.95418548583984 14.20263671875 -1
vertex 83.77019500732422 13.737720489501953 -0.5
vertex 84.20191955566406 13.566864967346191 -0.5
endloop
endfacet
facet normal 0.31358901474585515 0.6350886976626624 0.7059208708714223
outer loop
vertex 83.77019500732422 13.737720489501953 -0.5
vertex 83.95418548583984 14.20263671875 -1
vertex 83.7008285522461 13.771971702575684 -0.5
endloop
endfacet
facet normal 0.3586546940470873 0.6096761001247092 0.7068676420481532
outer loop
vertex 83.7008285522461 13.771971702575684 -0.5
vertex 83.95418548583984 14.20263671875 -1
vertex 83.64044952392578 14.387198448181152 -1
endloop
endfacet
facet normal 0.3586608153649415 0.6096749693311657 0.7068655114608418
outer loop
vertex 83.7008285522461 13.771971702575684 -0.5
vertex 83.64044952392578 14.387198448181152 -1
vertex 83.55398559570312 14.438063621520996 -1
endloop
endfacet
facet normal 0.3580917669769776 0.6097302570012768 0.7071062862968077
outer loop
vertex 83.55398559570312 14.438063621520996 -1
vertex 83.30046081542969 14.007105827331543 -0.5
vertex 83.7008285522461 13.771971702575684 -0.5
endloop
endfacet
facet normal 0.40883163577212744 0.578448161766669 0.7058713889517325
outer loop
vertex 83.30046081542969 14.007105827331543 -0.5
vertex 83.55398559570312 14.438063621520996 -1
vertex 83.23729705810547 14.051748275756836 -0.5
endloop
endfacet
facet normal 0.44773979862709384 0.5472935291662941 0.7071059790852234
outer loop
vertex 83.23729705810547 14.051748275756836 -0.5
vertex 83.19491577148438 14.732422828674316 -1
vertex 82.8779296875 14.345746040344238 -0.5
endloop
endfacet
facet normal 0.44850121668058124 0.5470977265933136 0.7067748836740494
outer loop
vertex 83.19491577148438 14.732422828674316 -1
vertex 83.23729705810547 14.051748275756836 -0.5
vertex 83.55398559570312 14.438063621520996 -1
endloop
endfacet
facet normal 0.49759462000966287 0.5044916942184646 0.7056115961363039
outer loop
vertex 83.19491577148438 14.732422828674316 -1
vertex 82.82289123535156 14.400032043457031 -0.5
vertex 82.8779296875 14.345746040344238 -0.5
endloop
endfacet
facet normal 0.5278803252728366 0.4716555530080745 0.7063167855194239
outer loop
vertex 82.82289123535156 14.400032043457031 -0.5
vertex 83.19491577148438 14.732422828674316 -1
vertex 83.08938598632812 14.850532531738281 -1
endloop
endfacet
facet normal 0.5278964966106791 0.47164235447213687 0.7063135127789575
outer loop
vertex 82.82289123535156 14.400032043457031 -0.5
vertex 83.08938598632812 14.850532531738281 -1
vertex 82.88556671142578 15.078661918640137 -1
endloop
endfacet
facet normal 0.5261697819095499 0.4723850867464869 0.7071051480683554
outer loop
vertex 82.88556671142578 15.078661918640137 -1
vertex 82.51271057128906 14.745529174804688 -0.5
vertex 82.82289123535156 14.400032043457031 -0.5
endloop
endfacet
facet normal 0.5720940927093621 0.4184475643704841 0.705414760945262
outer loop
vertex 82.51271057128906 14.745529174804688 -0.5
vertex 82.88556671142578 15.078661918640137 -1
vertex 82.46708679199219 14.807905197143555 -0.5
endloop
endfacet
facet normal 0.5946120666447984 0.38471646840153023 0.7059955588677992
outer loop
vertex 82.46708679199219 14.807905197143555 -0.5
vertex 82.88556671142578 15.078661918640137 -1
vertex 82.63334655761719 15.468489646911621 -1
endloop
endfacet
facet normal 0.5923768862359355 0.3861204537405077 0.7071072194912467
outer loop
vertex 82.63334655761719 15.468489646911621 -1
vertex 82.21354675292969 15.196880340576172 -0.5
vertex 82.46708679199219 14.807905197143555 -0.5
endloop
endfacet
facet normal 0.6310222828397668 0.32305820817366965 0.7052972938352361
outer loop
vertex 82.21354675292969 15.196880340576172 -0.5
vertex 82.63334655761719 15.468489646911621 -1
vertex 82.17833709716797 15.265654563903809 -0.5
endloop
endfacet
facet normal 0.64470181035448 0.29045102195543626 0.7071052111041884
outer loop
vertex 82.44429779052734 15.892566680908203 -1
vertex 81.98761749267578 15.688986778259277 -0.5
vertex 82.17833709716797 15.265654563903809 -0.5
endloop
endfacet
facet normal 0.647019026724833 0.28843955998299786 0.7058108806846664
outer loop
vertex 82.17833709716797 15.265654563903809 -0.5
vertex 82.63334655761719 15.468489646911621 -1
vertex 82.57511901855469 15.599103927612305 -1
endloop
endfacet
facet normal 0.647023117016985 0.28843305591457746 0.705809789037672
outer loop
vertex 82.17833709716797 15.265654563903809 -0.5
vertex 82.57511901855469 15.599103927612305 -1
vertex 82.44429779052734 15.892566680908203 -1
endloop
endfacet
facet normal 0.6735451869406482 0.2212246950142863 0.7052634369261765
outer loop
vertex 81.98761749267578 15.688986778259277 -0.5
vertex 82.44429779052734 15.892566680908203 -1
vertex 81.96350860595703 15.762389183044434 -0.5
endloop
endfacet
facet normal 0.6838292114769575 0.18514967559352533 0.7057600209408399
outer loop
vertex 82.44429779052734 15.892566680908203 -1
vertex 82.37422180175781 16.151384353637695 -1
vertex 81.96350860595703 15.762389183044434 -0.5
endloop
endfacet
facet normal 0.6817744053853442 0.1875893012416861 0.7071024778779356
outer loop
vertex 82.32295227050781 16.340736389160156 -1
vertex 81.84033203125 16.21006202697754 -0.5
vertex 81.96350860595703 15.762389183044434 -0.5
endloop
endfacet
facet normal 0.6838262014519687 0.18515485565377907 0.7057615784637189
outer loop
vertex 81.96350860595703 15.762389183044434 -0.5
vertex 82.37422180175781 16.151384353637695 -1
vertex 82.32295227050781 16.340736389160156 -1
endloop
endfacet
facet normal 0.6993717184636724 0.11577449055085964 0.7053194076096722
outer loop
vertex 81.84033203125 16.21006202697754 -0.5
vertex 82.32295227050781 16.340736389160156 -1
vertex 81.82771301269531 16.286291122436523 -0.5
endloop
endfacet
facet normal 0.7041228178408986 0.077403953972418 0.7058467859990781
outer loop
vertex 82.272216796875 16.802261352539062 -1
vertex 81.7769775390625 16.747817993164062 -0.5
vertex 81.82771301269531 16.286291122436523 -0.5
endloop
endfacet
facet normal 0.7041226363430566 0.07740425390840802 0.7058469341622066
outer loop
vertex 81.82771301269531 16.286291122436523 -0.5
vertex 82.32295227050781 16.340736389160156 -1
vertex 82.272216796875 16.802261352539062 -1
endloop
endfacet
facet normal 0.708852592567629 0.025608076041686998 0.7048916430569979
outer loop
vertex 81.7769775390625 16.747817993164062 -0.5
vertex 82.272216796875 16.802261352539062 -1
vertex 81.7741928100586 16.824901580810547 -0.5
endloop
endfacet
facet normal 0.7074064278761119 -0.03213955940844927 0.7060759127180237
outer loop
vertex 81.7741928100586 16.824901580810547 -0.5
vertex 82.28946685791016 17.18178939819336 -1
vertex 82.29329681396484 17.266088485717773 -1
endloop
endfacet
facet normal 0.707410772298727 -0.032152772736577614 0.7060709585028044
outer loop
vertex 81.7741928100586 16.824901580810547 -0.5
vertex 82.272216796875 16.802261352539062 -1
vertex 82.28946685791016 17.18178939819336 -1
endloop
endfacet
facet normal 0.7064788360433013 -0.029884193612265266 0.7071029551593224
outer loop
vertex 82.29329681396484 17.266088485717773 -1
vertex 81.79381561279297 17.288795471191406 -0.5
vertex 81.7741928100586 16.824901580810547 -0.5
endloop
endfacet
facet normal 0.7035653846494833 -0.07773785713515158 0.7063657516407909
outer loop
vertex 82.29329681396484 17.266088485717773 -1
vertex 81.8008804321289 17.35273551940918 -0.5
vertex 81.79381561279297 17.288795471191406 -0.5
endloop
endfacet
facet normal 0.6964114851937435 -0.12254208158717185 0.7071028790285946
outer loop
vertex 82.29329681396484 17.266088485717773 -1
vertex 84.25728607177734 28.42751693725586 -1
vertex 83.76335906982422 28.505653381347656 -0.5
endloop
endfacet
facet normal 0.696420594659083 -0.12254286786542963 0.7070937709172702
outer loop
vertex 81.8008804321289 17.35273551940918 -0.5
vertex 82.29329681396484 17.266088485717773 -1
vertex 83.76335906982422 28.505653381347656 -0.5
endloop
endfacet
facet normal 0.7002318758832755 -0.0983981947833586 0.7071019129237067
outer loop
vertex 83.76335906982422 28.505653381347656 -0.5
vertex 84.2940673828125 28.689273834228516 -1
vertex 84.32456970214844 28.90633773803711 -1
endloop
endfacet
facet normal 0.7002314618208021 -0.09839447018094631 0.7071028412572767
outer loop
vertex 83.76335906982422 28.505653381347656 -0.5
vertex 84.25728607177734 28.42751693725586 -1
vertex 84.2940673828125 28.689273834228516 -1
endloop
endfacet
facet normal 0.7002286727081827 -0.0983879755896018 0.7071065069540208
outer loop
vertex 84.32456970214844 28.90633773803711 -1
vertex 83.8254623413086 28.947643280029297 -0.5
vertex 83.76335906982422 28.505653381347656 -0.5
endloop
endfacet
facet normal 0.706876774903478 -0.018054066157234434 0.7071062690976851
outer loop
vertex 83.8254623413086 28.947643280029297 -0.5
vertex 84.32456970214844 28.90633773803711 -1
vertex 84.32938385009766 29.09482765197754 -1
endloop
endfacet
facet normal 0.7068773682469546 -0.018058496964887573 0.7071055628034818
outer loop
vertex 83.8254623413086 28.947643280029297 -0.5
vertex 84.32938385009766 29.09482765197754 -1
vertex 84.35155487060547 29.962684631347656 -1
endloop
endfacet
facet normal 0.7068733342807637 -0.018054367792724263 0.7071097008855137
outer loop
vertex 84.35155487060547 29.962684631347656 -1
vertex 83.85065460205078 29.933982849121094 -0.5
vertex 83.8254623413086 28.947643280029297 -0.5
endloop
endfacet
facet normal 0.7001866444612057 0.09867903275946525 0.7071075670729408
outer loop
vertex 83.85065460205078 29.933982849121094 -0.5
vertex 84.26806640625 30.555063247680664 -1
vertex 84.19087219238281 31.102802276611328 -1
endloop
endfacet
facet normal 0.700184151391312 0.09868232571858349 0.7071095761840592
outer loop
vertex 83.85065460205078 29.933982849121094 -0.5
vertex 84.35155487060547 29.962684631347656 -1
vertex 84.26806640625 30.555063247680664 -1
endloop
endfacet
facet normal 0.7001922524435052 0.09867525064961682 0.7071025417344544
outer loop
vertex 84.19087219238281 31.102802276611328 -1
vertex 83.70206451416016 30.988367080688477 -0.5
vertex 83.85065460205078 29.933982849121094 -0.5
endloop
endfacet
facet normal 0.6712312155903782 0.22238306057143378 0.7071028422994388
outer loop
vertex 83.70206451416016 30.988367080688477 -0.5
vertex 84.19087219238281 31.102802276611328 -1
vertex 83.88163757324219 32.03618240356445 -1
endloop
endfacet
facet normal 0.6712267103525803 0.22238681611084396 0.7071059378405297
outer loop
vertex 83.79237365722656 32.305599212646484 -1
vertex 83.33206176757812 32.105140686035156 -0.5
vertex 83.70206451416016 30.988367080688477 -0.5
endloop
endfacet
facet normal 0.6712185107763039 0.22238995769497794 0.7071127332382486
outer loop
vertex 83.70206451416016 30.988367080688477 -0.5
vertex 83.88163757324219 32.03618240356445 -1
vertex 83.79237365722656 32.305599212646484 -1
endloop
endfacet
facet normal 0.6200385156847015 0.3399339105192668 0.7071047839935686
outer loop
vertex 82.82211303710938 33.0352897644043 -0.5
vertex 83.79237365722656 32.305599212646484 -1
vertex 83.23886108398438 33.31520462036133 -1
endloop
endfacet
facet normal 0.6200378884870024 0.3399321048953278 0.7071062019965682
outer loop
vertex 83.33206176757812 32.105140686035156 -0.5
vertex 83.79237365722656 32.305599212646484 -1
vertex 82.82211303710938 33.0352897644043 -0.5
endloop
endfacet
facet normal 0.5491983106034932 0.4454033791495742 0.7071046920169669
outer loop
vertex 82.82211303710938 33.0352897644043 -0.5
vertex 83.23886108398438 33.31520462036133 -1
vertex 82.08106231689453 33.949031829833984 -0.5
endloop
endfacet
facet normal 0.5491983737446448 0.4454036853013456 0.7071044501318157
outer loop
vertex 83.23886108398438 33.31520462036133 -1
vertex 82.44072723388672 34.29933166503906 -1
vertex 82.08106231689453 33.949031829833984 -0.5
endloop
endfacet
facet normal 0.4597439687862743 0.5372511933299902 0.7071044041937137
outer loop
vertex 81.56592559814453 35.04792785644531 -1
vertex 81.27510833740234 34.63871383666992 -0.5
vertex 82.08106231689453 33.949031829833984 -0.5
endloop
endfacet
facet normal 0.4597448349587577 0.5372495884464972 0.707105060399665
outer loop
vertex 82.08106231689453 33.949031829833984 -0.5
vertex 82.44072723388672 34.29933166503906 -1
vertex 81.99349975585938 34.68204116821289 -1
endloop
endfacet
facet normal 0.4597398160187853 0.5372506596286458 0.7071075097151764
outer loop
vertex 82.08106231689453 33.949031829833984 -0.5
vertex 81.99349975585938 34.68204116821289 -1
vertex 81.56592559814453 35.04792785644531 -1
endloop
endfacet
facet normal 0.356175927723563 0.6108506464097958 0.707106919985227
outer loop
vertex 80.47132110595703 35.68617630004883 -1
vertex 80.25878143310547 35.23131561279297 -0.5
vertex 81.27510833740234 34.63871383666992 -0.5
endloop
endfacet
facet normal 0.35617908462632714 0.6108518241799311 0.707104312368976
outer loop
vertex 81.27510833740234 34.63871383666992 -0.5
vertex 81.56592559814453 35.04792785644531 -1
vertex 80.47132110595703 35.68617630004883 -1
endloop
endfacet
facet normal 0.24002272844129494 0.6651232845252851 0.7071068562911076
outer loop
vertex 79.38829803466797 36.07700729370117 -1
vertex 79.25870513916016 35.59221267700195 -0.5
vertex 80.25878143310547 35.23131561279297 -0.5
endloop
endfacet
facet normal 0.2400234618395096 0.665123675053502 0.7071062400020953
outer loop
vertex 80.25878143310547 35.23131561279297 -0.5
vertex 80.47132110595703 35.68617630004883 -1
vertex 79.38829803466797 36.07700729370117 -1
endloop
endfacet
facet normal 0.12386507346492226 0.6961736608365374 0.7071065531678965
outer loop
vertex 79.25870513916016 35.59221267700195 -0.5
vertex 79.38829803466797 36.07700729370117 -1
vertex 63.06806182861328 38.98074722290039 -1
endloop
endfacet
facet normal 0.12417380518241514 0.6974543999583701 0.7057890804519644
outer loop
vertex 63.06806182861328 38.98074722290039 -1
vertex 62.9602165222168 38.49397277832031 -0.5
vertex 79.25870513916016 35.59221267700195 -0.5
endloop
endfacet
facet normal 0.1531701049535398 0.69134867715073 0.706099090461429
outer loop
vertex 62.56040573120117 39.09321975708008 -1
vertex 62.9602165222168 38.49397277832031 -0.5
vertex 63.06806182861328 38.98074722290039 -1
endloop
endfacet
facet normal 0.1531701049535398 0.69134867715073 0.706099090461429
outer loop
vertex 62.9602165222168 38.49397277832031 -0.5
vertex 62.56040573120117 39.09321975708008 -1
vertex 62.45256042480469 38.6064453125 -0.5
endloop
endfacet
facet normal 0.18336610247629892 0.684310036906242 0.7057596232797886
outer loop
vertex 62.56040573120117 39.09321975708008 -1
vertex 62.389522552490234 38.62333679199219 -0.5
vertex 62.45256042480469 38.6064453125 -0.5
endloop
endfacet
facet normal 0.2416727180773404 0.6645323437209416 0.7071004606743391
outer loop
vertex 62.56040573120117 39.09321975708008 -1
vertex 48.17643356323242 44.32428741455078 -1
vertex 62.389522552490234 38.62333679199219 -0.5
endloop
endfacet
facet normal 0.2422133706754631 0.6657624295036688 0.7057570903132344
outer loop
vertex 48.17643356323242 44.32428741455078 -1
vertex 47.98566436767578 43.86365509033203 -0.5
vertex 62.389522552490234 38.62333679199219 -0.5
endloop
endfacet
facet normal 0.27094835903774 0.6542282259084031 0.706096604693366
outer loop
vertex 47.69639205932617 44.52309799194336 -1
vertex 47.505619049072266 44.06246566772461 -0.5
vertex 47.98566436767578 43.86365509033203 -0.5
endloop
endfacet
facet normal 0.2709505924057838 0.6542284196777219 0.7060955681499108
outer loop
vertex 47.69639205932617 44.52309799194336 -1
vertex 47.98566436767578 43.86365509033203 -0.5
vertex 48.17643356323242 44.32428741455078 -1
endloop
endfacet
facet normal 0.299392206850896 0.642081515301458 0.7057589065574261
outer loop
vertex 47.505619049072266 44.06246566772461 -0.5
vertex 47.69639205932617 44.52309799194336 -1
vertex 47.446502685546875 44.090030670166016 -0.5
endloop
endfacet
facet normal 0.35340318747983857 0.6124591357823093 0.7071067769975599
outer loop
vertex 33.584468841552734 52.666015625 -1
vertex 33.34208679199219 52.228607177734375 -0.5
vertex 47.446502685546875 44.090030670166016 -0.5
endloop
endfacet
facet normal 0.35340631146640966 0.6124638559334679 0.7071011272730482
outer loop
vertex 47.446502685546875 44.090030670166016 -0.5
vertex 47.69639205932617 44.52309799194336 -1
vertex 33.584468841552734 52.666015625 -1
endloop
endfacet
facet normal 0.33194942343480865 0.6243460144243685 0.7071079369896115
outer loop
vertex 33.34208679199219 52.228607177734375 -0.5
vertex 33.15675735473633 52.8934211730957 -1
vertex 32.9472541809082 52.43852996826172 -0.5
endloop
endfacet
facet normal 0.33195208673637683 0.6243458955103088 0.7071067917017876
outer loop
vertex 33.15675735473633 52.8934211730957 -1
vertex 33.34208679199219 52.228607177734375 -0.5
vertex 33.584468841552734 52.666015625 -1
endloop
endfacet
facet normal 0.2586797924981906 0.6580906728758082 0.7071077932161113
outer loop
vertex 32.57032012939453 53.12393569946289 -1
vertex 32.9472541809082 52.43852996826172 -0.5
vertex 33.15675735473633 52.8934211730957 -1
endloop
endfacet
facet normal 0.25867311880360766 0.6580895476475938 0.7071112818258524
outer loop
vertex 32.9472541809082 52.43852996826172 -0.5
vertex 32.57032012939453 53.12393569946289 -1
vertex 32.17318344116211 53.28003692626953 -1
endloop
endfacet
facet normal 0.25868096331436896 0.6580930961518765 0.7071051095954456
outer loop
vertex 32.17318344116211 53.28003692626953 -1
vertex 32.02887725830078 52.799522399902344 -0.5
vertex 32.9472541809082 52.43852996826172 -0.5
endloop
endfacet
facet normal 0.14669049462936085 0.6917247449746834 0.7071059156697126
outer loop
vertex 31.04684829711914 53.51889419555664 -1
vertex 30.98724365234375 53.020416259765625 -0.5
vertex 32.02887725830078 52.799522399902344 -0.5
endloop
endfacet
facet normal 0.1466913598022419 0.6917253737591559 0.7071051210796915
outer loop
vertex 32.02887725830078 52.799522399902344 -0.5
vertex 32.17318344116211 53.28003692626953 -1
vertex 31.04684829711914 53.51889419555664 -1
endloop
endfacet
facet normal 0.020536534584700773 0.7068091917864618 0.7071060862087244
outer loop
vertex 29.780292510986328 53.555694580078125 -1
vertex 29.811269760131836 53.05458450317383 -0.5
vertex 30.98724365234375 53.020416259765625 -0.5
endloop
endfacet
facet normal 0.020536684349105782 0.706809364319488 0.7071059093984622
outer loop
vertex 30.98724365234375 53.020416259765625 -0.5
vertex 31.04684829711914 53.51889419555664 -1
vertex 29.780292510986328 53.555694580078125 -1
endloop
endfacet
facet normal -0.10742786647888031 0.6988956738474082 0.7071096736583179
outer loop
vertex 28.7628173828125 52.8934211730957 -0.5
vertex 29.780292510986328 53.555694580078125 -1
vertex 29.244510650634766 53.47333908081055 -1
endloop
endfacet
facet normal -0.10742918092883101 0.6988961703625036 0.7071089832109241
outer loop
vertex 28.7628173828125 52.8934211730957 -0.5
vertex 29.244510650634766 53.47333908081055 -1
vertex 28.642274856567383 53.380767822265625 -1
endloop
endfacet
facet normal -0.10743152109050114 0.6988986491639683 0.7071061776515334
outer loop
vertex 29.811269760131836 53.05458450317383 -0.5
vertex 29.780292510986328 53.555694580078125 -1
vertex 28.7628173828125 52.8934211730957 -0.5
endloop
endfacet
facet normal -0.23076403998516065 0.6683898554609535 0.7071088734888092
outer loop
vertex 28.7628173828125 52.8934211730957 -0.5
vertex 28.642274856567383 53.380767822265625 -1
vertex 27.650760650634766 52.50947952270508 -0.5
endloop
endfacet
facet normal -0.23076493022650751 0.6683904041746614 0.7071080642905919
outer loop
vertex 27.650760650634766 52.50947952270508 -0.5
vertex 28.642274856567383 53.380767822265625 -1
vertex 27.44455909729004 52.96725082397461 -1
endloop
endfacet
facet normal -0.347664336812234 0.6157341606633301 0.7071074545648164
outer loop
vertex 26.44195556640625 52.401145935058594 -1
vertex 26.727066040039062 51.98793029785156 -0.5
vertex 27.650760650634766 52.50947952270508 -0.5
endloop
endfacet
facet normal -0.34766451490639466 0.6157333685557748 0.7071080567507766
outer loop
vertex 27.650760650634766 52.50947952270508 -0.5
vertex 27.44455909729004 52.96725082397461 -1
vertex 26.44195556640625 52.401145935058594 -1
endloop
endfacet
facet normal -0.4522378709010581 0.5435806006471747 0.7071075156741969
outer loop
vertex 25.98630714416504 52.022064208984375 -1
vertex 26.727066040039062 51.98793029785156 -0.5
vertex 26.44195556640625 52.401145935058594 -1
endloop
endfacet
facet normal -0.45223885518150836 0.5435812724493396 0.7071063697255707
outer loop
vertex 25.4678955078125 51.590763092041016 -1
vertex 25.82266616821289 51.235504150390625 -0.5
vertex 26.727066040039062 51.98793029785156 -0.5
endloop
endfacet
facet normal -0.4522388300341716 0.5435781700768498 0.7071087707172262
outer loop
vertex 26.727066040039062 51.98793029785156 -0.5
vertex 25.98630714416504 52.022064208984375 -1
vertex 25.4678955078125 51.590763092041016 -1
endloop
endfacet
facet normal -0.5429605547725735 0.45298409370297726 0.7071062486028189
outer loop
vertex 25.82266616821289 51.235504150390625 -0.5
vertex 25.4678955078125 51.590763092041016 -1
vertex 24.73029899597168 50.70665740966797 -1
endloop
endfacet
facet normal -0.5429604461195129 0.45298332452068485 0.7071068247838423
outer loop
vertex 24.73029899597168 50.70665740966797 -1
vertex 25.141557693481445 50.419105529785156 -0.5
vertex 25.82266616821289 51.235504150390625 -0.5
endloop
endfacet
facet normal -0.6118845717907182 0.3544874169891319 0.7070614838900948
outer loop
vertex 15.686793327331543 35.096435546875 -1
vertex 16.1193790435791 34.8458251953125 -0.5
vertex 25.141557693481445 50.419105529785156 -0.5
endloop
endfacet
facet normal -0.6118464488071235 0.3544624078222137 0.7071070106589176
outer loop
vertex 24.73029899597168 50.70665740966797 -1
vertex 15.686793327331543 35.096435546875 -1
vertex 25.141557693481445 50.419105529785156 -0.5
endloop
endfacet
facet normal -0.5862759774512979 0.39695570987398715 0.7061916472615377
outer loop
vertex 15.686793327331543 35.096435546875 -1
vertex 16.07961082458496 34.78709030151367 -0.5
vertex 16.1193790435791 34.8458251953125 -0.5
endloop
endfacet
facet normal -0.5555284460690223 0.4374792322302106 0.7071068285453074
outer loop
vertex 16.07961082458496 34.78709030151367 -0.5
vertex 15.686793327331543 35.096435546875 -1
vertex 15.399531364440918 34.731658935546875 -1
endloop
endfacet
facet normal -0.5555284460690223 0.4374792322302106 0.7071068285453074
outer loop
vertex 16.07961082458496 34.78709030151367 -0.5
vertex 15.399531364440918 34.731658935546875 -1
vertex 15.792348861694336 34.42231369018555 -0.5
endloop
endfacet
facet normal -0.5114217075915316 0.49075246125099 0.7054146715090759
outer loop
vertex 15.399531364440918 34.731658935546875 -1
vertex 15.738842964172363 34.366554260253906 -0.5
vertex 15.792348861694336 34.42231369018555 -0.5
endloop
endfacet
facet normal -0.4831154799907574 0.516335878185266 0.7071044434112616
outer loop
vertex 15.059423446655273 34.41558074951172 -1
vertex 15.399803161621094 34.0493278503418 -0.5
vertex 15.738842964172363 34.366554260253906 -0.5
endloop
endfacet
facet normal -0.48212289051425244 0.5187761119059334 0.7059949462694082
outer loop
vertex 15.738842964172363 34.366554260253906 -0.5
vertex 15.399531364440918 34.731658935546875 -1
vertex 15.059423446655273 34.41558074951172 -1
endloop
endfacet
facet normal -0.4405131422319974 0.5544813870296766 0.7060443066540074
outer loop
vertex 15.059423446655273 34.41558074951172 -1
vertex 15.339211463928223 34.001190185546875 -0.5
vertex 15.399803161621094 34.0493278503418 -0.5
endloop
endfacet
facet normal -0.39567743483580764 0.5860388181009679 0.7071052759247209
outer loop
vertex 15.339211463928223 34.001190185546875 -0.5
vertex 14.928298950195312 34.32704544067383 -1
vertex 14.674615859985352 34.155765533447266 -1
endloop
endfacet
facet normal -0.39568736935063736 0.586029548467152 0.7071073992398597
outer loop
vertex 15.339211463928223 34.001190185546875 -0.5
vertex 15.059423446655273 34.41558074951172 -1
vertex 14.928298950195312 34.32704544067383 -1
endloop
endfacet
facet normal -0.3956800368034059 0.586034499295887 0.70710739927558
outer loop
vertex 14.674615859985352 34.155765533447266 -1
vertex 14.9544038772583 33.74137496948242 -0.5
vertex 15.339211463928223 34.001190185546875 -0.5
endloop
endfacet
facet normal -0.34965640909237194 0.6158260667525945 0.7060443690651862
outer loop
vertex 14.674615859985352 34.155765533447266 -1
vertex 14.887110710144043 33.70316696166992 -0.5
vertex 14.9544038772583 33.74137496948242 -0.5
endloop
endfacet
facet normal -0.30051492487863496 0.6400712861923852 0.7071064477977939
outer loop
vertex 14.254326820373535 33.958438873291016 -1
vertex 14.887110710144043 33.70316696166992 -0.5
vertex 14.674615859985352 34.155765533447266 -1
endloop
endfacet
facet normal -0.30051492487863496 0.6400712861923852 0.7071064477977939
outer loop
vertex 14.254326820373535 33.958438873291016 -1
vertex 14.466821670532227 33.50584030151367 -0.5
vertex 14.887110710144043 33.70316696166992 -0.5
endloop
endfacet
facet normal -0.25044319128146036 0.6624054842163214 0.7060433289968105
outer loop
vertex 14.466821670532227 33.50584030151367 -0.5
vertex 14.254326820373535 33.958438873291016 -1
vertex 14.394438743591309 33.47847366333008 -0.5
endloop
endfacet
facet normal -0.19815053008405986 0.6787745779106982 0.707107799284918
outer loop
vertex 14.394438743591309 33.47847366333008 -0.5
vertex 14.044960975646973 33.89732360839844 -1
vertex 13.808623313903809 33.828330993652344 -1
endloop
endfacet
facet normal -0.19814037171813131 0.6787801111901828 0.707105334266433
outer loop
vertex 14.394438743591309 33.47847366333008 -0.5
vertex 14.254326820373535 33.958438873291016 -1
vertex 14.044960975646973 33.89732360839844 -1
endloop
endfacet
facet normal -0.19815075230249835 0.6787743835139983 0.7071079236206771
outer loop
vertex 14.394438743591309 33.47847366333008 -0.5
vertex 13.808623313903809 33.828330993652344 -1
vertex 13.948735237121582 33.34836196899414 -0.5
endloop
endfacet
facet normal -0.13220076471340145 0.6963104183770099 0.7054606715252277
outer loop
vertex 13.808623313903809 33.828330993652344 -1
vertex 13.872806549072266 33.333946228027344 -0.5
vertex 13.948735237121582 33.34836196899414 -0.5
endloop
endfacet
facet normal -0.09116895184309438 0.7022511056391307 0.7060677069859873
outer loop
vertex 13.872806549072266 33.333946228027344 -0.5
vertex 13.348180770874023 33.7685546875 -1
vertex 13.412364959716797 33.274169921875 -0.5
endloop
endfacet
facet normal -0.09116877733625893 0.7022512159690785 0.7060676197850758
outer loop
vertex 13.872806549072266 33.333946228027344 -0.5
vertex 13.808623313903809 33.828330993652344 -1
vertex 13.348180770874023 33.7685546875 -1
endloop
endfacet
facet normal -0.06173277143768721 0.7057588595842937 0.7057573924861853
outer loop
vertex 13.412364959716797 33.274169921875 -0.5
vertex 13.348180770874023 33.7685546875 -1
vertex 13.34825611114502 33.26856231689453 -0.5
endloop
endfacet
facet normal -0.000043131916493177795 0.7087940565614013 0.7054154687295076
outer loop
vertex 13.34825611114502 33.26856231689453 -0.5
vertex -13.370621681213379 33.76455307006836 -1
vertex -13.419333457946777 33.26693344116211 -0.5
endloop
endfacet
facet normal -0.00010590266412204068 0.707112164059737 0.7071013903418529
outer loop
vertex 13.34825611114502 33.26856231689453 -0.5
vertex 13.348180770874023 33.7685546875 -1
vertex -13.370621681213379 33.76455307006836 -1
endloop
endfacet
facet normal 0.06889100344857146 0.7037441988301394 0.7071054604914137
outer loop
vertex -13.419333457946777 33.26693344116211 -0.5
vertex -13.370621681213379 33.76455307006836 -1
vertex -13.69908618927002 33.79670715332031 -1
endloop
endfacet
facet normal 0.0712812967211378 0.7048413252428073 0.7057745270039975
outer loop
vertex -13.952377319335938 33.821502685546875 -1
vertex -14.000905990600586 33.325748443603516 -0.5
vertex -13.419333457946777 33.26693344116211 -0.5
endloop
endfacet
facet normal 0.06889193938840228 0.7037444093024118 0.7071051598333196
outer loop
vertex -13.419333457946777 33.26693344116211 -0.5
vertex -13.69908618927002 33.79670715332031 -1
vertex -13.952377319335938 33.821502685546875 -1
endloop
endfacet
facet normal 0.13059261328266028 0.6976677163530979 0.7044184316971406
outer loop
vertex -13.952377319335938 33.821502685546875 -1
vertex -14.086499214172363 33.34177017211914 -0.5
vertex -14.000905990600586 33.325748443603516 -0.5
endloop
endfacet
facet normal 0.19074658447132475 0.682268846323956 0.705779683646605
outer loop
vertex -14.086499214172363 33.34177017211914 -0.5
vertex -14.3995361328125 33.94651794433594 -1
vertex -14.533658027648926 33.4667854309082 -0.5
endloop
endfacet
facet normal 0.19074658447132475 0.682268846323956 0.705779683646605
outer loop
vertex -14.086499214172363 33.34177017211914 -0.5
vertex -13.952377319335938 33.821502685546875 -1
vertex -14.3995361328125 33.94651794433594 -1
endloop
endfacet
facet normal 0.24342847866039666 0.6664267104716339 0.7047112992900296
outer loop
vertex -14.533658027648926 33.4667854309082 -0.5
vertex -14.3995361328125 33.94651794433594 -1
vertex -14.606072425842285 33.49323654174805 -0.5
endloop
endfacet
facet normal 0.2937420958732676 0.6446718495720216 0.7057717672742151
outer loop
vertex -14.822050094604492 34.139034271240234 -1
vertex -15.028585433959961 33.685752868652344 -0.5
vertex -14.606072425842285 33.49323654174805 -0.5
endloop
endfacet
facet normal 0.2937414306897124 0.6446718448189351 0.7057720484647374
outer loop
vertex -14.606072425842285 33.49323654174805 -0.5
vertex -14.3995361328125 33.94651794433594 -1
vertex -14.822050094604492 34.139034271240234 -1
endloop
endfacet
facet normal 0.3417783411108943 0.6216799913839874 0.7047705682420986
outer loop
vertex -15.028585433959961 33.685752868652344 -0.5
vertex -14.822050094604492 34.139034271240234 -1
vertex -15.096155166625977 33.722900390625 -0.5
endloop
endfacet
facet normal 0.3896283007254386 0.5915188780396333 0.7059002792155141
outer loop
vertex -15.209796905517578 34.394439697265625 -1
vertex -15.483901977539062 33.97830581665039 -0.5
vertex -15.096155166625977 33.722900390625 -0.5
endloop
endfacet
facet normal 0.3896283007254386 0.5915188780396333 0.7059002792155141
outer loop
vertex -15.096155166625977 33.722900390625 -0.5
vertex -14.822050094604492 34.139034271240234 -1
vertex -15.209796905517578 34.394439697265625 -1
endloop
endfacet
facet normal 0.43210411821637323 0.5624156669334681 0.7049642888886165
outer loop
vertex -15.483901977539062 33.97830581665039 -0.5
vertex -15.209796905517578 34.394439697265625 -1
vertex -15.545082092285156 34.02531051635742 -0.5
endloop
endfacet
facet normal 0.4739297927284425 0.5247791515421407 0.707104938231297
outer loop
vertex -15.553488731384277 34.70661926269531 -1
vertex -15.889666557312012 34.33650588989258 -0.5
vertex -15.545082092285156 34.02531051635742 -0.5
endloop
endfacet
facet normal 0.47606074903708123 0.5241156250404058 0.7061649770519336
outer loop
vertex -15.545082092285156 34.02531051635742 -0.5
vertex -15.209796905517578 34.394439697265625 -1
vertex -15.553488731384277 34.70661926269531 -1
endloop
endfacet
facet normal 0.5202380523450537 0.4808951806919942 0.7057564693854668
outer loop
vertex -15.889666557312012 34.33650588989258 -0.5
vertex -15.553488731384277 34.70661926269531 -1
vertex -15.942157745361328 34.39329147338867 -0.5
endloop
endfacet
facet normal 0.5509214776161603 0.4441269895784874 0.7065668705997875
outer loop
vertex -15.942157745361328 34.39329147338867 -0.5
vertex -15.553488731384277 34.70661926269531 -1
vertex -15.844894409179688 35.06809616088867 -1
endloop
endfacet
facet normal 0.5497720340927504 0.44469239309381114 0.7071063470610479
outer loop
vertex -15.844894409179688 35.06809616088867 -1
vertex -16.234155654907227 34.75428771972656 -0.5
vertex -15.942157745361328 34.39329147338867 -0.5
endloop
endfacet
facet normal 0.5840612862698732 0.40046669212174746 0.7060445045334232
outer loop
vertex -16.234155654907227 34.75428771972656 -0.5
vertex -15.844894409179688 35.06809616088867 -1
vertex -16.277835845947266 34.8179931640625 -0.5
endloop
endfacet
facet normal 0.6122858201581189 0.3537043867324291 0.7071062729459667
outer loop
vertex -24.591136932373047 50.20844268798828 -1
vertex -25.019752502441406 49.95083236694336 -0.5
vertex -16.277835845947266 34.8179931640625 -0.5
endloop
endfacet
facet normal 0.6122921042691738 0.3537075529212666 0.7070992476704219
outer loop
vertex -16.277835845947266 34.8179931640625 -0.5
vertex -19.380998611450195 41.189334869384766 -1
vertex -24.591136932373047 50.20844268798828 -1
endloop
endfacet
facet normal 0.6122918059477569 0.35370743261858584 0.7070995661712732
outer loop
vertex -16.277835845947266 34.8179931640625 -0.5
vertex -15.844894409179688 35.06809616088867 -1
vertex -19.380998611450195 41.189334869384766 -1
endloop
endfacet
facet normal 0.5996626646455256 0.37470703127490385 0.7071063069605419
outer loop
vertex -25.019752502441406 49.95083236694336 -0.5
vertex -24.591136932373047 50.20844268798828 -1
vertex -24.84783363342285 50.61924743652344 -1
endloop
endfacet
facet normal 0.5996627060783741 0.37470700482065283 0.7071062858418788
outer loop
vertex -24.84783363342285 50.61924743652344 -1
vertex -25.2567195892334 50.33006286621094 -0.5
vertex -25.019752502441406 49.95083236694336 -0.5
endloop
endfacet
facet normal 0.553078646375197 0.4405713022961659 0.7071074448178581
outer loop
vertex -25.506301879882812 51.44586944580078 -1
vertex -25.87154197692871 51.101890563964844 -0.5
vertex -25.2567195892334 50.33006286621094 -0.5
endloop
endfacet
facet normal 0.5530802788321802 0.4405711404570434 0.7071062687908359
outer loop
vertex -25.2567195892334 50.33006286621094 -0.5
vertex -24.84783363342285 50.61924743652344 -1
vertex -25.506301879882812 51.44586944580078 -1
endloop
endfacet
facet normal 0.47291146725262956 0.5256941850919273 0.7071070413321447
outer loop
vertex -26.36229133605957 52.215911865234375 -1
vertex -26.66316032409668 51.81402587890625 -0.5
vertex -25.87154197692871 51.101890563964844 -0.5
endloop
endfacet
facet normal 0.4729109414116198 0.5256941297555107 0.7071074341525281
outer loop
vertex -25.87154197692871 51.101890563964844 -0.5
vertex -25.506301879882812 51.44586944580078 -1
vertex -26.36229133605957 52.215911865234375 -1
endloop
endfacet
facet normal 0.37120442924511454 0.6018358245902086 0.7071074260313156
outer loop
vertex -27.440744400024414 52.88108825683594 -1
vertex -27.66448402404785 52.4316291809082 -0.5
vertex -26.66316032409668 51.81402587890625 -0.5
endloop
endfacet
facet normal 0.3712049334976801 0.6018359986071682 0.7071070132076867
outer loop
vertex -26.66316032409668 51.81402587890625 -0.5
vertex -26.36229133605957 52.215911865234375 -1
vertex -27.440744400024414 52.88108825683594 -1
endloop
endfacet
facet normal 0.2564283246930718 0.658971361024412 0.707107671889323
outer loop
vertex -27.66448402404785 52.4316291809082 -0.5
vertex -27.440744400024414 52.88108825683594 -1
vertex -28.65304183959961 52.81631088256836 -0.5
endloop
endfacet
facet normal 0.2564287464513957 0.6589702535679086 0.7071085510061464
outer loop
vertex -28.65304183959961 52.81631088256836 -0.5
vertex -27.440744400024414 52.88108825683594 -1
vertex -28.097614288330078 53.13669967651367 -1
endloop
endfacet
facet normal 0.25642424018738663 0.6589744755721367 0.707106250565464
outer loop
vertex -28.65304183959961 52.81631088256836 -0.5
vertex -28.097614288330078 53.13669967651367 -1
vertex -28.513751983642578 53.29862976074219 -1
endloop
endfacet
facet normal 0.13436427693958583 0.6942242198766179 0.7071060554253538
outer loop
vertex -28.65304183959961 52.81631088256836 -0.5
vertex -28.513751983642578 53.29862976074219 -1
vertex -29.80807876586914 53.03986358642578 -0.5
endloop
endfacet
facet normal 0.13436446756263257 0.6942238665956079 0.7071063660480322
outer loop
vertex -29.80807876586914 53.03986358642578 -0.5
vertex -28.513751983642578 53.29862976074219 -1
vertex -29.757755279541016 53.53940200805664 -1
endloop
endfacet
facet normal 0.006799686029506041 0.7070758030532722 0.7071050650408823
outer loop
vertex -30.909086227416992 53.550472259521484 -1
vertex -30.868793487548828 53.05006408691406 -0.5
vertex -29.80807876586914 53.03986358642578 -0.5
endloop
endfacet
facet normal 0.006798648556168026 0.7070746776897224 0.7071062003318772
outer loop
vertex -29.80807876586914 53.03986358642578 -0.5
vertex -29.757755279541016 53.53940200805664 -1
vertex -30.909086227416992 53.550472259521484 -1
endloop
endfacet
facet normal -0.11984347290344942 0.6968795079401762 0.7071043016525203
outer loop
vertex -30.868793487548828 53.05006408691406 -0.5
vertex -31.62032699584961 53.428157806396484 -1
vertex -32.15784454345703 53.33572006225586 -1
endloop
endfacet
facet normal -0.11984452533609387 0.6968784973054316 0.7071051193000161
outer loop
vertex -30.868793487548828 53.05006408691406 -0.5
vertex -30.909086227416992 53.550472259521484 -1
vertex -31.62032699584961 53.428157806396484 -1
endloop
endfacet
facet normal -0.11984424827516507 0.6968781395350775 0.7071055188537915
outer loop
vertex -32.15784454345703 53.33572006225586 -1
vertex -32.02824401855469 52.850669860839844 -0.5
vertex -30.868793487548828 53.05006408691406 -0.5
endloop
endfacet
facet normal -0.24370913879512102 0.6637827567892529 0.7071055843769021
outer loop
vertex -32.02824401855469 52.850669860839844 -0.5
vertex -32.15784454345703 53.33572006225586 -1
vertex -33.23868179321289 52.93888854980469 -1
endloop
endfacet
facet normal -0.24370877876553998 0.6637836496334321 0.7071048703211782
outer loop
vertex -33.23868179321289 52.93888854980469 -1
vertex -33.02631759643555 52.48422622680664 -0.5
vertex -32.02824401855469 52.850669860839844 -0.5
endloop
endfacet
facet normal -0.3535460311927599 0.6145265601781261 0.705239186846199
outer loop
vertex -47.738277435302734 44.59706115722656 -1
vertex -47.51609802246094 44.15107727050781 -0.5
vertex -33.23868179321289 52.93888854980469 -1
endloop
endfacet
facet normal -0.35251950102839164 0.6129651818995104 0.7071093884071924
outer loop
vertex -47.51609802246094 44.15107727050781 -0.5
vertex -33.02631759643555 52.48422622680664 -0.5
vertex -33.23868179321289 52.93888854980469 -1
endloop
endfacet
facet normal -0.31829042198923985 0.6314238520316793 0.7071033349909953
outer loop
vertex -48.06787109375 44.432865142822266 -1
vertex -47.84491729736328 43.98532485961914 -0.5
vertex -47.51609802246094 44.15107727050781 -0.5
endloop
endfacet
facet normal -0.3158552150177416 0.6340145834719844 0.7058760451318224
outer loop
vertex -47.51609802246094 44.15107727050781 -0.5
vertex -47.86003875732422 44.53640365600586 -1
vertex -48.06787109375 44.432865142822266 -1
endloop
endfacet
facet normal -0.3158478041349948 0.6340196251924344 0.7058748327387421
outer loop
vertex -47.51609802246094 44.15107727050781 -0.5
vertex -47.738277435302734 44.59706115722656 -1
vertex -47.86003875732422 44.53640365600586 -1
endloop
endfacet
facet normal -0.27930206375137256 0.6502209484145064 0.7065430457000932
outer loop
vertex -48.06787109375 44.432865142822266 -1
vertex -47.89673614501953 43.96306610107422 -0.5
vertex -47.84491729736328 43.98532485961914 -0.5
endloop
endfacet
facet normal -0.24239734356207734 0.6656952954855636 0.705757253878723
outer loop
vertex -62.4494514465332 39.19412612915039 -1
vertex -62.29951477050781 38.718631744384766 -0.5
vertex -47.89673614501953 43.96306610107422 -0.5
endloop
endfacet
facet normal -0.24201942808482532 0.6644006969717231 0.707105586382248
outer loop
vertex -47.89673614501953 43.96306610107422 -0.5
vertex -48.06787109375 44.432865142822266 -1
vertex -62.4494514465332 39.19412612915039 -1
endloop
endfacet
facet normal -0.2129540465588869 0.6753360088916683 0.7060962038904245
outer loop
vertex -62.29951477050781 38.718631744384766 -0.5
vertex -62.4494514465332 39.19412612915039 -1
vertex -62.87246322631836 39.06073760986328 -1
endloop
endfacet
facet normal -0.21450485405637987 0.6737857496969449 0.7071070860142592
outer loop
vertex -62.94490051269531 39.03789520263672 -1
vertex -62.794532775878906 38.561038970947266 -0.5
vertex -62.29951477050781 38.718631744384766 -0.5
endloop
endfacet
facet normal -0.21295930491807058 0.6753313695873818 0.706099055161557
outer loop
vertex -62.29951477050781 38.718631744384766 -0.5
vertex -62.87246322631836 39.06073760986328 -1
vertex -62.94490051269531 39.03789520263672 -1
endloop
endfacet
facet normal -0.16819660036513376 0.6875920033613755 0.706347747599652
outer loop
vertex -62.794532775878906 38.561038970947266 -0.5
vertex -62.94490051269531 39.03789520263672 -1
vertex -62.85795593261719 38.54552459716797 -0.5
endloop
endfacet
facet normal -0.12296039100239792 0.6963363708423722 0.7071042362244845
outer loop
vertex -78.98968505859375 36.20468521118164 -1
vertex -78.89420318603516 35.71381378173828 -0.5
vertex -62.85795593261719 38.54552459716797 -0.5
endloop
endfacet
facet normal -0.12296103144127259 0.6963419901848218 0.707098591041122
outer loop
vertex -62.85795593261719 38.54552459716797 -0.5
vertex -67.52436065673828 38.229248046875 -1
vertex -78.98968505859375 36.20468521118164 -1
endloop
endfacet
facet normal -0.12296102489107288 0.6963421669725985 0.7070984180816999
outer loop
vertex -62.85795593261719 38.54552459716797 -0.5
vertex -62.94490051269531 39.03789520263672 -1
vertex -67.52436065673828 38.229248046875 -1
endloop
endfacet
facet normal -0.14702904504264816 0.6916546183247719 0.7071041994387116
outer loop
vertex -78.89420318603516 35.71381378173828 -0.5
vertex -78.98968505859375 36.20468521118164 -1
vertex -79.462646484375 36.10414505004883 -1
endloop
endfacet
facet normal -0.14703553707435063 0.6916496543782693 0.707107704975471
outer loop
vertex -79.462646484375 36.10414505004883 -1
vertex -79.33074951171875 35.621009826660156 -0.5
vertex -78.89420318603516 35.71381378173828 -0.5
endloop
endfacet
facet normal -0.2248052237006431 0.6704187692771653 0.7071076899580395
outer loop
vertex -80.46450805664062 35.7681999206543 -1
vertex -80.26622009277344 35.30732727050781 -0.5
vertex -79.33074951171875 35.621009826660156 -0.5
endloop
endfacet
facet normal -0.22480660773146321 0.6704181342109795 0.7071078520574786
outer loop
vertex -79.33074951171875 35.621009826660156 -0.5
vertex -79.462646484375 36.10414505004883 -1
vertex -79.92598724365234 35.94877624511719 -1
endloop
endfacet
facet normal -0.2248046389464739 0.6704199860589755 0.7071067222144255
outer loop
vertex -79.33074951171875 35.621009826660156 -0.5
vertex -79.92598724365234 35.94877624511719 -1
vertex -80.46450805664062 35.7681999206543 -1
endloop
endfacet
facet normal -0.3322082057219541 0.6242089336246398 0.7071074283545534
outer loop
vertex -80.26622009277344 35.30732727050781 -0.5
vertex -80.46450805664062 35.7681999206543 -1
vertex -81.20619201660156 34.80706787109375 -0.5
endloop
endfacet
facet normal -0.33221025241032504 0.6242096731630747 0.7071058139508652
outer loop
vertex -81.20619201660156 34.80706787109375 -0.5
vertex -80.46450805664062 35.7681999206543 -1
vertex -81.48091125488281 35.22726058959961 -1
endloop
endfacet
facet normal -0.4385490659467827 0.5546858225062677 0.7071056180428421
outer loop
vertex -81.20619201660156 34.80706787109375 -0.5
vertex -81.48091125488281 35.22726058959961 -1
vertex -82.12906646728516 34.07741928100586 -0.5
endloop
endfacet
facet normal -0.4385502866022216 0.554686090099681 0.7071046510743922
outer loop
vertex -82.12906646728516 34.07741928100586 -0.5
vertex -81.48091125488281 35.22726058959961 -1
vertex -82.47486877441406 34.441410064697266 -1
endloop
endfacet
facet normal -0.5315004337124003 0.46637468863282094 0.7071081520999242
outer loop
vertex -83.2342758178711 33.575965881347656 -1
vertex -82.82869720458984 33.28009033203125 -0.5
vertex -82.12906646728516 34.07741928100586 -0.5
endloop
endfacet
facet normal -0.5315010169167329 0.46637971993635896 0.7071043952971598
outer loop
vertex -82.12906646728516 34.07741928100586 -0.5
vertex -82.47486877441406 34.441410064697266 -1
vertex -83.2342758178711 33.575965881347656 -1
endloop
endfacet
facet normal -0.6063808340374756 0.36373724741293545 0.7071050126795003
outer loop
vertex -83.88606262207031 32.48937225341797 -1
vertex -83.43387603759766 32.27120590209961 -0.5
vertex -82.82869720458984 33.28009033203125 -0.5
endloop
endfacet
facet normal -0.6063793395626663 0.363733084482581 0.7071084356761218
outer loop
vertex -82.82869720458984 33.28009033203125 -0.5
vertex -83.2342758178711 33.575965881347656 -1
vertex -83.88606262207031 32.48937225341797 -1
endloop
endfacet
facet normal -0.6620945113150519 0.24826098931249477 0.707104899765278
outer loop
vertex -83.43387603759766 32.27120590209961 -0.5
vertex -83.88606262207031 32.48937225341797 -1
vertex -84.2903060913086 31.411283493041992 -1
endloop
endfacet
facet normal -0.6620950059056504 0.2482619465900402 0.7071041005609576
outer loop
vertex -84.2903060913086 31.411283493041992 -1
vertex -83.80630493164062 31.27796745300293 -0.5
vertex -83.43387603759766 32.27120590209961 -0.5
endloop
endfacet
facet normal -0.6958273716611509 0.12576766636220857 0.707111563294604
outer loop
vertex -84.51568603515625 30.164398193359375 -1
vertex -84.01555633544922 30.120254516601562 -0.5
vertex -83.80630493164062 31.27796745300293 -0.5
endloop
endfacet
facet normal -0.6958242854668835 0.1258157703661918 0.7071060427415841
outer loop
vertex -83.80630493164062 31.27796745300293 -0.5
vertex -84.2903060913086 31.411283493041992 -1
vertex -84.30750274658203 31.316177368164062 -1
endloop
endfacet
facet normal -0.6958300430623782 0.1257707986238167 0.707108377397225
outer loop
vertex -83.80630493164062 31.27796745300293 -0.5
vertex -84.30750274658203 31.316177368164062 -1
vertex -84.51568603515625 30.164398193359375 -1
endloop
endfacet
facet normal -0.7071011157830112 -0.0019430733000774395 0.707109776855455
outer loop
vertex -84.51251983642578 29.013017654418945 -1
vertex -84.01263427734375 29.05689239501953 -0.5
vertex -84.01555633544922 30.120254516601562 -0.5
endloop
endfacet
facet normal -0.7070995695706619 -0.0019444637839284007 0.7071113192232024
outer loop
vertex -84.01555633544922 30.120254516601562 -0.5
vertex -84.51568603515625 30.164398193359375 -1
vertex -84.51251983642578 29.013017654418945 -1
endloop
endfacet
facet normal -0.6966284084533172 -0.12126293903083887 0.7071097228531097
outer loop
vertex -84.01263427734375 29.05689239501953 -0.5
vertex -84.51251983642578 29.013017654418945 -1
vertex -82.50517272949219 17.481258392333984 -1
endloop
endfacet
facet normal -0.6966318827600444 -0.12126324139397404 0.7071062481754934
outer loop
vertex -82.50517272949219 17.481258392333984 -1
vertex -82.01258087158203 17.567005157470703 -0.5
vertex -84.01263427734375 29.05689239501953 -0.5
endloop
endfacet
facet normal -0.7024941592119339 -0.08067301506515226 0.7071024118990231
outer loop
vertex -82.46329498291016 17.10926628112793 -1
vertex -81.96643829345703 17.165199279785156 -0.5
vertex -82.01258087158203 17.567005157470703 -0.5
endloop
endfacet
facet normal -0.7033062530917 -0.07917609043116923 0.7064640550418323
outer loop
vertex -82.01258087158203 17.567005157470703 -0.5
vertex -82.50517272949219 17.481258392333984 -1
vertex -82.46329498291016 17.10926628112793 -1
endloop
endfacet
facet normal -0.7073466166454219 -0.02983264159361172 0.7062370546890201
outer loop
vertex -82.46329498291016 17.10926628112793 -1
vertex -81.96349334716797 17.095373153686523 -0.5
vertex -81.96643829345703 17.165199279785156 -0.5
endloop
endfacet
facet normal -0.7068371866889589 0.019659541044115436 0.7071030292394261
outer loop
vertex -81.96349334716797 17.095373153686523 -0.5
vertex -82.46329498291016 17.10926628112793 -1
vertex -82.47620391845703 16.645139694213867 -1
endloop
endfacet
facet normal -0.7075111724244513 0.02122632379603363 0.7063833124251198
outer loop
vertex -82.47620391845703 16.645139694213867 -1
vertex -81.9774169921875 16.63127326965332 -0.5
vertex -81.96349334716797 17.095373153686523 -0.5
endloop
endfacet
facet normal -0.7053695954179907 0.06821248784076381 0.7055499913985072
outer loop
vertex -82.47620391845703 16.645139694213867 -1
vertex -81.98485565185547 16.554351806640625 -0.5
vertex -81.9774169921875 16.63127326965332 -0.5
endloop
endfacet
facet normal -0.6955737863771574 0.12852734887514486 0.7068647878456469
outer loop
vertex -82.56056213378906 16.188562393188477 -1
vertex -82.06922149658203 16.097774505615234 -0.5
vertex -81.98485565185547 16.554351806640625 -0.5
endloop
endfacet
facet normal -0.6955706446247659 0.1285151453787071 0.7068700982108223
outer loop
vertex -81.98485565185547 16.554351806640625 -0.5
vertex -82.47620391845703 16.645139694213867 -1
vertex -82.56056213378906 16.188562393188477 -1
endloop
endfacet
facet normal -0.6852389972105974 0.17924241360303708 0.7059176112462223
outer loop
vertex -82.56056213378906 16.188562393188477 -1
vertex -82.08879852294922 16.022932052612305 -0.5
vertex -82.06922149658203 16.097774505615234 -0.5
endloop
endfacet
facet normal -0.6671841460042253 0.23422407969979553 0.7071098894863488
outer loop
vertex -82.08879852294922 16.022932052612305 -0.5
vertex -82.63056182861328 15.9891996383667 -1
vertex -82.71437072753906 15.750471115112305 -1
endloop
endfacet
facet normal -0.6671796957889435 0.23425827527258683 0.7071027605612114
outer loop
vertex -82.63056182861328 15.9891996383667 -1
vertex -82.08879852294922 16.022932052612305 -0.5
vertex -82.56056213378906 16.188562393188477 -1
endloop
endfacet
facet normal -0.6671846151007618 0.23422889781381984 0.7071078508981297
outer loop
vertex -82.71437072753906 15.750471115112305 -1
vertex -82.24259948730469 15.584840774536133 -0.5
vertex -82.08879852294922 16.022932052612305 -0.5
endloop
endfacet
facet normal -0.6480130052583292 0.28562422070913374 0.706043872263168
outer loop
vertex -82.71437072753906 15.750471115112305 -1
vertex -82.27381134033203 15.514028549194336 -0.5
vertex -82.24259948730469 15.584840774536133 -0.5
endloop
endfacet
facet normal -0.623048346308815 0.33438465506259235 0.7071051269935199
outer loop
vertex -82.27381134033203 15.514028549194336 -0.5
vertex -82.71437072753906 15.750471115112305 -1
vertex -82.9339370727539 15.341360092163086 -1
endloop
endfacet
facet normal -0.623048346308815 0.33438465506259235 0.7071051269935199
outer loop
vertex -82.9339370727539 15.341360092163086 -1
vertex -82.49337768554688 15.104917526245117 -0.5
vertex -82.27381134033203 15.514028549194336 -0.5
endloop
endfacet
facet normal -0.5888845677015454 0.39446746182628106 0.7054150462552493
outer loop
vertex -82.9339370727539 15.341360092163086 -1
vertex -82.53638458251953 15.040714263916016 -0.5
vertex -82.49337768554688 15.104917526245117 -0.5
endloop
endfacet
facet normal -0.5654276052861279 0.424615706851434 0.7071019195812239
outer loop
vertex -83.21399688720703 14.971028327941895 -1
vertex -82.81520080566406 14.66943645477295 -0.5
vertex -82.53638458251953 15.040714263916016 -0.5
endloop
endfacet
facet normal -0.5648700908008574 0.4271894102342735 0.7059964506301181
outer loop
vertex -83.06991577148438 15.161556243896484 -1
vertex -82.53638458251953 15.040714263916016 -0.5
vertex -82.9339370727539 15.341360092163086 -1
endloop
endfacet
facet normal -0.564877880671797 0.4271722329322069 0.7060006114299417
outer loop
vertex -82.53638458251953 15.040714263916016 -0.5
vertex -83.06991577148438 15.161556243896484 -1
vertex -83.21399688720703 14.971028327941895 -1
endloop
endfacet
facet normal -0.5194106311521615 0.4824661302470699 0.7052935767540568
outer loop
vertex -83.21399688720703 14.971028327941895 -1
vertex -82.86778259277344 14.612828254699707 -0.5
vertex -82.81520080566406 14.66943645477295 -0.5
endloop
endfacet
facet normal -0.492322547136478 0.5093626454149893 0.7058103180294931
outer loop
vertex -82.86778259277344 14.612828254699707 -0.5
vertex -83.40742492675781 14.784075736999512 -1
vertex -83.5478515625 14.648346900939941 -1
endloop
endfacet
facet normal -0.4923179606271872 0.5093703033466063 0.7058079906833541
outer loop
vertex -83.40742492675781 14.784075736999512 -1
vertex -82.86778259277344 14.612828254699707 -0.5
vertex -83.21399688720703 14.971028327941895 -1
endloop
endfacet
facet normal -0.4934235184200081 0.506494878728542 0.7071040724615999
outer loop
vertex -83.5478515625 14.648346900939941 -1
vertex -83.20036315917969 14.288830757141113 -0.5
vertex -82.86778259277344 14.612828254699707 -0.5
endloop
endfacet
facet normal -0.4382441090772519 0.557267215120897 0.7052626119471281
outer loop
vertex -83.5478515625 14.648346900939941 -1
vertex -83.26109313964844 14.241071701049805 -0.5
vertex -83.20036315917969 14.288830757141113 -0.5
endloop
endfacet
facet normal -0.40944822313221263 0.5765005884632584 0.7071062325247818
outer loop
vertex -83.92749786376953 14.3810453414917 -1
vertex -83.63964080810547 13.97221565246582 -0.5
vertex -83.26109313964844 14.241071701049805 -0.5
endloop
endfacet
facet normal -0.40785522103626826 0.5792735606911724 0.7057593503154084
outer loop
vertex -83.26109313964844 14.241071701049805 -0.5
vertex -83.5478515625 14.648346900939941 -1
vertex -83.92749786376953 14.3810453414917 -1
endloop
endfacet
facet normal -0.34793275507011107 0.6176294175046969 0.705320282270495
outer loop
vertex -83.92749786376953 14.3810453414917 -1
vertex -83.70696258544922 13.934290885925293 -0.5
vertex -83.63964080810547 13.97221565246582 -0.5
endloop
endfacet
facet normal -0.31354931651314355 0.6351911482044801 0.7058463227621257
outer loop
vertex -84.34384155273438 14.175525665283203 -1
vertex -83.70696258544922 13.934290885925293 -0.5
vertex -83.92749786376953 14.3810453414917 -1
endloop
endfacet
facet normal -0.31354931651314355 0.6351911482044801 0.7058463227621257
outer loop
vertex -84.34384155273438 14.175525665283203 -1
vertex -84.12330627441406 13.728771209716797 -0.5
vertex -83.70696258544922 13.934290885925293 -0.5
endloop
endfacet
facet normal -0.27869171966934553 0.6518089397365178 0.7053198079363002
outer loop
vertex -84.34384155273438 14.175525665283203 -1
vertex -84.19435119628906 13.698394775390625 -0.5
vertex -84.12330627441406 13.728771209716797 -0.5
endloop
endfacet
facet normal -0.21140024871966343 0.6747656497942224 0.7071076669779826
outer loop
vertex -84.78691101074219 14.036710739135742 -1
vertex -84.63742065429688 13.559579849243164 -0.5
vertex -84.6656494140625 14.074701309204102 -1
endloop
endfacet
facet normal -0.21140746502959257 0.6747633888839193 0.7071076670151798
outer loop
vertex -84.19435119628906 13.698394775390625 -0.5
vertex -84.34384155273438 14.175525665283203 -1
vertex -84.6656494140625 14.074701309204102 -1
endloop
endfacet
facet normal -0.2114056987077031 0.6747646736971461 0.7071069690536868
outer loop
vertex -84.63742065429688 13.559579849243164 -0.5
vertex -84.19435119628906 13.698394775390625 -0.5
vertex -84.6656494140625 14.074701309204102 -1
endloop
endfacet
facet normal -0.16780437543926602 0.6876583990311987 0.7063763995387207
outer loop
vertex -84.63742065429688 13.559579849243164 -0.5
vertex -84.78691101074219 14.036710739135742 -1
vertex -84.6998062133789 13.544356346130371 -0.5
endloop
endfacet
facet normal -0.12278761161071922 0.6963642651109845 0.7071067901748461
outer loop
vertex -91.66328430175781 12.316509246826172 -0.5
vertex -84.6998062133789 13.544356346130371 -0.5
vertex -84.78691101074219 14.036710739135742 -1
endloop
endfacet
facet normal -0.12366600531505478 0.6990571346474679 0.7042910205503751
outer loop
vertex -91.70514678955078 12.812847137451172 -1
vertex -91.66328430175781 12.316509246826172 -0.5
vertex -84.78691101074219 14.036710739135742 -1
endloop
endfacet
facet normal -0.06189636732108288 0.7043947288849325 0.7071045931342662
outer loop
vertex -92.24486541748047 12.767328262329102 -1
vertex -92.20284271240234 12.269097328186035 -0.5
vertex -91.66328430175781 12.316509246826172 -0.5
endloop
endfacet
facet normal -0.05953812023702959 0.7059452255282543 0.7057595559342452
outer loop
vertex -91.66328430175781 12.316509246826172 -0.5
vertex -91.70514678955078 12.812847137451172 -1
vertex -92.24486541748047 12.767328262329102 -1
endloop
endfacet
facet normal 0.015885947450463758 0.7089366660803094 0.7050932138097324
outer loop
vertex -92.24486541748047 12.767328262329102 -1
vertex -92.28651428222656 12.27097225189209 -0.5
vertex -92.20284271240234 12.269097328186035 -0.5
endloop
endfacet
facet normal 0.05624632115194734 0.7048690727777283 0.707103911457388
outer loop
vertex -92.7075424194336 12.806154251098633 -1
vertex -92.74935150146484 12.307905197143555 -0.5
vertex -92.28651428222656 12.27097225189209 -0.5
endloop
endfacet
facet normal 0.059242157926262806 0.7059700187227906 0.705759661208249
outer loop
vertex -92.28651428222656 12.27097225189209 -0.5
vertex -92.24486541748047 12.767328262329102 -1
vertex -92.7075424194336 12.806154251098633 -1
endloop
endfacet
facet normal 0.12970541595711454 0.6969183550408038 0.7053235509173162
outer loop
vertex -92.74935150146484 12.307905197143555 -0.5
vertex -92.7075424194336 12.806154251098633 -1
vertex -92.8253173828125 12.322043418884277 -0.5
endloop
endfacet
facet normal 0.1648212437868016 0.688919160852598 0.7058500884796459
outer loop
vertex -92.7075424194336 12.806154251098633 -1
vertex -93.27688598632812 12.430079460144043 -0.5
vertex -92.8253173828125 12.322043418884277 -0.5
endloop
endfacet
facet normal 0.16714646348086154 0.6870676389153291 0.7071068655451989
outer loop
vertex -93.27688598632812 12.430079460144043 -0.5
vertex -92.87974548339844 12.848048210144043 -1
vertex -93.15869140625 12.915908813476562 -1
endloop
endfacet
facet normal 0.16715080017392037 0.6870651661955531 0.707108243058936
outer loop
vertex -93.27688598632812 12.430079460144043 -0.5
vertex -92.7075424194336 12.806154251098633 -1
vertex -92.87974548339844 12.848048210144043 -1
endloop
endfacet
facet normal 0.23287348409649478 0.6693910079925383 0.7054683684074669
outer loop
vertex -93.27688598632812 12.430079460144043 -0.5
vertex -93.15869140625 12.915908813476562 -1
vertex -93.3498764038086 12.455471992492676 -0.5
endloop
endfacet
facet normal 0.27155751879550943 0.6539930732668441 0.7060804303368101
outer loop
vertex -93.3498764038086 12.455471992492676 -0.5
vertex -93.15869140625 12.915908813476562 -1
vertex -93.5875015258789 13.093963623046875 -1
endloop
endfacet
facet normal 0.27155603903243103 0.6539930123808524 0.7060810558441821
outer loop
vertex -93.5875015258789 13.093963623046875 -1
vertex -93.7786865234375 12.633525848388672 -0.5
vertex -93.3498764038086 12.455471992492676 -0.5
endloop
endfacet
facet normal 0.299395856285786 0.6420816235649406 0.7057572599124369
outer loop
vertex -93.7786865234375 12.633525848388672 -0.5
vertex -93.5875015258789 13.093963623046875 -1
vertex -93.8375015258789 12.660950660705566 -0.5
endloop
endfacet
facet normal 0.37001445453475656 0.6033426688893566 0.7064466910764142
outer loop
vertex -93.98369598388672 13.336051940917969 -1
vertex -94.24391174316406 12.910191535949707 -0.5
vertex -93.8375015258789 12.660950660705566 -0.5
endloop
endfacet
facet normal 0.36874403991658444 0.6034754023783754 0.7069973633262393
outer loop
vertex -93.8375015258789 12.660950660705566 -0.5
vertex -93.5875015258789 13.093963623046875 -1
vertex -93.98369598388672 13.336051940917969 -1
endloop
endfacet
facet normal 0.40635368655187715 0.580329512459395 0.7057579885444726
outer loop
vertex -94.24391174316406 12.910191535949707 -0.5
vertex -93.98369598388672 13.336051940917969 -1
vertex -94.30509185791016 12.953030586242676 -0.5
endloop
endfacet
facet normal 0.4577274718876001 0.5391765508071029 0.7069471044845871
outer loop
vertex -94.33779907226562 13.636377334594727 -1
vertex -94.66106414794922 13.255228996276855 -0.5
vertex -94.30509185791016 12.953030586242676 -0.5
endloop
endfacet
facet normal 0.45737369182753956 0.5392732024309264 0.7071023399508307
outer loop
vertex -94.30509185791016 12.953030586242676 -0.5
vertex -93.98369598388672 13.336051940917969 -1
vertex -94.33779907226562 13.636377334594727 -1
endloop
endfacet
facet normal 0.4971021073227027 0.5044881831032887 0.7059611660739357
outer loop
vertex -94.66106414794922 13.255228996276855 -0.5
vertex -94.33779907226562 13.636377334594727 -1
vertex -94.71617126464844 13.309529304504395 -0.5
endloop
endfacet
facet normal 0.5351037936496413 0.4622369584380134 0.7071074347478864
outer loop
vertex -94.64131164550781 13.987744331359863 -1
vertex -95.01969146728516 13.660896301269531 -0.5
vertex -94.71617126464844 13.309529304504395 -0.5
endloop
endfacet
facet normal 0.53511263097202 0.4622329732045848 0.7071033521746678
outer loop
vertex -94.71617126464844 13.309529304504395 -0.5
vertex -94.33779907226562 13.636377334594727 -1
vertex -94.64131164550781 13.987744331359863 -1
endloop
endfacet
facet normal 0.5767207911725485 0.41174198293981457 0.7055931324170461
outer loop
vertex -95.01969146728516 13.660896301269531 -0.5
vertex -94.64131164550781 13.987744331359863 -1
vertex -95.06257629394531 13.720964431762695 -0.5
endloop
endfacet
facet normal 0.5982084687324707 0.37883366196889373 0.7061385731540168
outer loop
vertex -94.90570831298828 14.405247688293457 -1
vertex -95.06257629394531 13.720964431762695 -0.5
vertex -94.64131164550781 13.987744331359863 -1
endloop
endfacet
facet normal 0.5982085979834547 0.378833583206639 0.7061385059133144
outer loop
vertex -95.06257629394531 13.720964431762695 -0.5
vertex -94.90570831298828 14.405247688293457 -1
vertex -94.99868774414062 14.552069664001465 -1
endloop
endfacet
facet normal 0.5965536539344829 0.37956602706775455 0.7071445178133094
outer loop
vertex -94.99868774414062 14.552069664001465 -1
vertex -95.40711975097656 14.262474060058594 -0.5
vertex -95.06257629394531 13.720964431762695 -0.5
endloop
endfacet
facet normal 0.5546831378821588 0.4385517893417272 0.7071060349158189
outer loop
vertex -95.40711975097656 14.262474060058594 -0.5
vertex -94.99868774414062 14.552069664001465 -1
vertex -95.7845458984375 15.546028137207031 -1
endloop
endfacet
facet normal 0.5546825698514732 0.4385517946148384 0.7071064772317321
outer loop
vertex -95.7845458984375 15.546028137207031 -1
vertex -96.1485366821289 15.20022201538086 -0.5
vertex -95.40711975097656 14.262474060058594 -0.5
endloop
endfacet
facet normal 0.46637801966852155 0.5314996185853381 0.707106567791382
outer loop
vertex -96.1485366821289 15.20022201538086 -0.5
vertex -96.28365325927734 15.983983039855957 -1
vertex -96.64998626708984 16.305431365966797 -1
endloop
endfacet
facet normal 0.46637830111660955 0.5314995713380032 0.707106417673538
outer loop
vertex -96.1485366821289 15.20022201538086 -0.5
vertex -95.7845458984375 15.546028137207031 -1
vertex -96.28365325927734 15.983983039855957 -1
endloop
endfacet
facet normal 0.4663788299986117 0.5314997125123624 0.7071059627300581
outer loop
vertex -96.64998626708984 16.305431365966797 -1
vertex -96.94586181640625 15.899856567382812 -0.5
vertex -96.1485366821289 15.20022201538086 -0.5
endloop
endfacet
facet normal 0.3637325726358264 0.6063791558107673 0.7071088565432795
outer loop
vertex -97.73657989501953 16.95722198486328 -1
vertex -97.95475006103516 16.50503158569336 -0.5
vertex -96.94586181640625 15.899856567382812 -0.5
endloop
endfacet
facet normal 0.36373579753119634 0.6063803135376067 0.707106204857784
outer loop
vertex -97.73657989501953 16.95722198486328 -1
vertex -96.94586181640625 15.899856567382812 -0.5
vertex -96.64998626708984 16.305431365966797 -1
endloop
endfacet
facet normal 0.24826255788655452 0.6620928218469958 0.7071059309681312
outer loop
vertex -97.95475006103516 16.50503158569336 -0.5
vertex -98.7861328125 17.350765228271484 -1
vertex -98.94798278808594 16.877460479736328 -0.5
endloop
endfacet
facet normal 0.2482595859747881 0.6620913384150375 0.707108363383867
outer loop
vertex -97.73657989501953 16.95722198486328 -1
vertex -98.7861328125 17.350765228271484 -1
vertex -97.95475006103516 16.50503158569336 -0.5
endloop
endfacet
facet normal 0.12577137342870562 0.6958318376654147 0.7071065091745579
outer loop
vertex -98.94798278808594 16.877460479736328 -0.5
vertex -99.0685806274414 17.407360076904297 -1
vertex -100.06155395507812 17.58683967590332 -1
endloop
endfacet
facet normal 0.12577041074823125 0.6958310166285517 0.7071074883480568
outer loop
vertex -100.06155395507812 17.58683967590332 -1
vertex -100.10569763183594 17.086715698242188 -0.5
vertex -98.94798278808594 16.877460479736328 -0.5
endloop
endfacet
facet normal 0.13949729852785872 0.6961889308169126 0.7041743223885926
outer loop
vertex -98.94798278808594 16.877460479736328 -0.5
vertex -98.7861328125 17.350765228271484 -1
vertex -99.0685806274414 17.407360076904297 -1
endloop
endfacet
facet normal -0.0019437480696081093 0.7071030673379328 0.7071078234645185
outer loop
vertex -101.21293640136719 17.583675384521484 -1
vertex -101.16869354248047 17.08379364013672 -0.5
vertex -100.10569763183594 17.086715698242188 -0.5
endloop
endfacet
facet normal -0.0019433001825166177 0.7071035653871317 0.7071073266493616
outer loop
vertex -100.10569763183594 17.086715698242188 -0.5
vertex -100.06155395507812 17.58683967590332 -1
vertex -101.21293640136719 17.583675384521484 -1
endloop
endfacet
facet normal -0.12227103928970261 0.6964537144167835 0.7071082071550869
outer loop
vertex -101.16869354248047 17.08379364013672 -0.5
vertex -115.3745346069336 15.097432136535645 -1
vertex -135.25482177734375 11.607202529907227 -1
endloop
endfacet
facet normal -0.12227103779295966 0.6964537000972407 0.7071082215176793
outer loop
vertex -101.16869354248047 17.08379364013672 -0.5
vertex -101.21293640136719 17.583675384521484 -1
vertex -115.3745346069336 15.097432136535645 -1
endloop
endfacet
facet normal -0.12227129959975817 0.6964554991774639 0.707106404270005
outer loop
vertex -101.16869354248047 17.08379364013672 -0.5
vertex -135.25482177734375 11.607202529907227 -1
vertex -135.1595916748047 11.1162748336792 -0.5
endloop
endfacet
facet normal -0.14699305510245622 0.6916595533961567 0.7071068546885083
outer loop
vertex -135.72836303710938 11.50656509399414 -1
vertex -135.5964813232422 11.023426055908203 -0.5
vertex -135.1595916748047 11.1162748336792 -0.5
endloop
endfacet
facet normal -0.14699226947262908 0.6916601543981306 0.7071064301314478
outer loop
vertex -135.1595916748047 11.1162748336792 -0.5
vertex -135.25482177734375 11.607202529907227 -1
vertex -135.72836303710938 11.50656509399414 -1
endloop
endfacet
facet normal -0.22480029938362925 0.6704209628502502 0.7071071757293756
outer loop
vertex -135.5964813232422 11.023426055908203 -0.5
vertex -135.72836303710938 11.50656509399414 -1
vertex -136.73031616210938 11.170598030090332 -1
endloop
endfacet
facet normal -0.2248000804637362 0.6704214184262125 0.7071068133873998
outer loop
vertex -136.73031616210938 11.170598030090332 -1
vertex -136.5320281982422 10.709726333618164 -0.5
vertex -135.5964813232422 11.023426055908203 -0.5
endloop
endfacet
facet normal -0.33220625653688585 0.6242164611739288 0.70710169899191
outer loop
vertex -136.5320281982422 10.709726333618164 -0.5
vertex -137.2574005126953 10.890076637268066 -1
vertex -137.74671936035156 10.62966251373291 -1
endloop
endfacet
facet normal -0.3322118296142743 0.6242078534814245 0.707106679304084
outer loop
vertex -136.5320281982422 10.709726333618164 -0.5
vertex -136.73031616210938 11.170598030090332 -1
vertex -137.2574005126953 10.890076637268066 -1
endloop
endfacet
facet normal -0.3322094721719947 0.6242035601864289 0.7071115768036838
outer loop
vertex -137.74671936035156 10.62966251373291 -1
vertex -137.47198486328125 10.209468841552734 -0.5
vertex -136.5320281982422 10.709726333618164 -0.5
endloop
endfacet
facet normal -0.4385461423058496 0.5546852601942746 0.7071078723871397
outer loop
vertex -138.7406768798828 9.843809127807617 -1
vertex -138.39486694335938 9.479818344116211 -0.5
vertex -137.47198486328125 10.209468841552734 -0.5
endloop
endfacet
facet normal -0.43854624823659183 0.5546789629006155 0.7071127465073072
outer loop
vertex -137.47198486328125 10.209468841552734 -0.5
vertex -137.74671936035156 10.62966251373291 -1
vertex -138.7406768798828 9.843809127807617 -1
endloop
endfacet
facet normal -0.5315001443038295 0.4663747826762681 0.7071083076082985
outer loop
vertex -138.39486694335938 9.479818344116211 -0.5
vertex -138.7406768798828 9.843809127807617 -1
vertex -139.5000762939453 8.978365898132324 -1
endloop
endfacet
facet normal -0.5315000274157426 0.46637377429712357 0.7071090605450623
outer loop
vertex -139.5000762939453 8.978365898132324 -1
vertex -139.09449768066406 8.682488441467285 -0.5
vertex -138.39486694335938 9.479818344116211 -0.5
endloop
endfacet
facet normal -0.6063847080080607 0.36375703552498473 0.7070915110507648
outer loop
vertex -139.09449768066406 8.682488441467285 -0.5
vertex -139.9360809326172 8.251493453979492 -1
vertex -140.15187072753906 7.891770839691162 -1
endloop
endfacet
facet normal -0.6063767966706232 0.3637349975153949 0.7071096322650041
outer loop
vertex -140.15187072753906 7.891770839691162 -1
vertex -139.69967651367188 7.673604488372803 -0.5
vertex -139.09449768066406 8.682488441467285 -0.5
endloop
endfacet
facet normal -0.6063809313691721 0.3637294287407894 0.707108951109908
outer loop
vertex -139.09449768066406 8.682488441467285 -0.5
vertex -139.5000762939453 8.978365898132324 -1
vertex -139.9360809326172 8.251493453979492 -1
endloop
endfacet
facet normal -0.6620913468896972 0.24825555650890413 0.7071097701462207
outer loop
vertex -140.15187072753906 7.891770839691162 -1
vertex -140.5561065673828 6.813683986663818 -1
vertex -139.69967651367188 7.673604488372803 -0.5
endloop
endfacet
facet normal -0.662091532653351 0.24825591605014322 0.7071094699796072
outer loop
vertex -140.5561065673828 6.813683986663818 -1
vertex -140.0720977783203 6.680367469787598 -0.5
vertex -139.69967651367188 7.673604488372803 -0.5
endloop
endfacet
facet normal -0.6958254411932154 0.125786541498509 0.7071101055465908
outer loop
vertex -140.6041717529297 6.547797203063965 -1
vertex -140.0720977783203 6.680367469787598 -0.5
vertex -140.5561065673828 6.813683986663818 -1
endloop
endfacet
facet normal -0.6958321065203694 0.1257731595433958 0.7071059269118714
outer loop
vertex -140.78147888183594 5.566797733306885 -1
vertex -140.28135681152344 5.522655010223389 -0.5
vertex -140.0720977783203 6.680367469787598 -0.5
endloop
endfacet
facet normal -0.6958244905353106 0.12576422968915638 0.7071150096709649
outer loop
vertex -140.0720977783203 6.680367469787598 -0.5
vertex -140.6041717529297 6.547797203063965 -1
vertex -140.78147888183594 5.566797733306885 -1
endloop
endfacet
facet normal -0.707103919871709 -0.0019201027332501155 0.7071070355381549
outer loop
vertex -140.28135681152344 5.522655010223389 -0.5
vertex -140.78147888183594 5.566797733306885 -1
vertex -140.28065490722656 5.264169216156006 -0.5
endloop
endfacet
facet normal -0.7071084439226039 -0.001935131946486395 0.7071024705074247
outer loop
vertex -140.28065490722656 5.264169216156006 -0.5
vertex -140.78147888183594 5.566797733306885 -1
vertex -140.78041076660156 5.176502227783203 -1
endloop
endfacet
facet normal -0.7074161461634662 0.009253122586948291 0.7067367090151893
outer loop
vertex -135.72406005859375 -24.99909210205078 -1
vertex -135.22462463378906 -25.00554084777832 -0.5
vertex -135.7235870361328 -24.962928771972656 -1
endloop
endfacet
facet normal -0.7072789292938887 0.01198882949967722 0.7068329251981108
outer loop
vertex -135.22462463378906 -25.00554084777832 -0.5
vertex -135.222412109375 -24.87501335144043 -0.5
vertex -135.7235870361328 -24.962928771972656 -1
endloop
endfacet
facet normal -0.7057623929977447 0.06165481546356428 0.7057606735716087
outer loop
vertex -135.72406005859375 -24.99909210205078 -1
vertex -135.23135375976562 -25.082569122314453 -0.5
vertex -135.22462463378906 -25.00554084777832 -0.5
endloop
endfacet
facet normal -0.6973611045726592 0.11815129351419781 0.7069142534071035
outer loop
vertex -135.80162048339844 -25.45687484741211 -1
vertex -135.23135375976562 -25.082569122314453 -0.5
vertex -135.72406005859375 -24.99909210205078 -1
endloop
endfacet
facet normal -0.6973612456853335 0.11815180970108788 0.7069140279274119
outer loop
vertex -135.23135375976562 -25.082569122314453 -0.5
vertex -135.80162048339844 -25.45687484741211 -1
vertex -135.3089141845703 -25.54034996032715 -0.5
endloop
endfacet
facet normal -0.6857613055990539 0.17859526602400455 0.7055743495173957
outer loop
vertex -135.80162048339844 -25.45687484741211 -1
vertex -135.3294219970703 -25.619094848632812 -0.5
vertex -135.3089141845703 -25.54034996032715 -0.5
endloop
endfacet
facet normal -0.6687479361385024 0.22974078388600516 0.7071035073664516
outer loop
vertex -135.79815673828125 -26.985708236694336 -0.5
vertex -135.80162048339844 -25.45687484741211 -1
vertex -136.2839813232422 -26.86096954345703 -1
endloop
endfacet
facet normal -0.669335145137051 0.2295752688946119 0.7066014855605169
outer loop
vertex -135.80162048339844 -25.45687484741211 -1
vertex -135.79815673828125 -26.985708236694336 -0.5
vertex -135.3294219970703 -25.619094848632812 -0.5
endloop
endfacet
facet normal -0.6967096711867263 0.12083486789023824 0.7071029407213865
outer loop
vertex -136.2839813232422 -26.86096954345703 -1
vertex -135.98080444335938 -28.038818359375 -0.5
vertex -135.79815673828125 -26.985708236694336 -0.5
endloop
endfacet
facet normal -0.6967038754631282 0.12083851896219305 0.7071080272841497
outer loop
vertex -135.98080444335938 -28.038818359375 -0.5
vertex -136.2839813232422 -26.86096954345703 -1
vertex -136.48074340820312 -27.99541664123535 -1
endloop
endfacet
facet normal -0.7071048489387246 0.0010302639120500653 0.7071079628766849
outer loop
vertex -135.98080444335938 -28.038818359375 -0.5
vertex -136.48074340820312 -27.99541664123535 -1
vertex -136.50633239746094 -45.55800247192383 -1
endloop
endfacet
facet normal -0.7071042348850195 0.001030227965524027 0.7071085769795259
outer loop
vertex -136.50633239746094 -45.55800247192383 -1
vertex -136.00631713867188 -45.54963684082031 -0.5
vertex -135.98080444335938 -28.038818359375 -0.5
endloop
endfacet
facet normal -0.706683714165681 -0.024675081979520546 0.707099192802751
outer loop
vertex -136.00631713867188 -45.54963684082031 -0.5
vertex -136.4894256591797 -46.04182052612305 -1
vertex -135.99073791503906 -45.995819091796875 -0.5
endloop
endfacet
facet normal -0.7066737486554228 -0.02469429988205341 0.7071084814331019
outer loop
vertex -136.4894256591797 -46.04182052612305 -1
vertex -136.00631713867188 -45.54963684082031 -0.5
vertex -136.50633239746094 -45.55800247192383 -1
endloop
endfacet
facet normal -0.6992667788488947 -0.10500524047843714 0.7071066903023593
outer loop
vertex -136.33250427246094 -47.086883544921875 -1
vertex -135.84420776367188 -46.971614837646484 -0.5
vertex -135.99073791503906 -45.995819091796875 -0.5
endloop
endfacet
facet normal -0.6992747111077854 -0.10499944473013476 0.7070997065559331
outer loop
vertex -136.41893005371094 -46.51130676269531 -1
vertex -135.99073791503906 -45.995819091796875 -0.5
vertex -136.4894256591797 -46.04182052612305 -1
endloop
endfacet
facet normal -0.699274588827657 -0.10499963604145833 0.707099799074411
outer loop
vertex -135.99073791503906 -45.995819091796875 -0.5
vertex -136.41893005371094 -46.51130676269531 -1
vertex -136.33250427246094 -47.086883544921875 -1
endloop
endfacet
facet normal -0.672405614549062 -0.21879374374239066 0.7071067721511989
outer loop
vertex -136.33250427246094 -47.086883544921875 -1
vertex -135.9762420654297 -48.1817626953125 -1
vertex -135.84420776367188 -46.971614837646484 -0.5
endloop
endfacet
facet normal -0.6723950688187565 -0.2187984375810514 0.7071153478325233
outer loop
vertex -135.9762420654297 -48.1817626953125 -1
vertex -135.5147247314453 -47.98415756225586 -0.5
vertex -135.84420776367188 -46.971614837646484 -0.5
endloop
endfacet
facet normal -0.6223836017876236 -0.3356006431456724 0.7071144607106234
outer loop
vertex -135.7010955810547 -48.69203186035156 -1
vertex -135.5147247314453 -47.98415756225586 -0.5
vertex -135.9762420654297 -48.1817626953125 -1
endloop
endfacet
facet normal -0.6223971981129015 -0.3355916314619174 0.7071067703493852
outer loop
vertex -135.5147247314453 -47.98415756225586 -0.5
vertex -135.7010955810547 -48.69203186035156 -1
vertex -134.9563751220703 -49.01968765258789 -0.5
endloop
endfacet
facet normal -0.6223979847815343 -0.335601947368693 0.7071011819126213
outer loop
vertex -134.9563751220703 -49.01968765258789 -0.5
vertex -135.7010955810547 -48.69203186035156 -1
vertex -135.37486267089844 -49.297054290771484 -1
endloop
endfacet
facet normal -0.5515721013715112 -0.44246467555271535 0.707101992555986
outer loop
vertex -134.9563751220703 -49.01968765258789 -0.5
vertex -135.37486267089844 -49.297054290771484 -1
vertex -134.65440368652344 -50.19517135620117 -1
endloop
endfacet
facet normal -0.5515586723587574 -0.4424654699506387 0.7071119705161306
outer loop
vertex -134.65440368652344 -50.19517135620117 -1
vertex -134.2926025390625 -49.84711837768555 -0.5
vertex -134.9563751220703 -49.01968765258789 -0.5
endloop
endfacet
facet normal -0.46347898972039625 -0.5340233028288874 0.7071112629024425
outer loop
vertex -134.2926025390625 -49.84711837768555 -0.5
vertex -134.65440368652344 -50.19517135620117 -1
vertex -133.6974639892578 -51.025699615478516 -1
endloop
endfacet
facet normal -0.4634766495544604 -0.5340229006991284 0.7071131004631868
outer loop
vertex -133.6974639892578 -51.025699615478516 -1
vertex -133.4040985107422 -50.618247985839844 -0.5
vertex -134.2926025390625 -49.84711837768555 -0.5
endloop
endfacet
facet normal -0.3594334074618886 -0.6089381546249605 0.7071081596490623
outer loop
vertex -132.70591735839844 -51.610965728759766 -1
vertex -132.4906005859375 -51.15745162963867 -0.5
vertex -133.4040985107422 -50.618247985839844 -0.5
endloop
endfacet
facet normal -0.3594259076366928 -0.6089381416171211 0.7071119830715831
outer loop
vertex -133.20423889160156 -51.31682586669922 -1
vertex -133.4040985107422 -50.618247985839844 -0.5
vertex -133.6974639892578 -51.025699615478516 -1
endloop
endfacet
facet normal -0.3594323697632253 -0.6089378308961527 0.7071089659096966
outer loop
vertex -133.4040985107422 -50.618247985839844 -0.5
vertex -133.20423889160156 -51.31682586669922 -1
vertex -132.70591735839844 -51.610965728759766 -1
endloop
endfacet
facet normal -0.24466151444584905 -0.6634330485150559 0.7071048956746679
outer loop
vertex -131.51708984375 -52.04937744140625 -1
vertex -131.3867950439453 -51.56451416015625 -0.5
vertex -132.4906005859375 -51.15745162963867 -0.5
endloop
endfacet
facet normal -0.2446577322433699 -0.6634308239774185 0.707108291459077
outer loop
vertex -132.4906005859375 -51.15745162963867 -0.5
vertex -132.70591735839844 -51.610965728759766 -1
vertex -131.51708984375 -52.04937744140625 -1
endloop
endfacet
facet normal -0.12084013322211257 -0.6967054515186073 0.7071061985494935
outer loop
vertex -130.3826446533203 -52.24614334106445 -1
vertex -130.3394775390625 -51.74616622924805 -0.5
vertex -131.3867950439453 -51.56451416015625 -0.5
endloop
endfacet
facet normal -0.12084152742360933 -0.6967065422820871 0.7071048855659728
outer loop
vertex -131.3867950439453 -51.56451416015625 -0.5
vertex -131.51708984375 -52.04937744140625 -1
vertex -130.3826446533203 -52.24614334106445 -1
endloop
endfacet
facet normal -0.000345008916176149 -0.7071067391026788 0.7071067391026788
outer loop
vertex -130.3394775390625 -51.74616622924805 -0.5
vertex -125.29664611816406 -52.248626708984375 -1
vertex -125.29664611816406 -51.748626708984375 -0.5
endloop
endfacet
facet normal -0.00038440670441321917 -0.7085880011729841 0.7056223471696178
outer loop
vertex -116.29664611816406 -51.75301742553711 -0.5
vertex -77.9485092163086 -52.271728515625 -1
vertex -77.92443084716797 -51.773834228515625 -0.5
endloop
endfacet
facet normal -0.0003450164458036619 -0.7071067391008419 0.7071067391008419
outer loop
vertex -116.29664611816406 -52.25301742553711 -1
vertex -77.9485092163086 -52.271728515625 -1
vertex -116.29664611816406 -51.75301742553711 -0.5
endloop
endfacet
facet normal -0.00034526344418629696 -0.7071080194310276 0.7071054586477774
outer loop
vertex -125.29664611816406 -52.248626708984375 -1
vertex -130.3394775390625 -51.74616622924805 -0.5
vertex -130.3826446533203 -52.24614334106445 -1
endloop
endfacet
facet normal -0.03419607358058894 -0.7073590204071988 0.7060268017577229
outer loop
vertex -77.92443084716797 -51.773834228515625 -0.5
vertex -77.9485092163086 -52.271728515625 -1
vertex -77.65907287597656 -52.28572082519531 -1
endloop
endfacet
facet normal -0.03420550497432869 -0.7073612658550601 0.7060240951960338
outer loop
vertex -77.65907287597656 -52.28572082519531 -1
vertex -77.63499450683594 -51.7878303527832 -0.5
vertex -77.92443084716797 -51.773834228515625 -0.5
endloop
endfacet
facet normal -0.06174107980144821 -0.7057599582324541 0.7057555670490143
outer loop
vertex -77.63499450683594 -51.7878303527832 -0.5
vertex -77.65907287597656 -52.28572082519531 -1
vertex -77.57246398925781 -51.79330062866211 -0.5
endloop
endfacet
facet normal -0.12248403984590878 -0.696432991536696 0.7070917537931511
outer loop
vertex -77.57246398925781 -51.79330062866211 -0.5
vertex -77.65907287597656 -52.28572082519531 -1
vertex -77.2017822265625 -52.366146087646484 -1
endloop
endfacet
facet normal -0.12248008837359928 -0.696431937847303 0.707093476068225
outer loop
vertex -77.57246398925781 -51.79330062866211 -0.5
vertex -77.2017822265625 -52.366146087646484 -1
vertex -77.11518096923828 -51.873722076416016 -0.5
endloop
endfacet
facet normal -0.1830212907701478 -0.6844164518698825 0.7057459369593776
outer loop
vertex -77.11518096923828 -51.873722076416016 -0.5
vertex -77.2017822265625 -52.366146087646484 -1
vertex -77.04047393798828 -51.893699645996094 -0.5
endloop
endfacet
facet normal -0.22865445962632328 -0.6696957024643428 0.706558422350045
outer loop
vertex -76.76238250732422 -52.516170501708984 -1
vertex -77.04047393798828 -51.893699645996094 -0.5
vertex -77.2017822265625 -52.366146087646484 -1
endloop
endfacet
facet normal -0.22865445962632328 -0.6696957024643428 0.706558422350045
outer loop
vertex -76.76238250732422 -52.516170501708984 -1
vertex -76.60107421875 -52.043724060058594 -0.5
vertex -77.04047393798828 -51.893699645996094 -0.5
endloop
endfacet
facet normal -0.2841258888387016 -0.649451770941345 0.7053260781459654
outer loop
vertex -76.60107421875 -52.043724060058594 -0.5
vertex -76.76238250732422 -52.516170501708984 -1
vertex -76.53419494628906 -52.07298278808594 -0.5
endloop
endfacet
facet normal -0.3241747193017943 -0.6296272260617358 0.7060313785997097
outer loop
vertex -76.27078247070312 -52.76927947998047 -1
vertex -76.53419494628906 -52.07298278808594 -0.5
vertex -76.76238250732422 -52.516170501708984 -1
endloop
endfacet
facet normal -0.3218622336685316 -0.6295566707276887 0.7071513988391539
outer loop
vertex -76.53419494628906 -52.07298278808594 -0.5
vertex -76.27078247070312 -52.76927947998047 -1
vertex -76.06194305419922 -52.314422607421875 -0.5
endloop
endfacet
facet normal -0.2658103008327084 -0.6552426270330124 0.707108183865879
outer loop
vertex -75.09663391113281 -53.2455940246582 -1
vertex -74.95085144042969 -52.76515579223633 -0.5
vertex -76.06194305419922 -52.314422607421875 -0.5
endloop
endfacet
facet normal -0.26581119416297455 -0.6552431250137103 0.7071073865969162
outer loop
vertex -76.06194305419922 -52.314422607421875 -0.5
vertex -76.27078247070312 -52.76927947998047 -1
vertex -75.09663391113281 -53.2455940246582 -1
endloop
endfacet
facet normal -0.1431256520794988 -0.69247030866101 0.707106724151131
outer loop
vertex -73.96907806396484 -53.47864532470703 -1
vertex -73.91204071044922 -52.97986602783203 -0.5
vertex -74.95085144042969 -52.76515579223633 -0.5
endloop
endfacet
facet normal -0.1431245442244034 -0.6924694978301541 0.7071077424377498
outer loop
vertex -74.95085144042969 -52.76515579223633 -0.5
vertex -75.09663391113281 -53.2455940246582 -1
vertex -73.96907806396484 -53.47864532470703 -1
endloop
endfacet
facet normal -0.016893526269948007 -0.7069043569757492 0.7071073743490937
outer loop
vertex -72.70234680175781 -53.50891876220703 -1
vertex -72.73831939697266 -53.00791549682617 -0.5
vertex -73.91204071044922 -52.97986602783203 -0.5
endloop
endfacet
facet normal -0.016898207145100392 -0.7069049018251803 0.7071067178091394
outer loop
vertex -73.91204071044922 -52.97986602783203 -0.5
vertex -73.96907806396484 -53.47864532470703 -1
vertex -73.70704650878906 -53.48490905761719 -1
endloop
endfacet
facet normal -0.016893161683472335 -0.706903932562156 0.7071078073508273
outer loop
vertex -73.70704650878906 -53.48490905761719 -1
vertex -72.70234680175781 -53.50891876220703 -1
vertex -73.91204071044922 -52.97986602783203 -0.5
endloop
endfacet
facet normal 0.1177109142036835 -0.6972396898529793 0.7071074568769972
outer loop
vertex -72.70234680175781 -53.50891876220703 -1
vertex -67.83003997802734 -52.68635559082031 -1
vertex -72.73831939697266 -53.00791549682617 -0.5
endloop
endfacet
facet normal 0.11770339163383443 -0.6974584885968714 0.7068928973204215
outer loop
vertex -67.83003997802734 -52.68635559082031 -1
vertex -67.91322326660156 -52.19363021850586 -0.5
vertex -72.73831939697266 -53.00791549682617 -0.5
endloop
endfacet
facet normal 0.0831880440536356 -0.7028466312919025 0.7064604463154004
outer loop
vertex -67.91322326660156 -52.19363021850586 -0.5
vertex -67.83003997802734 -52.68635559082031 -1
vertex -67.43370819091797 -52.63944625854492 -1
endloop
endfacet
facet normal 0.08462778949762392 -0.7020236665485806 0.7071074238405597
outer loop
vertex -67.43370819091797 -52.63944625854492 -1
vertex -67.49247741699219 -52.14291000366211 -0.5
vertex -67.91322326660156 -52.19363021850586 -0.5
endloop
endfacet
facet normal 0.04165550718349741 -0.7064920821870707 0.7064939890248629
outer loop
vertex -67.49247741699219 -52.14291000366211 -0.5
vertex -67.43370819091797 -52.63944625854492 -1
vertex -67.43373107910156 -52.13944625854492 -0.5
endloop
endfacet
facet normal 0.000029104173380963257 -0.7071062013990961 0.7071073603745672
outer loop
vertex 29.80826759338379 -52.63544464111328 -1
vertex 29.78835678100586 -52.13544464111328 -0.5
vertex -67.43373107910156 -52.13944625854492 -0.5
endloop
endfacet
facet normal 0.000029098244816012492 -0.7071067802211852 0.7071067815531972
outer loop
vertex -67.43373107910156 -52.13944625854492 -0.5
vertex -67.43370819091797 -52.63944625854492 -1
vertex 29.80826759338379 -52.63544464111328 -1
endloop
endfacet
facet normal 0.05619562962139891 -0.7048696075314318 0.7071074088071344
outer loop
vertex 29.78835678100586 -52.13544464111328 -0.5
vertex 29.80826759338379 -52.63544464111328 -1
vertex 30.37282943725586 -52.59043502807617 -1
endloop
endfacet
facet normal 0.05621467329873265 -0.7048695424179977 0.7071059600069562
outer loop
vertex 30.441707611083984 -52.58494186401367 -1
vertex 30.357864379882812 -52.09004211425781 -0.5
vertex 30.37282943725586 -52.59043502807617 -1
endloop
endfacet
facet normal 0.05619399952558861 -0.7048706747751387 0.7071064744855323
outer loop
vertex 29.78835678100586 -52.13544464111328 -0.5
vertex 30.37282943725586 -52.59043502807617 -1
vertex 30.357864379882812 -52.09004211425781 -0.5
endloop
endfacet
facet normal 0.1791066281092553 -0.6840490499040959 0.707105164096994
outer loop
vertex 31.394372940063477 -52.33550262451172 -1
vertex 30.357864379882812 -52.09004211425781 -0.5
vertex 30.441707611083984 -52.58494186401367 -1
endloop
endfacet
facet normal 0.1791066853801568 -0.6840489585451861 0.7071052379705441
outer loop
vertex 31.394372940063477 -52.33550262451172 -1
vertex 31.267724990844727 -51.851810455322266 -0.5
vertex 30.357864379882812 -52.09004211425781 -0.5
endloop
endfacet
facet normal 0.11953145275943322 -0.698276051804973 0.7057781430994289
outer loop
vertex 31.267724990844727 -51.851810455322266 -0.5
vertex 31.394372940063477 -52.33550262451172 -1
vertex 31.330188751220703 -51.84111785888672 -0.5
endloop
endfacet
facet normal 0.09115913525971805 -0.7022523800432846 0.7060677069391027
outer loop
vertex 31.330188751220703 -51.84111785888672 -0.5
vertex 31.394372940063477 -52.33550262451172 -1
vertex 31.51150894165039 -52.32029724121094 -1
endloop
endfacet
facet normal 0.09117209935295784 -0.7022491156555218 0.706069279788189
outer loop
vertex 31.330188751220703 -51.84111785888672 -0.5
vertex 31.51150894165039 -52.32029724121094 -1
vertex 31.854814529418945 -52.275726318359375 -1
endloop
endfacet
facet normal 0.0932486601255764 -0.7009335222603642 0.7071045783732872
outer loop
vertex 31.854814529418945 -52.275726318359375 -1
vertex 31.790441513061523 -51.77988815307617 -0.5
vertex 31.330188751220703 -51.84111785888672 -0.5
endloop
endfacet
facet normal 0.04562786227278044 -0.7063729385278287 0.7063677299395665
outer loop
vertex 31.790441513061523 -51.77988815307617 -0.5
vertex 31.854814529418945 -52.275726318359375 -1
vertex 31.854753494262695 -51.775733947753906 -0.5
endloop
endfacet
facet normal 0.00006589773642506296 -0.7067215873214505 0.7074917622639417
outer loop
vertex 64.69959259033203 -52.273216247558594 -1
vertex 64.70612335205078 -51.77267074584961 -0.5
vertex 31.854753494262695 -51.775733947753906 -0.5
endloop
endfacet
facet normal 0.00005403908078482686 -0.7071121716729902 0.7071013885940867
outer loop
vertex 31.854753494262695 -51.775733947753906 -0.5
vertex 31.854814529418945 -52.275726318359375 -1
vertex 64.69959259033203 -52.273216247558594 -1
endloop
endfacet
facet normal -0.04342900174966546 -0.70577068779694 0.7071079536065633
outer loop
vertex 65.04322052001953 -52.29436111450195 -1
vertex 65.07392883300781 -51.79530334472656 -0.5
vertex 64.70612335205078 -51.77267074584961 -0.5
endloop
endfacet
facet normal -0.04342902940125462 -0.7057706960968819 0.7071079436240182
outer loop
vertex 64.70612335205078 -51.77267074584961 -0.5
vertex 64.69959259033203 -52.273216247558594 -1
vertex 65.04322052001953 -52.29436111450195 -1
endloop
endfacet
facet normal -0.08344887051373447 -0.7027374389177317 0.7065383060764145
outer loop
vertex 65.07392883300781 -51.79530334472656 -0.5
vertex 65.04322052001953 -52.29436111450195 -1
vertex 65.1297607421875 -51.80193328857422 -0.5
endloop
endfacet
facet normal -0.1223956275076768 -0.6964340938471448 0.7071059774137879
outer loop
vertex 65.1297607421875 -51.80193328857422 -0.5
vertex 71.98517608642578 -53.514408111572266 -1
vertex 72.05442810058594 -53.018917083740234 -0.5
endloop
endfacet
facet normal -0.12240104491737815 -0.6964507245528391 0.7070886595561827
outer loop
vertex 65.04322052001953 -52.29436111450195 -1
vertex 71.98517608642578 -53.514408111572266 -1
vertex 65.1297607421875 -51.80193328857422 -0.5
endloop
endfacet
facet normal -0.07324346174839737 -0.7033027816473006 0.7071072002449702
outer loop
vertex 72.9449691772461 -53.61436462402344 -1
vertex 72.95548248291016 -53.112754821777344 -0.5
vertex 72.05442810058594 -53.018917083740234 -0.5
endloop
endfacet
facet normal -0.07324473539068406 -0.7033037592351132 0.7071060959879405
outer loop
vertex 72.05442810058594 -53.018917083740234 -0.5
vertex 71.98517608642578 -53.514408111572266 -1
vertex 72.9449691772461 -53.61436462402344 -1
endloop
endfacet
facet normal 0.043698249608699766 -0.7057542993751927 0.7071077229776003
outer loop
vertex 72.95548248291016 -53.112754821777344 -0.5
vertex 72.9449691772461 -53.61436462402344 -1
vertex 74.20963287353516 -53.53606033325195 -1
endloop
endfacet
facet normal 0.043698352197381385 -0.7057541564448686 0.7071078592944826
outer loop
vertex 74.20963287353516 -53.53606033325195 -1
vertex 74.1517562866211 -53.0386848449707 -0.5
vertex 72.95548248291016 -53.112754821777344 -0.5
endloop
endfacet
facet normal 0.11952022271262336 -0.6969313163321423 0.7071079526340177
outer loop
vertex 74.1517562866211 -53.0386848449707 -0.5
vertex 74.20963287353516 -53.53606033325195 -1
vertex 74.3228759765625 -53.516639709472656 -1
endloop
endfacet
facet normal 0.11952610098080484 -0.6969297683750463 0.7071084847016267
outer loop
vertex 74.1517562866211 -53.0386848449707 -0.5
vertex 74.3228759765625 -53.516639709472656 -1
vertex 74.21405792236328 -53.02799987792969 -0.5
endloop
endfacet
facet normal 0.2499970553152788 -0.581094828950114 -0.7744871026047673
outer loop
vertex 75.28633117675781 -51.90310287475586 -17.210979461669922
vertex 77.24748992919922 -51.16910934448242 -17.12864875793457
vertex 77.47677612304688 -52.33550262451172 -16.17949676513672
endloop
endfacet
facet normal 0.25150808403438296 -0.5779274975949135 -0.776365565432313
outer loop
vertex 75.60150146484375 -53.152671813964844 -16.178699493408203
vertex 75.54460144042969 -52.95823287963867 -16.341873168945312
vertex 76.7474136352539 -52.5899543762207 -16.226362228393555
endloop
endfacet
facet normal 0.2515079836298254 -0.5779254841952176 -0.7763670967320696
outer loop
vertex 77.03106689453125 -52.465614318847656 -16.227031707763672
vertex 75.28633117675781 -51.90310287475586 -17.210979461669922
vertex 77.47677612304688 -52.33550262451172 -16.17949676513672
endloop
endfacet
facet normal 0.2326042964965081 -0.5859469902873785 -0.7762482630090242
outer loop
vertex 77.47677612304688 -52.33550262451172 -16.17949676513672
vertex 77.24748992919922 -51.16910934448242 -17.12864875793457
vertex 77.63899993896484 -52.3144416809082 -16.14678382873535
endloop
endfacet
facet normal 0.2515078964324083 -0.5779266733774693 -0.7763662397547931
outer loop
vertex 75.54460144042969 -52.95823287963867 -16.341873168945312
vertex 75.28633117675781 -51.90310287475586 -17.210979461669922
vertex 76.7474136352539 -52.5899543762207 -16.226362228393555
endloop
endfacet
facet normal 0.2515048051443413 -0.5779305490236727 -0.7763643561463286
outer loop
vertex 76.7474136352539 -52.5899543762207 -16.226362228393555
vertex 75.28633117675781 -51.90310287475586 -17.210979461669922
vertex 77.03106689453125 -52.465614318847656 -16.227031707763672
endloop
endfacet
facet normal 0.00028477524644616314 -0.6238788721177866 -0.7815209989681005
outer loop
vertex 129.77613830566406 -52.271728515625 -16.04718780517578
vertex 130.25994873046875 -52.03244400024414 -16.23802947998047
vertex 130.25994873046875 -52.254825592041016 -16.060504913330078
endloop
endfacet
facet normal 0.00028420725766085925 -0.6238799782873498 -0.7815201161316391
outer loop
vertex 78.3045883178711 -52.275596618652344 -16.062820434570312
vertex 78.30411529541016 -50.9686279296875 -17.10616111755371
vertex 89.17161560058594 -52.271728515625 -16.06195640563965
endloop
endfacet
facet normal 0.0002869004014349999 -0.623866279939801 -0.7815310502099284
outer loop
vertex 89.17161560058594 -52.271728515625 -16.06195640563965
vertex 78.30411529541016 -50.9686279296875 -17.10616111755371
vertex 90.54003143310547 -52.38361740112305 -15.972137451171875
endloop
endfacet
facet normal 0.00028404357416683576 -0.6238813459917647 -0.7815190243639318
outer loop
vertex 90.54003143310547 -52.38361740112305 -15.972137451171875
vertex 78.30411529541016 -50.9686279296875 -17.10616111755371
vertex 91.96354675292969 -52.275726318359375 -16.057748794555664
endloop
endfacet
facet normal 0.00028423796718218705 -0.6238801075002822 -0.7815200129710143
outer loop
vertex 91.96354675292969 -52.275726318359375 -16.057748794555664
vertex 78.30411529541016 -50.9686279296875 -17.10616111755371
vertex 129.77613830566406 -52.271728515625 -16.04718780517578
endloop
endfacet
facet normal 0.00028426771124974524 -0.6238793949001451 -0.7815205818216798
outer loop
vertex 129.77613830566406 -52.271728515625 -16.04718780517578
vertex 78.30411529541016 -50.9686279296875 -17.10616111755371
vertex 130.1430206298828 -50.94791793823242 -17.103837966918945
endloop
endfacet
facet normal 0.00028534612266691353 -0.6238795772609643 -0.781520435851981
outer loop
vertex 129.77613830566406 -52.271728515625 -16.04718780517578
vertex 130.1430206298828 -50.94791793823242 -17.103837966918945
vertex 130.25994873046875 -52.03244400024414 -16.23802947998047
endloop
endfacet
facet normal 0.20575869449254808 -0.5954323823076709 -0.776610351296024
outer loop
vertex 77.63899993896484 -52.3144416809082 -16.14678382873535
vertex 77.72368621826172 -51.02555465698242 -17.112545013427734
vertex 77.93721771240234 -52.275726318359375 -16.097455978393555
endloop
endfacet
facet normal 0.07370187263155636 -0.62216701915557 -0.7794076175183782
outer loop
vertex 77.93721771240234 -52.275726318359375 -16.097455978393555
vertex 78.30411529541016 -50.9686279296875 -17.10616111755371
vertex 78.3045883178711 -52.275596618652344 -16.062820434570312
endloop
endfacet
facet normal 0.20576259554365325 -0.5954320532263461 -0.7766095700323276
outer loop
vertex 77.24748992919922 -51.16910934448242 -17.12864875793457
vertex 77.72368621826172 -51.02555465698242 -17.112545013427734
vertex 77.63899993896484 -52.3144416809082 -16.14678382873535
endloop
endfacet
facet normal 0.06954865763907235 -0.6216275945982076 -0.780219275495453
outer loop
vertex 78.30411529541016 -50.9686279296875 -17.10616111755371
vertex 77.93721771240234 -52.275726318359375 -16.097455978393555
vertex 77.72368621826172 -51.02555465698242 -17.112545013427734
endloop
endfacet
facet normal 0.055971820293538296 -0.6229008729762775 -0.7802958783553962
outer loop
vertex 130.25994873046875 -52.03244400024414 -16.23802947998047
vertex 130.295166015625 -52.249534606933594 -16.06220245361328
vertex 130.25994873046875 -52.254825592041016 -16.060504913330078
endloop
endfacet
facet normal 0.16587804253368996 -0.60427094531 -0.7793209221234538
outer loop
vertex 130.1430206298828 -50.94791793823242 -17.103837966918945
vertex 132.04481506347656 -50.49183654785156 -17.05267906188965
vertex 132.39988708496094 -51.519248962402344 -16.180465698242188
endloop
endfacet
facet normal 0.16587950882171174 -0.604268481269363 -0.7793225205891878
outer loop
vertex 132.39988708496094 -51.74163055419922 -16.00803565979004
vertex 130.1430206298828 -50.94791793823242 -17.103837966918945
vertex 132.45407104492188 -51.71241760253906 -16.019153594970703
endloop
endfacet
facet normal 0.16587713085214215 -0.6042720844621325 -0.7793202328953425
outer loop
vertex 131.3050079345703 -52.097900390625 -15.96483325958252
vertex 130.1430206298828 -50.94791793823242 -17.103837966918945
vertex 132.39988708496094 -51.74163055419922 -16.00803565979004
endloop
endfacet
facet normal 0.16587848445824208 -0.6042701030636437 -0.7793214811214241
outer loop
vertex 130.1430206298828 -50.94791793823242 -17.103837966918945
vertex 132.39988708496094 -51.519248962402344 -16.180465698242188
vertex 132.45407104492188 -51.71241760253906 -16.019153594970703
endloop
endfacet
facet normal 0.16587981856451245 -0.6042702278866298 -0.7793211003706012
outer loop
vertex 130.25994873046875 -52.03244400024414 -16.23802947998047
vertex 130.1430206298828 -50.94791793823242 -17.103837966918945
vertex 131.3050079345703 -52.097900390625 -15.96483325958252
endloop
endfacet
facet normal 0.1658779554515265 -0.6042776403726348 -0.779315749385897
outer loop
vertex 130.295166015625 -52.249534606933594 -16.06220245361328
vertex 130.25994873046875 -52.03244400024414 -16.23802947998047
vertex 131.3050079345703 -52.097900390625 -15.96483325958252
endloop
endfacet
facet normal 0.3372359992744104 -0.5388036419218011 -0.7719860855256352
outer loop
vertex 133.5151824951172 -51.140262603759766 -15.957795143127441
vertex 132.04481506347656 -50.49183654785156 -17.05267906188965
vertex 133.6016082763672 -51.070926666259766 -15.968433380126953
endloop
endfacet
facet normal 0.3372103344803621 -0.5388426505533036 -0.771970069539184
outer loop
vertex 132.04481506347656 -50.49183654785156 -17.05267906188965
vertex 133.5151824951172 -50.917884826660156 -16.11301040649414
vertex 133.6016082763672 -51.070926666259766 -15.968433380126953
endloop
endfacet
facet normal 0.3372228750311405 -0.538821746397467 -0.7719791824686179
outer loop
vertex 132.39988708496094 -51.519248962402344 -16.180465698242188
vertex 132.04481506347656 -50.49183654785156 -17.05267906188965
vertex 133.5151824951172 -51.140262603759766 -15.957795143127441
endloop
endfacet
facet normal 0.33722356699644973 -0.5388196469820288 -0.7719803455324188
outer loop
vertex 132.04481506347656 -50.49183654785156 -17.05267906188965
vertex 132.92724609375 -50.01602554321289 -16.999309539794922
vertex 133.5151824951172 -50.917884826660156 -16.11301040649414
endloop
endfacet
facet normal 0.33843005929148867 -0.5454154126916573 -0.7668031837221001
outer loop
vertex 132.39988708496094 -51.519248962402344 -16.180465698242188
vertex 133.5151824951172 -51.140262603759766 -15.957795143127441
vertex 132.45407104492188 -51.71241760253906 -16.019153594970703
endloop
endfacet
facet normal 0.4940073737135289 -0.4239450055470175 -0.7590964016436919
outer loop
vertex 134.41329956054688 -50.419795989990234 -15.806710243225098
vertex 132.92724609375 -50.01602554321289 -16.999309539794922
vertex 135.2438201904297 -49.462852478027344 -15.800661087036133
endloop
endfacet
facet normal 0.4962320654808471 -0.43147765231280427 -0.7533795675111205
outer loop
vertex 133.6016082763672 -51.070926666259766 -15.968433380126953
vertex 133.5151824951172 -50.917884826660156 -16.11301040649414
vertex 134.41329956054688 -50.419795989990234 -15.806710243225098
endloop
endfacet
facet normal 0.4940057937984645 -0.42394834632745626 -0.7590955640364158
outer loop
vertex 133.5151824951172 -50.917884826660156 -16.11301040649414
vertex 132.92724609375 -50.01602554321289 -16.999309539794922
vertex 134.41329956054688 -50.419795989990234 -15.806710243225098
endloop
endfacet
facet normal 0.49400731353129795 -0.42394660856217803 -0.759095545544971
outer loop
vertex 135.2438201904297 -49.462852478027344 -15.800661087036133
vertex 132.92724609375 -50.01602554321289 -16.999309539794922
vertex 135.32650756835938 -49.3227653503418 -15.82508659362793
endloop
endfacet
facet normal 0.49400733018137677 -0.4239480143297202 -0.7590947496017578
outer loop
vertex 132.92724609375 -50.01602554321289 -16.999309539794922
vertex 135.2438201904297 -49.24047088623047 -15.924859046936035
vertex 135.32650756835938 -49.3227653503418 -15.82508659362793
endloop
endfacet
facet normal 0.4940075672073534 -0.42395208789136085 -0.7590923202841853
outer loop
vertex 132.92724609375 -50.01602554321289 -16.999309539794922
vertex 134.4302215576172 -48.55760192871094 -16.83572006225586
vertex 135.2438201904297 -49.24047088623047 -15.924859046936035
endloop
endfacet
facet normal 0.6407931212954429 -0.218295386294598 -0.7360239806031702
outer loop
vertex 135.2438201904297 -49.24047088623047 -15.924859046936035
vertex 134.4302215576172 -48.55760192871094 -16.83572006225586
vertex 135.82908630371094 -48.4713134765625 -15.643440246582031
endloop
endfacet
facet normal 0.6488539768138655 -0.2281295076410022 -0.7259100801864552
outer loop
vertex 135.2438201904297 -49.24047088623047 -15.924859046936035
vertex 135.82908630371094 -48.4713134765625 -15.643440246582031
vertex 135.32650756835938 -49.3227653503418 -15.82508659362793
endloop
endfacet
facet normal 0.6407932920976611 -0.2182938292978019 -0.7360242936840765
outer loop
vertex 135.82908630371094 -48.4713134765625 -15.643440246582031
vertex 134.4302215576172 -48.55760192871094 -16.83572006225586
vertex 136.2675018310547 -47.28248596191406 -15.614337921142578
endloop
endfacet
facet normal 0.6407770749105126 -0.21829507577872723 -0.7360380426037006
outer loop
vertex 136.2675018310547 -47.06010437011719 -15.680292129516602
vertex 136.30323791503906 -47.07645797729492 -15.644330978393555
vertex 136.2675018310547 -47.28248596191406 -15.614337921142578
endloop
endfacet
facet normal 0.6407917045174069 -0.21829160378966472 -0.7360263358987995
outer loop
vertex 136.2675018310547 -47.06010437011719 -15.680292129516602
vertex 136.2675018310547 -47.28248596191406 -15.614337921142578
vertex 135.28851318359375 -46.72948455810547 -16.630664825439453
endloop
endfacet
facet normal 0.640792230559859 -0.21829045629765362 -0.7360262182446238
outer loop
vertex 134.4302215576172 -48.55760192871094 -16.83572006225586
vertex 135.28851318359375 -46.72948455810547 -16.630664825439453
vertex 136.2675018310547 -47.28248596191406 -15.614337921142578
endloop
endfacet
facet normal 0.7070662306434267 0.07133394602715278 -0.7035402004348379
outer loop
vertex 136.2675018310547 -47.06010437011719 -15.680292129516602
vertex 135.28851318359375 -46.72948455810547 -16.630664825439453
vertex 136.4642791748047 -46.148040771484375 -15.39005184173584
endloop
endfacet
facet normal 0.7070638234298035 0.07134219173963854 -0.7035417836025181
outer loop
vertex 136.4642791748047 -46.148040771484375 -15.39005184173584
vertex 135.28851318359375 -46.72948455810547 -16.630664825439453
vertex 136.48985290527344 -28.585453033447266 -13.583427429199219
endloop
endfacet
facet normal 0.7070637523389871 0.07136462277612743 -0.7035395800836884
outer loop
vertex 135.49061584472656 -27.859722137451172 -14.514081001281738
vertex 136.43930053710938 -27.87751007080078 -13.562448501586914
vertex 136.47296142578125 -28.101634979248047 -13.551353454589844
endloop
endfacet
facet normal 0.707060898416194 0.07132605415631812 -0.7035463594741818
outer loop
vertex 136.48985290527344 -28.585453033447266 -13.583427429199219
vertex 135.49061584472656 -27.859722137451172 -14.514081001281738
vertex 136.47296142578125 -28.101634979248047 -13.551353454589844
endloop
endfacet
facet normal 0.722161249883132 0.06339097236730676 -0.6888139907039924
outer loop
vertex 136.30323791503906 -47.07645797729492 -15.644330978393555
vertex 136.2675018310547 -47.06010437011719 -15.680292129516602
vertex 136.4642791748047 -46.148040771484375 -15.39005184173584
endloop
endfacet
facet normal 0.7070660009575396 0.07134168859023914 -0.7035396461884761
outer loop
vertex 136.48985290527344 -28.585453033447266 -13.583427429199219
vertex 135.28851318359375 -46.72948455810547 -16.630664825439453
vertex 135.49061584472656 -27.859722137451172 -14.514081001281738
endloop
endfacet
facet normal 0.6935139922826256 0.21593797158472003 -0.6873202564569816
outer loop
vertex 135.70831298828125 -24.851896286010742 -13.349194526672363
vertex 134.83990478515625 -24.610671997070312 -14.149641990661621
vertex 135.72265625 -24.536394119262695 -13.235599517822266
endloop
endfacet
facet normal 0.6935002799232928 0.2160000227345438 -0.6873145945816888
outer loop
vertex 136.43930053710938 -27.87751007080078 -13.562448501586914
vertex 135.49061584472656 -27.859722137451172 -14.514081001281738
vertex 136.31602478027344 -27.056570053100586 -13.428839683532715
endloop
endfacet
facet normal 0.6935138026361687 0.2159885692630842 -0.6873045493089707
outer loop
vertex 135.49061584472656 -27.859722137451172 -14.514081001281738
vertex 134.83990478515625 -24.610671997070312 -14.149641990661621
vertex 135.88038635253906 -25.7615909576416 -13.461441993713379
endloop
endfacet
facet normal 0.6935033986464897 0.21599478829727237 -0.6873130927708159
outer loop
vertex 136.31602478027344 -27.056570053100586 -13.428839683532715
vertex 135.49061584472656 -27.859722137451172 -14.514081001281738
vertex 135.88038635253906 -25.7615909576416 -13.461441993713379
endloop
endfacet
facet normal 0.6935122916189098 0.2159857645158136 -0.6873069553700208
outer loop
vertex 135.88038635253906 -25.7615909576416 -13.461441993713379
vertex 134.83990478515625 -24.610671997070312 -14.149641990661621
vertex 135.75904846191406 -25.31342315673828 -13.443038940429688
endloop
endfacet
facet normal 0.6935136701678799 0.21599044513764146 -0.6873040934692014
outer loop
vertex 135.75904846191406 -25.31342315673828 -13.443038940429688
vertex 134.83990478515625 -24.610671997070312 -14.149641990661621
vertex 135.70831298828125 -24.851896286010742 -13.349194526672363
endloop
endfacet
facet normal 0.6963912606087208 -0.04193362184073684 -0.7164361684805668
outer loop
vertex 140.68458557128906 3.7374989986419678 -9.92808723449707
vertex 140.75755310058594 4.438011646270752 -9.898162841796875
vertex 140.75193786621094 4.216904163360596 -9.890679359436035
endloop
endfacet
facet normal 0.6965841770964406 -0.04196179966906242 -0.7162469487456181
outer loop
vertex 140.68458557128906 3.7374989986419678 -9.92808723449707
vertex 139.76547241210938 4.603758335113525 -10.872718811035156
vertex 140.75755310058594 4.438011646270752 -9.898162841796875
endloop
endfacet
facet normal 0.6965813471073229 -0.041967443062835015 -0.7162493703905888
outer loop
vertex 140.68458557128906 3.7374989986419678 -9.92808723449707
vertex 134.82688903808594 -23.523054122924805 -14.0276460647583
vertex 139.76547241210938 4.603758335113525 -10.872718811035156
endloop
endfacet
facet normal 0.6952262754884534 -0.04147414336214748 -0.7175934233971415
outer loop
vertex 135.83116149902344 -23.810386657714844 -13.038069725036621
vertex 134.82688903808594 -23.523054122924805 -14.0276460647583
vertex 140.68458557128906 3.7374989986419678 -9.92808723449707
endloop
endfacet
facet normal 0.7053971881535875 0.009615117144041898 -0.708747032774966
outer loop
vertex 135.7726287841797 -24.14268684387207 -13.100833892822266
vertex 134.7825164794922 -24.03232192993164 -14.084769248962402
vertex 135.83116149902344 -23.810386657714844 -13.038069725036621
endloop
endfacet
facet normal 0.7043988635842452 0.01821625285653691 -0.7095705807832584
outer loop
vertex 134.7825164794922 -24.03232192993164 -14.084769248962402
vertex 134.82688903808594 -23.523054122924805 -14.0276460647583
vertex 135.83116149902344 -23.810386657714844 -13.038069725036621
endloop
endfacet
facet normal 0.7053897583639902 0.14775491930750437 -0.6932487090616357
outer loop
vertex 134.83990478515625 -24.610671997070312 -14.149641990661621
vertex 134.7825164794922 -24.03232192993164 -14.084769248962402
vertex 135.72265625 -24.536394119262695 -13.235599517822266
endloop
endfacet
facet normal 0.7054254451918353 0.14795429222615705 -0.6931698700086135
outer loop
vertex 135.72265625 -24.536394119262695 -13.235599517822266
vertex 134.7825164794922 -24.03232192993164 -14.084769248962402
vertex 135.72938537597656 -24.38806915283203 -13.197092056274414
endloop
endfacet
facet normal 0.705397310922602 0.14764164207450733 -0.6932651579797625
outer loop
vertex 135.72938537597656 -24.38806915283203 -13.197092056274414
vertex 134.7825164794922 -24.03232192993164 -14.084769248962402
vertex 135.7726287841797 -24.14268684387207 -13.100833892822266
endloop
endfacet
facet normal 0.7058173727485614 0.1212842271377657 -0.6979340746617213
outer loop
vertex 140.61802673339844 6.413445472717285 -9.696043014526367
vertex 139.64620971679688 6.561269283294678 -10.653148651123047
vertex 140.5458221435547 6.631318092346191 -9.731202125549316
endloop
endfacet
facet normal 0.7058173346090728 0.12128822585490986 -0.6979334183389648
outer loop
vertex 139.76547241210938 4.603758335113525 -10.872718811035156
vertex 139.64620971679688 6.561269283294678 -10.653148651123047
vertex 140.61802673339844 6.413445472717285 -9.696043014526367
endloop
endfacet
facet normal 0.7058094935512383 0.12129617720679119 -0.6979399660486303
outer loop
vertex 140.77882385253906 5.273343563079834 -9.731573104858398
vertex 139.76547241210938 4.603758335113525 -10.872718811035156
vertex 140.61802673339844 6.413445472717285 -9.696043014526367
endloop
endfacet
facet normal 0.7058430333080762 0.12121241266442781 -0.6979205996003575
outer loop
vertex 140.75755310058594 4.438011646270752 -9.898162841796875
vertex 139.76547241210938 4.603758335113525 -10.872718811035156
vertex 140.77882385253906 5.273343563079834 -9.731573104858398
endloop
endfacet
facet normal 0.6716123652433345 0.2986468484729813 -0.6780463780224846
outer loop
vertex 139.64620971679688 6.561269283294678 -10.653148651123047
vertex 139.32980346679688 7.51594352722168 -10.546064376831055
vertex 140.11724853515625 7.802514553070068 -9.639870643615723
endloop
endfacet
facet normal 0.6716191337110613 0.2986458961700422 -0.6780400931611611
outer loop
vertex 140.5458221435547 6.631318092346191 -9.731202125549316
vertex 139.64620971679688 6.561269283294678 -10.653148651123047
vertex 140.2194061279297 7.616201877593994 -9.62073040008545
endloop
endfacet
facet normal 0.6716462216446719 0.2986172611706015 -0.6780258728702061
outer loop
vertex 140.2194061279297 7.616201877593994 -9.62073040008545
vertex 139.64620971679688 6.561269283294678 -10.653148651123047
vertex 140.11724853515625 7.802514553070068 -9.639870643615723
endloop
endfacet
facet normal 0.5863888702711162 0.47150883186462533 -0.658655839035699
outer loop
vertex 140.11724853515625 7.802514553070068 -9.639870643615723
vertex 139.32980346679688 7.51594352722168 -10.546064376831055
vertex 139.66580200195312 8.625755310058594 -9.452455520629883
endloop
endfacet
facet normal 0.5863905590354663 0.471507663346932 -0.6586551720583309
outer loop
vertex 139.66580200195312 8.625755310058594 -9.452455520629883
vertex 139.32980346679688 7.51594352722168 -10.546064376831055
vertex 138.86756896972656 9.609801292419434 -9.458666801452637
endloop
endfacet
facet normal 0.5863974958894761 0.4715074525537956 -0.6586491471191488
outer loop
vertex 139.32980346679688 7.51594352722168 -10.546064376831055
vertex 138.15399169921875 9.249957084655762 -10.351564407348633
vertex 138.73397827148438 9.724092483520508 -9.495780944824219
endloop
endfacet
facet normal 0.5863810617547816 0.4715093359386208 -0.6586624298819965
outer loop
vertex 138.86756896972656 9.609801292419434 -9.458666801452637
vertex 139.32980346679688 7.51594352722168 -10.546064376831055
vertex 138.73397827148438 9.724092483520508 -9.495780944824219
endloop
endfacet
facet normal 0.4087729193742957 0.6522062282185619 -0.6383821240128305
outer loop
vertex 138.73397827148438 9.724092483520508 -9.495780944824219
vertex 138.15399169921875 9.249957084655762 -10.351564407348633
vertex 137.99269104003906 10.35831356048584 -9.322491645812988
endloop
endfacet
facet normal 0.4087679078354164 0.6522071083534462 -0.6383844338148389
outer loop
vertex 138.15399169921875 9.249957084655762 -10.351564407348633
vertex 136.5083465576172 10.408562660217285 -10.22160530090332
vertex 136.80653381347656 11.029458045959473 -9.396331787109375
endloop
endfacet
facet normal 0.40877095153104803 0.6522066816477468 -0.6383829208229463
outer loop
vertex 137.99269104003906 10.35831356048584 -9.322491645812988
vertex 138.15399169921875 9.249957084655762 -10.351564407348633
vertex 136.8980255126953 10.996455192565918 -9.37147045135498
endloop
endfacet
facet normal 0.40873863124459825 0.6521992898846743 -0.6384111665707446
outer loop
vertex 138.15399169921875 9.249957084655762 -10.351564407348633
vertex 136.80653381347656 11.029458045959473 -9.396331787109375
vertex 136.8980255126953 10.996455192565918 -9.37147045135498
endloop
endfacet
facet normal 0.1264778915538172 0.7701890830659609 -0.6251496774966098
outer loop
vertex 119.79534912109375 13.855293273925781 -9.35651969909668
vertex 101.78193664550781 17.41404151916504 -8.616519927978516
vertex 119.77613067626953 14.050383567810059 -9.120055198669434
endloop
endfacet
facet normal 0.12647765763980692 0.7701881785364127 -0.6251508392065955
outer loop
vertex 121.60759735107422 13.494812965393066 -9.433984756469727
vertex 135.81495666503906 11.387176513671875 -9.156232833862305
vertex 136.5083465576172 10.408562660217285 -10.22160530090332
endloop
endfacet
facet normal 0.12647850509016167 0.770191258106516 -0.625146873691663
outer loop
vertex 136.5083465576172 10.408562660217285 -10.22160530090332
vertex 121.48323822021484 13.343276977539062 -9.64583969116211
vertex 121.60759735107422 13.494812965393066 -9.433984756469727
endloop
endfacet
facet normal 0.12647762066141888 0.7701876397239052 -0.62515151050633
outer loop
vertex 136.5083465576172 10.408562660217285 -10.22160530090332
vertex 121.33170318603516 13.218914031982422 -9.829712867736816
vertex 121.48323822021484 13.343276977539062 -9.64583969116211
endloop
endfacet
facet normal 0.12647749297673294 0.7701868715990384 -0.6251524826686741
outer loop
vertex 135.81495666503906 11.387176513671875 -9.156232833862305
vertex 121.70001220703125 13.667699813842773 -9.202291488647461
vertex 121.75691986083984 13.855293273925781 -8.959663391113281
endloop
endfacet
facet normal 0.12648112151975005 0.7702056392369012 -0.6251286261136844
outer loop
vertex 135.81495666503906 11.387176513671875 -9.156232833862305
vertex 121.75691986083984 13.855293273925781 -8.959663391113281
vertex 121.75898742675781 13.876330375671387 -8.93332576751709
endloop
endfacet
facet normal 0.12647654230880803 0.7701826960593522 -0.6251578192235588
outer loop
vertex 136.5083465576172 10.408562660217285 -10.22160530090332
vertex 121.23597717285156 13.167749404907227 -9.912113189697266
vertex 121.33170318603516 13.218914031982422 -9.829712867736816
endloop
endfacet
facet normal 0.12647780373804585 0.7701882090069678 -0.6251507721088084
outer loop
vertex 136.80653381347656 11.029458045959473 -9.396331787109375
vertex 136.5083465576172 10.408562660217285 -10.22160530090332
vertex 135.81495666503906 11.387176513671875 -9.156232833862305
endloop
endfacet
facet normal 0.12647714644336902 0.7701861056270546 -0.6251534964523309
outer loop
vertex 119.85224914550781 13.667699813842773 -9.576122283935547
vertex 101.78193664550781 17.41404151916504 -8.616519927978516
vertex 119.79534912109375 13.855293273925781 -9.35651969909668
endloop
endfacet
facet normal 0.12647860525347082 0.7701913967958914 -0.6251466825591658
outer loop
vertex 101.78193664550781 17.41404151916504 -8.616519927978516
vertex 119.85224914550781 13.667699813842773 -9.576122283935547
vertex 100.82361602783203 17.51384925842285 -8.687440872192383
endloop
endfacet
facet normal 0.1264775133725508 0.7701875254397034 -0.6251516730107682
outer loop
vertex 120.0350112915039 13.384723663330078 -9.887775421142578
vertex 100.76545715332031 16.86606216430664 -9.497281074523926
vertex 119.94466400146484 13.494812965393066 -9.770423889160156
endloop
endfacet
facet normal 0.12647794220440142 0.7701893105389865 -0.6251493870005957
outer loop
vertex 119.77613067626953 14.050383567810059 -9.120055198669434
vertex 101.78193664550781 17.41404151916504 -8.616519927978516
vertex 119.79327392578125 14.224435806274414 -8.902153015136719
endloop
endfacet
facet normal 0.12647750653354442 0.7701869577046987 -0.6251523738438798
outer loop
vertex 135.81495666503906 11.387176513671875 -9.156232833862305
vertex 121.60759735107422 13.494812965393066 -9.433984756469727
vertex 121.70001220703125 13.667699813842773 -9.202291488647461
endloop
endfacet
facet normal 0.12647753062854852 0.7701872973464786 -0.6251519505306142
outer loop
vertex 100.76545715332031 16.86606216430664 -9.497281074523926
vertex 100.82361602783203 17.51384925842285 -8.687440872192383
vertex 119.85224914550781 13.667699813842773 -9.576122283935547
endloop
endfacet
facet normal 0.1264780346521844 0.770190214102265 -0.6251482550976432
outer loop
vertex 119.94466400146484 13.494812965393066 -9.770423889160156
vertex 100.76545715332031 16.86606216430664 -9.497281074523926
vertex 119.85224914550781 13.667699813842773 -9.576122283935547
endloop
endfacet
facet normal -0.04389043212716442 0.7801650265517404 -0.6240321797096788
outer loop
vertex 100.76545715332031 16.86606216430664 -9.497281074523926
vertex 99.75657653808594 16.8037109375 -9.504274368286133
vertex 99.6098403930664 17.43883514404297 -8.699921607971191
endloop
endfacet
facet normal -0.04191172914254099 0.7816886940157335 -0.6222589433734634
outer loop
vertex 100.76545715332031 16.86606216430664 -9.497281074523926
vertex 99.6098403930664 17.43883514404297 -8.699921607971191
vertex 100.82361602783203 17.51384925842285 -8.687440872192383
endloop
endfacet
facet normal -0.23549369195856312 0.7414054332857534 -0.6283794272110519
outer loop
vertex 99.75657653808594 16.8037109375 -9.504274368286133
vertex 97.7825927734375 16.110841751098633 -9.581992149353027
vertex 97.4000473022461 16.689241409301758 -8.756192207336426
endloop
endfacet
facet normal -0.2354939521992651 0.741404539960229 -0.6283803836880423
outer loop
vertex 99.75657653808594 16.8037109375 -9.504274368286133
vertex 97.4000473022461 16.689241409301758 -8.756192207336426
vertex 98.44145965576172 17.1583251953125 -8.593019485473633
endloop
endfacet
facet normal -0.23549197315439807 0.741405132212755 -0.6283804265796603
outer loop
vertex 99.6098403930664 17.43883514404297 -8.699921607971191
vertex 99.75657653808594 16.8037109375 -9.504274368286133
vertex 99.5589370727539 17.43568992614746 -8.684556007385254
endloop
endfacet
facet normal -0.23549399077834182 0.7414044952601575 -0.6283804219701004
outer loop
vertex 99.75657653808594 16.8037109375 -9.504274368286133
vertex 98.44145965576172 17.1583251953125 -8.593019485473633
vertex 99.5589370727539 17.43568992614746 -8.684556007385254
endloop
endfacet
facet normal -0.4566849856511475 0.6153051857926204 -0.6425249817847708
outer loop
vertex 97.7825927734375 16.110841751098633 -9.581992149353027
vertex 96.33899688720703 15.983288764953613 -8.678082466125488
vertex 97.2861557006836 16.637943267822266 -8.724370002746582
endloop
endfacet
facet normal -0.4566718954052685 0.6153159228048345 -0.6425240035125491
outer loop
vertex 97.4000473022461 16.689241409301758 -8.756192207336426
vertex 97.7825927734375 16.110841751098633 -9.581992149353027
vertex 97.2861557006836 16.637943267822266 -8.724370002746582
endloop
endfacet
facet normal -0.4566851130477777 0.6153076383968861 -0.6425225425235952
outer loop
vertex 96.33899688720703 15.983288764953613 -8.678082466125488
vertex 96.1702651977539 14.755404472351074 -9.734028816223145
vertex 95.56920623779297 15.21457290649414 -8.867094993591309
endloop
endfacet
facet normal -0.4566840171511889 0.6153079231508174 -0.6425230487589378
outer loop
vertex 96.1702651977539 14.755404472351074 -9.734028816223145
vertex 96.33899688720703 15.983288764953613 -8.678082466125488
vertex 97.7825927734375 16.110841751098633 -9.581992149353027
endloop
endfacet
facet normal -0.5740792464557897 0.4853248834504733 -0.659464006821098
outer loop
vertex 95.4420166015625 13.7390718460083 -9.848029136657715
vertex 94.77921295166016 14.118000984191895 -8.99217414855957
vertex 96.1702651977539 14.755404472351074 -9.734028816223145
endloop
endfacet
facet normal -0.5760033428617439 0.4864135446075119 -0.6569794613490229
outer loop
vertex 96.1702651977539 14.755404472351074 -9.734028816223145
vertex 95.4424057006836 15.087945938110352 -8.849675178527832
vertex 95.56920623779297 15.21457290649414 -8.867094993591309
endloop
endfacet
facet normal -0.5742419167052744 0.4890882800517318 -0.6565355096372864
outer loop
vertex 96.1702651977539 14.755404472351074 -9.734028816223145
vertex 94.77921295166016 14.118000984191895 -8.99217414855957
vertex 95.4424057006836 15.087945938110352 -8.849675178527832
endloop
endfacet
facet normal -0.3910336991959907 0.65949349553572 -0.6419976444187133
outer loop
vertex 94.11908721923828 13.369935989379883 -9.223554611206055
vertex 94.44131469726562 12.856742858886719 -9.946998596191406
vertex 94.02933502197266 13.289743423461914 -9.251265525817871
endloop
endfacet
facet normal -0.3386474843077948 0.6956915003342967 -0.6335070778883349
outer loop
vertex 93.83350372314453 12.527215957641602 -9.983960151672363
vertex 93.6395034790039 13.037525177001953 -9.319854736328125
vertex 94.44131469726562 12.856742858886719 -9.946998596191406
endloop
endfacet
facet normal -0.2695803719573892 0.7239253685405826 -0.6350263646800006
outer loop
vertex 93.6395034790039 13.037525177001953 -9.319854736328125
vertex 93.83350372314453 12.527215957641602 -9.983960151672363
vertex 93.54080963134766 12.99352741241455 -9.32811450958252
endloop
endfacet
facet normal -0.3386460366280877 0.6956933935113755 -0.6335057727445855
outer loop
vertex 94.44131469726562 12.856742858886719 -9.946998596191406
vertex 93.6395034790039 13.037525177001953 -9.319854736328125
vertex 94.02933502197266 13.289743423461914 -9.251265525817871
endloop
endfacet
facet normal -0.5479222100302923 0.525487258878924 -0.6508797066366679
outer loop
vertex 94.66992950439453 13.958166122436523 -9.029220581054688
vertex 95.1216049194336 13.362630844116211 -9.890254020690918
vertex 94.56395721435547 13.828893661499023 -9.044379234313965
endloop
endfacet
facet normal -0.44966387539700103 0.6231338247259972 -0.6399270549408742
outer loop
vertex 94.37557220458984 13.59909439086914 -9.135773658752441
vertex 94.56395721435547 13.828893661499023 -9.044379234313965
vertex 95.1216049194336 13.362630844116211 -9.890254020690918
endloop
endfacet
facet normal -0.3269654427615069 0.6959560687314325 -0.6393267940855142
outer loop
vertex 94.27175903320312 13.506343841552734 -9.153143882751465
vertex 94.44131469726562 12.856742858886719 -9.946998596191406
vertex 94.11908721923828 13.369935989379883 -9.223554611206055
endloop
endfacet
facet normal -0.4496613973099649 0.6231370811939712 -0.6399256252177341
outer loop
vertex 94.6698226928711 12.994178771972656 -9.9315824508667
vertex 94.37557220458984 13.59909439086914 -9.135773658752441
vertex 95.1216049194336 13.362630844116211 -9.890254020690918
endloop
endfacet
facet normal -0.5450480770012892 0.5243033397143354 -0.6542389484902217
outer loop
vertex 95.4420166015625 13.7390718460083 -9.848029136657715
vertex 94.66992950439453 13.958166122436523 -9.029220581054688
vertex 94.77921295166016 14.118000984191895 -8.99217414855957
endloop
endfacet
facet normal -0.3663064412570558 0.6802542680420265 -0.6348808722147783
outer loop
vertex 94.6698226928711 12.994178771972656 -9.9315824508667
vertex 94.44131469726562 12.856742858886719 -9.946998596191406
vertex 94.27175903320312 13.506343841552734 -9.153143882751465
endloop
endfacet
facet normal -0.44966064103608777 0.6231375489559052 -0.6399257011436887
outer loop
vertex 94.37557220458984 13.59909439086914 -9.135773658752441
vertex 94.6698226928711 12.994178771972656 -9.9315824508667
vertex 94.27175903320312 13.506343841552734 -9.153143882751465
endloop
endfacet
facet normal -0.5399570423235954 0.5326883686671088 -0.6516820500304803
outer loop
vertex 95.4420166015625 13.7390718460083 -9.848029136657715
vertex 95.1216049194336 13.362630844116211 -9.890254020690918
vertex 94.66992950439453 13.958166122436523 -9.029220581054688
endloop
endfacet
facet normal 0.12868351630713404 0.7709178011668137 -0.6237998849590761
outer loop
vertex 84.90498352050781 13.916542053222656 -9.130857467651367
vertex 84.53556060791016 13.363840103149414 -9.890117645263672
vertex 84.64417266845703 13.974444389343262 -9.113101959228516
endloop
endfacet
facet normal 0.11017710241033186 0.7772829399396342 -0.6194289607237156
outer loop
vertex 91.94580841064453 12.210354804992676 -10.019502639770508
vertex 84.53556060791016 13.363840103149414 -9.890117645263672
vertex 84.90498352050781 13.916542053222656 -9.130857467651367
endloop
endfacet
facet normal 0.08056428268647221 0.7782150745276635 -0.6228087139187418
outer loop
vertex 92.03092956542969 12.688891410827637 -9.410548210144043
vertex 91.94580841064453 12.210354804992676 -10.019502639770508
vertex 91.84190368652344 12.697484970092773 -9.424262046813965
endloop
endfacet
facet normal 0.11068115166263014 0.7785114792676712 -0.6177941075431979
outer loop
vertex 91.94580841064453 12.210354804992676 -10.019502639770508
vertex 84.90498352050781 13.916542053222656 -9.130857467651367
vertex 91.84190368652344 12.697484970092773 -9.424262046813965
endloop
endfacet
facet normal 0.06947410735067412 0.7796320624713358 -0.6223722323292696
outer loop
vertex 92.40569305419922 12.687387466430664 -9.370596885681152
vertex 92.40569305419922 12.165342330932617 -10.024551391601562
vertex 92.30573272705078 12.676398277282715 -9.39552116394043
endloop
endfacet
facet normal -0.06947460282647999 0.7796320355040064 -0.6223722108015288
outer loop
vertex 92.40569305419922 12.165342330932617 -10.024551391601562
vertex 92.40569305419922 12.687387466430664 -9.370596885681152
vertex 92.98731994628906 12.222270011901855 -10.018165588378906
endloop
endfacet
facet normal -0.20575659954441256 0.7526923800924996 -0.6253945975898803
outer loop
vertex 92.98731994628906 12.222270011901855 -10.018165588378906
vertex 92.86710357666016 12.754169464111328 -9.338447570800781
vertex 93.54659271240234 12.39086627960205 -9.99925422668457
endloop
endfacet
facet normal -0.3023996244033963 0.7079137940295449 -0.638288749221996
outer loop
vertex 93.83350372314453 12.527215957641602 -9.983960151672363
vertex 93.54659271240234 12.39086627960205 -9.99925422668457
vertex 93.54080963134766 12.99352741241455 -9.32811450958252
endloop
endfacet
facet normal -0.06947391352757944 0.7796323886635118 -0.6223718453513054
outer loop
vertex 92.98731994628906 12.222270011901855 -10.018165588378906
vertex 92.40569305419922 12.687387466430664 -9.370596885681152
vertex 92.76725769042969 12.727134704589844 -9.361166954040527
endloop
endfacet
facet normal -0.06947925436261394 0.7796312085621924 -0.622372727430332
outer loop
vertex 92.86710357666016 12.754169464111328 -9.338447570800781
vertex 92.98731994628906 12.222270011901855 -10.018165588378906
vertex 92.76725769042969 12.727134704589844 -9.361166954040527
endloop
endfacet
facet normal -0.20575668695350063 0.7526923124282118 -0.6253946502692445
outer loop
vertex 93.54659271240234 12.39086627960205 -9.99925422668457
vertex 92.86710357666016 12.754169464111328 -9.338447570800781
vertex 93.21542358398438 12.848479270935059 -9.339539527893066
endloop
endfacet
facet normal -0.20576559745297066 0.7526884095060822 -0.6253964159635282
outer loop
vertex 93.54659271240234 12.39086627960205 -9.99925422668457
vertex 93.21542358398438 12.848479270935059 -9.339539527893066
vertex 93.30957794189453 12.89045238494873 -9.320001602172852
endloop
endfacet
facet normal -0.3341203947280633 0.6998528638770714 -0.6313236339230653
outer loop
vertex 93.54080963134766 12.99352741241455 -9.32811450958252
vertex 93.54659271240234 12.39086627960205 -9.99925422668457
vertex 93.30957794189453 12.89045238494873 -9.320001602172852
endloop
endfacet
facet normal 0.0694768526233407 0.7796321253250565 -0.6223718471385817
outer loop
vertex 92.40569305419922 12.165342330932617 -10.024551391601562
vertex 92.03092956542969 12.688891410827637 -9.410548210144043
vertex 92.30573272705078 12.676398277282715 -9.39552116394043
endloop
endfacet
facet normal 0.06947603012315032 0.7796319304867224 -0.6223721830254574
outer loop
vertex 92.40569305419922 12.165342330932617 -10.024551391601562
vertex 91.94580841064453 12.210354804992676 -10.019502639770508
vertex 92.03092956542969 12.688891410827637 -9.410548210144043
endloop
endfacet
facet normal 0.37184094976335447 0.6804675564942714 -0.6314255400582099
outer loop
vertex 83.95418548583984 14.20263671875 -9.074822425842285
vertex 83.68054962158203 13.622556686401367 -9.861098289489746
vertex 83.86603546142578 14.254494667053223 -9.070847511291504
endloop
endfacet
facet normal 0.22802412827272742 0.7439069213333215 -0.628177912153748
outer loop
vertex 84.01826477050781 14.177275657653809 -9.081595420837402
vertex 83.68054962158203 13.622556686401367 -9.861098289489746
vertex 83.95418548583984 14.20263671875 -9.074822425842285
endloop
endfacet
facet normal -0.20383660182646887 -0.7537738558731154 0.6247204286382937
outer loop
vertex 83.9686508178711 14.132885932922363 -9.15134334564209
vertex 83.68054962158203 13.622556686401367 -9.861098289489746
vertex 84.01826477050781 14.177275657653809 -9.081595420837402
endloop
endfacet
facet normal 0.3097774567583315 0.7057867943499405 -0.6371051155073039
outer loop
vertex 83.68054962158203 13.622556686401367 -9.861098289489746
vertex 83.54650115966797 13.688020706176758 -9.853754997253418
vertex 83.86603546142578 14.254494667053223 -9.070847511291504
endloop
endfacet
facet normal 0.06948461468974024 0.7796311340704819 -0.6223722223150648
outer loop
vertex 84.64417266845703 13.974444389343262 -9.113101959228516
vertex 84.53556060791016 13.363840103149414 -9.890117645263672
vertex 84.55367279052734 13.994537353515625 -9.09803581237793
endloop
endfacet
facet normal 0.20575687402278625 0.7526931733766694 -0.62539355252875
outer loop
vertex 84.41382598876953 13.375755310058594 -9.888781547546387
vertex 83.85455322265625 13.544351577758789 -9.86987018585205
vertex 84.13323211669922 14.131778717041016 -9.071185111999512
endloop
endfacet
facet normal 0.20575607747057562 0.7526932640484035 -0.6253937054688694
outer loop
vertex 84.55367279052734 13.994537353515625 -9.09803581237793
vertex 84.41382598876953 13.375755310058594 -9.888781547546387
vertex 84.38591003417969 14.031782150268555 -9.108404159545898
endloop
endfacet
facet normal 0.20575671687648459 0.752693172328906 -0.6253936054914999
outer loop
vertex 84.41382598876953 13.375755310058594 -9.888781547546387
vertex 84.13323211669922 14.131778717041016 -9.071185111999512
vertex 84.38591003417969 14.031782150268555 -9.108404159545898
endloop
endfacet
facet normal 0.33412473370574847 0.6998534424304445 -0.6313206961951426
outer loop
vertex 84.13323211669922 14.131778717041016 -9.071185111999512
vertex 83.85455322265625 13.544351577758789 -9.86987018585205
vertex 84.01826477050781 14.177275657653809 -9.081595420837402
endloop
endfacet
facet normal 0.24180792434377482 0.7314826069474877 -0.6375438208138031
outer loop
vertex 83.85455322265625 13.544351577758789 -9.86987018585205
vertex 83.9686508178711 14.132885932922363 -9.15134334564209
vertex 84.01826477050781 14.177275657653809 -9.081595420837402
endloop
endfacet
facet normal 0.33543207324824853 0.7019869235280956 -0.6282512900360344
outer loop
vertex 83.85455322265625 13.544351577758789 -9.86987018585205
vertex 83.7454833984375 13.60228443145752 -9.863371849060059
vertex 83.9686508178711 14.132885932922363 -9.15134334564209
endloop
endfacet
facet normal 0.0694783528420547 0.7796315451426893 -0.6223724064455121
outer loop
vertex 84.53556060791016 13.363840103149414 -9.890117645263672
vertex 84.41382598876953 13.375755310058594 -9.888781547546387
vertex 84.55367279052734 13.994537353515625 -9.09803581237793
endloop
endfacet
facet normal 0.5687232538515138 0.5054577425685749 -0.648896240554703
outer loop
vertex 82.88556671142578 15.078661918640137 -9.011537551879883
vertex 81.95677185058594 15.270339965820312 -9.67626953125
vertex 82.63334655761719 15.468489646911621 -8.928938865661621
endloop
endfacet
facet normal 0.5855259117917672 0.4758899597770627 -0.6562683542605154
outer loop
vertex 82.63334655761719 15.468489646911621 -8.928938865661621
vertex 81.95677185058594 15.270339965820312 -9.67626953125
vertex 82.5575180053711 15.638593673706055 -8.87324333190918
endloop
endfacet
facet normal 0.5475211870322094 0.5259910189498153 -0.6508102624690052
outer loop
vertex 83.04440307617188 14.900879859924316 -9.021595001220703
vertex 82.49539947509766 14.564342498779297 -9.755459785461426
vertex 82.88556671142578 15.078661918640137 -9.011537551879883
endloop
endfacet
facet normal 0.5685082083418733 0.5064522150345041 -0.6483090088334093
outer loop
vertex 82.49539947509766 14.564342498779297 -9.755459785461426
vertex 81.95677185058594 15.270339965820312 -9.67626953125
vertex 82.88556671142578 15.078661918640137 -9.011537551879883
endloop
endfacet
facet normal 0.3306512063040298 0.6953591169534102 -0.6380795234447377
outer loop
vertex 83.86603546142578 14.254494667053223 -9.070847511291504
vertex 83.54650115966797 13.688020706176758 -9.853754997253418
vertex 83.61027526855469 14.404950141906738 -9.039420127868652
endloop
endfacet
facet normal 0.5479128058074878 0.5254969106268806 -0.65087983080886
outer loop
vertex 83.19491577148438 14.732422828674316 -9.030899047851562
vertex 82.7532958984375 14.252053260803223 -9.790489196777344
vertex 83.04440307617188 14.900879859924316 -9.021595001220703
endloop
endfacet
facet normal 0.5479116511337799 0.5254980520066247 -0.6508798813061423
outer loop
vertex 83.26202392578125 14.677410125732422 -9.01882266998291
vertex 82.7532958984375 14.252053260803223 -9.790489196777344
vertex 83.19491577148438 14.732422828674316 -9.030899047851562
endloop
endfacet
facet normal 0.4496702716957877 0.6231320507283669 -0.6399242877935613
outer loop
vertex 83.55398559570312 14.438063621520996 -9.04672908782959
vertex 83.205078125 13.883600234985352 -9.831817626953125
vertex 83.26202392578125 14.677410125732422 -9.01882266998291
endloop
endfacet
facet normal 0.4496634384409391 0.623136716465063 -0.6399245461166588
outer loop
vertex 83.61027526855469 14.404950141906738 -9.039420127868652
vertex 83.205078125 13.883600234985352 -9.831817626953125
vertex 83.55398559570312 14.438063621520996 -9.04672908782959
endloop
endfacet
facet normal 0.35351723526162937 0.6881994314370041 -0.633566971158344
outer loop
vertex 83.205078125 13.883600234985352 -9.831817626953125
vertex 83.61027526855469 14.404950141906738 -9.039420127868652
vertex 83.54650115966797 13.688020706176758 -9.853754997253418
endloop
endfacet
facet normal 0.4496613553458084 0.6231355837284307 -0.639927112880833
outer loop
vertex 83.205078125 13.883600234985352 -9.831817626953125
vertex 82.7532958984375 14.252053260803223 -9.790489196777344
vertex 83.26202392578125 14.677410125732422 -9.01882266998291
endloop
endfacet
facet normal 0.5479176785913464 0.5254933091326199 -0.6508786365705351
outer loop
vertex 82.7532958984375 14.252053260803223 -9.790489196777344
vertex 82.49539947509766 14.564342498779297 -9.755459785461426
vertex 83.04440307617188 14.900879859924316 -9.021595001220703
endloop
endfacet
facet normal 0.21238865349749447 0.7504865746018586 -0.6258282202073427
outer loop
vertex 83.7454833984375 13.60228443145752 -9.863371849060059
vertex 83.68054962158203 13.622556686401367 -9.861098289489746
vertex 83.9686508178711 14.132885932922363 -9.15134334564209
endloop
endfacet
facet normal 0.6947778594898422 0.2092725821840269 -0.6881051607921155
outer loop
vertex 82.29986572265625 16.55072593688965 -8.60811996459961
vertex 81.3927993774414 16.505565643310547 -9.53771686553955
vertex 82.286376953125 16.673460006713867 -8.584412574768066
endloop
endfacet
facet normal 0.6949370220387983 0.20862662485099037 -0.6881405865105843
outer loop
vertex 81.3927993774414 16.505565643310547 -9.53771686553955
vertex 81.37371826171875 16.6064510345459 -9.526400566101074
vertex 82.286376953125 16.673460006713867 -8.584412574768066
endloop
endfacet
facet normal 0.5479121045190722 0.52549917216628 -0.6508785952649202
outer loop
vertex 82.5575180053711 15.638593673706055 -8.87324333190918
vertex 81.84390258789062 15.407011032104492 -9.660940170288086
vertex 82.50465393066406 15.75717544555664 -8.822005271911621
endloop
endfacet
facet normal 0.6251164219337444 0.41067521451774774 -0.6637584856026738
outer loop
vertex 81.84390258789062 15.407011032104492 -9.660940170288086
vertex 81.56840515136719 15.91922664642334 -9.603485107421875
vertex 82.37364196777344 16.153533935546875 -8.70015811920166
endloop
endfacet
facet normal 0.547913721227702 0.5254966066137318 -0.65087930565341
outer loop
vertex 81.95677185058594 15.270339965820312 -9.67626953125
vertex 81.84390258789062 15.407011032104492 -9.660940170288086
vertex 82.5575180053711 15.638593673706055 -8.87324333190918
endloop
endfacet
facet normal 0.6782862853479361 0.2831123747017095 -0.6780671783825383
outer loop
vertex 82.37364196777344 16.153533935546875 -8.70015811920166
vertex 81.56840515136719 15.91922664642334 -9.603485107421875
vertex 82.32295227050781 16.340736389160156 -8.672701835632324
endloop
endfacet
facet normal 0.6795878120794203 0.28288156735441183 -0.6768592353837082
outer loop
vertex 82.32295227050781 16.340736389160156 -8.672701835632324
vertex 81.3927993774414 16.505565643310547 -9.53771686553955
vertex 82.29986572265625 16.55072593688965 -8.60811996459961
endloop
endfacet
facet normal 0.625120259500731 0.4106711090202326 -0.6637574115426743
outer loop
vertex 82.44429779052734 15.892566680908203 -8.795077323913574
vertex 81.84390258789062 15.407011032104492 -9.660940170288086
vertex 82.37364196777344 16.153533935546875 -8.70015811920166
endloop
endfacet
facet normal 0.6799350038699877 0.2796695472447101 -0.6778446244208614
outer loop
vertex 81.56840515136719 15.91922664642334 -9.603485107421875
vertex 81.3927993774414 16.505565643310547 -9.53771686553955
vertex 82.32295227050781 16.340736389160156 -8.672701835632324
endloop
endfacet
facet normal 0.6251112996410932 0.41068353052688 -0.6637581644055316
outer loop
vertex 82.50465393066406 15.75717544555664 -8.822005271911621
vertex 81.84390258789062 15.407011032104492 -9.660940170288086
vertex 82.44429779052734 15.892566680908203 -8.795077323913574
endloop
endfacet
facet normal 0.6972759961424861 -0.037945756839768155 -0.7157976702542143
outer loop
vertex 84.25728607177734 28.42751693725586 -7.162717819213867
vertex 81.36382293701172 17.646207809448242 -9.409773826599121
vertex 83.33829498291016 29.290372848510742 -8.103671073913574
endloop
endfacet
facet normal 0.6972738332380425 -0.03794472584358014 -0.7157998318400068
outer loop
vertex 82.31332397460938 17.379873275756836 -8.470728874206543
vertex 81.36382293701172 17.646207809448242 -9.409773826599121
vertex 84.25728607177734 28.42751693725586 -7.162717819213867
endloop
endfacet
facet normal 0.6973628104302515 -0.03796332928458404 -0.7157121602002101
outer loop
vertex 84.25728607177734 28.42751693725586 -7.162717819213867
vertex 84.3302230834961 29.127466201782227 -7.128777980804443
vertex 84.32456970214844 28.90633773803711 -7.122557163238525
endloop
endfacet
facet normal 0.69727396595852 -0.03794983970349316 -0.7157994314491706
outer loop
vertex 84.25728607177734 28.42751693725586 -7.162717819213867
vertex 83.33829498291016 29.290372848510742 -8.103671073913574
vertex 84.3302230834961 29.127466201782227 -7.128777980804443
endloop
endfacet
facet normal 0.7055760784049082 0.1439938017607237 -0.6938502595209173
outer loop
vertex 81.37371826171875 16.6064510345459 -9.526400566101074
vertex 81.32238006591797 17.153898239135742 -9.464995384216309
vertex 82.28333282470703 17.046781539916992 -8.510032653808594
endloop
endfacet
facet normal 0.7046696487286414 0.020235614601663315 -0.7092469288353288
outer loop
vertex 81.32238006591797 17.153898239135742 -9.464995384216309
vertex 81.36382293701172 17.646207809448242 -9.409773826599121
vertex 82.29329681396484 17.266088485717773 -8.497143745422363
endloop
endfacet
facet normal 0.7081569623854311 0.03901648071850087 -0.7049761916954231
outer loop
vertex 82.29329681396484 17.266088485717773 -8.497143745422363
vertex 81.36382293701172 17.646207809448242 -9.409773826599121
vertex 82.31332397460938 17.379873275756836 -8.470728874206543
endloop
endfacet
facet normal 0.7053985410142567 0.009604696049645988 -0.7087458276058857
outer loop
vertex 82.28333282470703 17.046781539916992 -8.510032653808594
vertex 81.32238006591797 17.153898239135742 -9.464995384216309
vertex 82.29329681396484 17.266088485717773 -8.497143745422363
endloop
endfacet
facet normal 0.7042208377603248 0.1480168630120395 -0.6943803136093516
outer loop
vertex 82.272216796875 16.802261352539062 -8.573429107666016
vertex 81.37371826171875 16.6064510345459 -9.526400566101074
vertex 82.28333282470703 17.046781539916992 -8.510032653808594
endloop
endfacet
facet normal 0.7065550000692485 0.13688270471429162 -0.694293278829087
outer loop
vertex 82.286376953125 16.673460006713867 -8.584412574768066
vertex 81.37371826171875 16.6064510345459 -9.526400566101074
vertex 82.272216796875 16.802261352539062 -8.573429107666016
endloop
endfacet
facet normal 0.7058147381049494 0.12123129546981933 -0.6979459352074134
outer loop
vertex 84.35155487060547 29.962684631347656 -6.9622087478637695
vertex 83.33829498291016 29.290372848510742 -8.103671073913574
vertex 84.19087219238281 31.102802276611328 -6.9266676902771
endloop
endfacet
facet normal 0.7058190184491495 0.12121274820171576 -0.697944827954808
outer loop
vertex 84.19087219238281 31.102802276611328 -6.9266676902771
vertex 83.21903228759766 31.250717163085938 -7.883783340454102
vertex 84.11869049072266 31.3206844329834 -6.9618239402771
endloop
endfacet
facet normal 0.7058188829415739 0.12122709722525225 -0.6979424728309978
outer loop
vertex 83.33829498291016 29.290372848510742 -8.103671073913574
vertex 83.21903228759766 31.250717163085938 -7.883783340454102
vertex 84.19087219238281 31.102802276611328 -6.9266676902771
endloop
endfacet
facet normal 0.7058425588531432 0.12116202126648973 -0.6979298293627131
outer loop
vertex 84.3302230834961 29.127466201782227 -7.128777980804443
vertex 83.33829498291016 29.290372848510742 -8.103671073913574
vertex 84.35155487060547 29.962684631347656 -6.9622087478637695
endloop
endfacet
facet normal 0.6716372275535913 0.2985777450195477 -0.6780521843804997
outer loop
vertex 83.21903228759766 31.250717163085938 -7.883783340454102
vertex 82.90272521972656 32.20542526245117 -7.776695728302002
vertex 83.69022369384766 32.49192810058594 -6.870487213134766
endloop
endfacet
facet normal 0.6716804356718675 0.29858817007400695 -0.6780047913012902
outer loop
vertex 83.69022369384766 32.49192810058594 -6.870487213134766
vertex 83.79237365722656 32.305599212646484 -6.851347923278809
vertex 84.11869049072266 31.3206844329834 -6.9618239402771
endloop
endfacet
facet normal 0.6716386408635381 0.29857650969874744 -0.6780513284074392
outer loop
vertex 84.11869049072266 31.3206844329834 -6.9618239402771
vertex 83.21903228759766 31.250717163085938 -7.883783340454102
vertex 83.69022369384766 32.49192810058594 -6.870487213134766
endloop
endfacet
facet normal 0.5864329212070681 0.471449208236649 -0.6586592996212697
outer loop
vertex 82.90272521972656 32.20542526245117 -7.776695728302002
vertex 81.72708129882812 33.93955612182617 -7.582181930541992
vertex 82.30714416503906 34.41364669799805 -6.726386547088623
endloop
endfacet
facet normal 0.5864320952248538 0.47145008919632625 -0.6586594044625523
outer loop
vertex 83.23886108398438 33.31520462036133 -6.683070659637451
vertex 82.90272521972656 32.20542526245117 -7.776695728302002
vertex 82.44072723388672 34.29933166503906 -6.689271926879883
endloop
endfacet
facet normal 0.5864284971359753 0.47145257940793 -0.6586608255517028
outer loop
vertex 83.69022369384766 32.49192810058594 -6.870487213134766
vertex 82.90272521972656 32.20542526245117 -7.776695728302002
vertex 83.23886108398438 33.31520462036133 -6.683070659637451
endloop
endfacet
facet normal 0.5864448753799518 0.4714478368573522 -0.6586496377157709
outer loop
vertex 82.44072723388672 34.29933166503906 -6.689271926879883
vertex 82.90272521972656 32.20542526245117 -7.776695728302002
vertex 82.30714416503906 34.41364669799805 -6.726386547088623
endloop
endfacet
facet normal 0.4088267571298297 0.6521658496904909 -0.6383888996154204
outer loop
vertex 80.47132110595703 35.68617630004883 -6.602058410644531
vertex 80.07769775390625 35.10103988647461 -7.451900482177734
vertex 80.3787841796875 35.71957015991211 -6.627204895019531
endloop
endfacet
facet normal 0.4088248041379541 0.6521670158346151 -0.6383889590045684
outer loop
vertex 82.30714416503906 34.41364669799805 -6.726386547088623
vertex 81.72708129882812 33.93955612182617 -7.582181930541992
vertex 81.56592559814453 35.04792785644531 -6.553092956542969
endloop
endfacet
facet normal 0.40882648535581223 0.6521666282584905 -0.6383882782896048
outer loop
vertex 81.72708129882812 33.93955612182617 -7.582181930541992
vertex 80.47132110595703 35.68617630004883 -6.602058410644531
vertex 81.56592559814453 35.04792785644531 -6.553092956542969
endloop
endfacet
facet normal 0.408825795130392 0.6521664704939102 -0.638388881481749
outer loop
vertex 81.72708129882812 33.93955612182617 -7.582181930541992
vertex 80.07769775390625 35.10103988647461 -7.451900482177734
vertex 80.47132110595703 35.68617630004883 -6.602058410644531
endloop
endfacet
facet normal 0.1329368140071871 0.7689897530065619 -0.6252859851720056
outer loop
vertex 80.07769775390625 35.10103988647461 -7.451900482177734
vertex 63.06806182861328 38.98074722290039 -6.2968316078186035
vertex 79.38829803466797 36.07700729370117 -6.398202896118164
endloop
endfacet
facet normal 0.13293888618302083 0.7689901774881436 -0.6252850225834387
outer loop
vertex 80.3787841796875 35.71957015991211 -6.627204895019531
vertex 80.07769775390625 35.10103988647461 -7.451900482177734
vertex 79.38829803466797 36.07700729370117 -6.398202896118164
endloop
endfacet
facet normal 0.1332020902375854 0.7698284511664366 -0.6241965707459658
outer loop
vertex 80.07769775390625 35.10103988647461 -7.451900482177734
vertex 62.536888122558594 38.43974685668945 -7.077404499053955
vertex 63.06806182861328 38.98074722290039 -6.2968316078186035
endloop
endfacet
facet normal 0.13318918251982964 0.769834440548245 -0.6241919382733729
outer loop
vertex 62.536888122558594 38.43974685668945 -7.077404499053955
vertex 62.673580169677734 39.068145751953125 -6.273214340209961
vertex 63.06806182861328 38.98074722290039 -6.2968316078186035
endloop
endfacet
facet normal 0.2533788112787655 0.7316473166173615 -0.6328438844466889
outer loop
vertex 48.17643356323242 44.32428741455078 -5.692202568054199
vertex 47.52041244506836 43.88127517700195 -6.467039108276367
vertex 47.775882720947266 44.490177154541016 -5.660786151885986
endloop
endfacet
facet normal 0.24396742979628752 0.7383707312034931 -0.6287197758148
outer loop
vertex 62.06837463378906 38.56685256958008 -7.06314754486084
vertex 47.52041244506836 43.88127517700195 -6.467039108276367
vertex 48.17643356323242 44.32428741455078 -5.692202568054199
endloop
endfacet
facet normal 0.2424958590030458 0.7356988364305834 -0.6324104525077527
outer loop
vertex 62.32512283325195 39.17878341674805 -6.252823829650879
vertex 62.06837463378906 38.56685256958008 -7.06314754486084
vertex 48.17643356323242 44.32428741455078 -5.692202568054199
endloop
endfacet
facet normal 0.20661875355351894 0.7543880171004047 -0.6230629264651443
outer loop
vertex 62.56040573120117 39.09321975708008 -6.278398036956787
vertex 62.536888122558594 38.43974685668945 -7.077404499053955
vertex 62.32512283325195 39.17878341674805 -6.252823829650879
endloop
endfacet
facet normal 0.185676084712737 0.7549511593616985 -0.6289460537630996
outer loop
vertex 62.536888122558594 38.43974685668945 -7.077404499053955
vertex 62.06837463378906 38.56685256958008 -7.06314754486084
vertex 62.32512283325195 39.17878341674805 -6.252823829650879
endloop
endfacet
facet normal 0.19613158067318065 0.7562091324437509 -0.6242436632207885
outer loop
vertex 62.673580169677734 39.068145751953125 -6.273214340209961
vertex 62.536888122558594 38.43974685668945 -7.077404499053955
vertex 62.56040573120117 39.09321975708008 -6.278398036956787
endloop
endfacet
facet normal 0.3544405120413037 0.6868489788687248 -0.6345158813228305
outer loop
vertex 33.06425094604492 52.92978286743164 -4.697892189025879
vertex 33.15675735473633 52.8934211730957 -4.6855788230896
vertex 33.584468841552734 52.666015625 -4.6928205490112305
endloop
endfacet
facet normal 0.35396398197798634 0.6871072850967187 -0.6345022287031816
outer loop
vertex 47.06092834472656 44.10929870605469 -6.441462516784668
vertex 32.76516342163086 52.32473373413086 -5.519953727722168
vertex 33.06425094604492 52.92978286743164 -4.697892189025879
endloop
endfacet
facet normal 0.3554738490999352 0.688941854191477 -0.6316624606142793
outer loop
vertex 33.06425094604492 52.92978286743164 -4.697892189025879
vertex 33.584468841552734 52.666015625 -4.6928205490112305
vertex 47.06092834472656 44.10929870605469 -6.441462516784668
endloop
endfacet
facet normal 0.3548432738475695 0.6881887296438639 -0.6328368853000778
outer loop
vertex 47.4381217956543 44.672122955322266 -5.617910861968994
vertex 47.06092834472656 44.10929870605469 -6.441462516784668
vertex 33.584468841552734 52.666015625 -4.6928205490112305
endloop
endfacet
facet normal 0.3341293846945538 0.6998515944948175 -0.631320283189682
outer loop
vertex 47.40813064575195 43.92487335205078 -6.462149143218994
vertex 47.06092834472656 44.10929870605469 -6.441462516784668
vertex 47.4381217956543 44.672122955322266 -5.617910861968994
endloop
endfacet
facet normal 0.3322090700444155 0.7003939444375812 -0.6317321080769849
outer loop
vertex 47.69639205932617 44.52309799194336 -5.6473164558410645
vertex 47.40813064575195 43.92487335205078 -6.462149143218994
vertex 47.4381217956543 44.672122955322266 -5.617910861968994
endloop
endfacet
facet normal 0.25731277454664253 0.7332679621677072 -0.6293712987684827
outer loop
vertex 47.52041244506836 43.88127517700195 -6.467039108276367
vertex 47.40813064575195 43.92487335205078 -6.462149143218994
vertex 47.69639205932617 44.52309799194336 -5.6473164558410645
endloop
endfacet
facet normal 0.20348017225108037 0.7492125513604936 -0.6302986374605061
outer loop
vertex 47.775882720947266 44.490177154541016 -5.660786151885986
vertex 47.52041244506836 43.88127517700195 -6.467039108276367
vertex 47.69639205932617 44.52309799194336 -5.6473164558410645
endloop
endfacet
facet normal 0.202131367467794 0.7521981231226637 -0.6271689516042243
outer loop
vertex 32.76516342163086 52.32473373413086 -5.519953727722168
vertex 30.889596939086914 52.8807373046875 -5.457587718963623
vertex 31.006275177001953 53.52007293701172 -4.65319299697876
endloop
endfacet
facet normal 0.20212936467505385 0.7521967972352898 -0.6271711872886314
outer loop
vertex 32.76516342163086 52.32473373413086 -5.519953727722168
vertex 31.006275177001953 53.52007293701172 -4.65319299697876
vertex 31.04684829711914 53.51889419555664 -4.641530513763428
endloop
endfacet
facet normal 0.20213244179221151 0.7521987620443127 -0.6271678390623372
outer loop
vertex 32.17318344116211 53.28003692626953 -4.564994812011719
vertex 32.76516342163086 52.32473373413086 -5.519953727722168
vertex 31.04684829711914 53.51889419555664 -4.641530513763428
endloop
endfacet
facet normal 0.20212994993466685 0.7521984249100879 -0.6271690465115379
outer loop
vertex 32.76516342163086 52.32473373413086 -5.519953727722168
vertex 32.17318344116211 53.28003692626953 -4.564994812011719
vertex 33.06425094604492 52.92978286743164 -4.697892189025879
endloop
endfacet
facet normal 0.020667254280928412 0.7812212799680934 -0.6239119940548515
outer loop
vertex 30.889596939086914 52.8807373046875 -5.457587718963623
vertex 29.88859748840332 52.90982437133789 -5.454325199127197
vertex 29.808237075805664 53.55488204956055 -4.649288654327393
endloop
endfacet
facet normal 0.02066511902872403 0.7812199445674094 -0.6239137368784425
outer loop
vertex 30.889596939086914 52.8807373046875 -5.457587718963623
vertex 29.808237075805664 53.55488204956055 -4.649288654327393
vertex 31.006275177001953 53.52007293701172 -4.65319299697876
endloop
endfacet
facet normal -0.173761563103886 0.7599742454189351 -0.6262955097137569
outer loop
vertex 29.88859748840332 52.90982437133789 -5.454325199127197
vertex 28.642274856567383 53.380767822265625 -4.537077903747559
vertex 29.808237075805664 53.55488204956055 -4.649288654327393
endloop
endfacet
facet normal -0.1737638440092197 0.7599720842632631 -0.6262974993209627
outer loop
vertex 29.88859748840332 52.90982437133789 -5.454325199127197
vertex 27.543872833251953 53.00153732299805 -4.692502498626709
vertex 28.642274856567383 53.380767822265625 -4.537077903747559
endloop
endfacet
facet normal -0.1737635058558365 0.7599729348866605 -0.6262965609616937
outer loop
vertex 29.88859748840332 52.90982437133789 -5.454325199127197
vertex 27.860239028930664 52.3988151550293 -5.511643886566162
vertex 27.543872833251953 53.00153732299805 -4.692502498626709
endloop
endfacet
facet normal -0.4057847290004465 0.6542957990724164 -0.6381502652402663
outer loop
vertex 25.60717010498047 51.706634521484375 -4.788662910461426
vertex 26.44195556640625 52.401145935058594 -4.607400417327881
vertex 26.20398712158203 51.245452880859375 -5.641014575958252
endloop
endfacet
facet normal -0.4057849599211801 0.6542957553699139 -0.6381501632113558
outer loop
vertex 27.860239028930664 52.3988151550293 -5.511643886566162
vertex 26.20398712158203 51.245452880859375 -5.641014575958252
vertex 26.44195556640625 52.401145935058594 -4.607400417327881
endloop
endfacet
facet normal -0.4057756414801766 0.654301170562656 -0.6381505363013411
outer loop
vertex 27.543872833251953 53.00153732299805 -4.692502498626709
vertex 27.860239028930664 52.3988151550293 -5.511643886566162
vertex 27.44455909729004 52.96725082397461 -4.664506912231445
endloop
endfacet
facet normal -0.4057854823234498 0.6542946350423756 -0.638150979698605
outer loop
vertex 27.860239028930664 52.3988151550293 -5.511643886566162
vertex 26.44195556640625 52.401145935058594 -4.607400417327881
vertex 27.44455909729004 52.96725082397461 -4.664506912231445
endloop
endfacet
facet normal -0.6048761238469529 0.4359810541489337 -0.6663673125409666
outer loop
vertex 16.512805938720703 35.0179328918457 -7.4612226486206055
vertex 15.825169563293457 35.335289001464844 -6.6294050216674805
vertex 26.20398712158203 51.245452880859375 -5.641014575958252
endloop
endfacet
facet normal -0.6080624091118392 0.4378043907524565 -0.662259331427634
outer loop
vertex 26.20398712158203 51.245452880859375 -5.641014575958252
vertex 15.825169563293457 35.335289001464844 -6.6294050216674805
vertex 24.73029899597168 50.70665740966797 -4.644113063812256
endloop
endfacet
facet normal -0.6080798239248093 0.4374573213651158 -0.6624726558278693
outer loop
vertex 24.73029899597168 50.70665740966797 -4.644113063812256
vertex 25.60717010498047 51.706634521484375 -4.788662910461426
vertex 26.20398712158203 51.245452880859375 -5.641014575958252
endloop
endfacet
facet normal -0.6080802304855039 0.43745777513308226 -0.662471983006308
outer loop
vertex 25.60717010498047 51.706634521484375 -4.788662910461426
vertex 24.73029899597168 50.70665740966797 -4.644113063812256
vertex 25.4678955078125 51.590763092041016 -4.737338066101074
endloop
endfacet
facet normal -0.3507949334251873 0.6889505218616333 -0.63426342564411
outer loop
vertex 14.754372596740723 33.575069427490234 -7.62306547164917
vertex 15.059423446655273 34.41558074951172 -6.878799915313721
vertex 15.428043365478516 33.957584381103516 -7.580159664154053
endloop
endfacet
facet normal -0.32311757752591397 0.6981412720736967 -0.6389004580692564
outer loop
vertex 14.754372596740723 33.575069427490234 -7.62306547164917
vertex 14.44340991973877 34.04721450805664 -6.949875354766846
vertex 14.674615859985352 34.155765533447266 -6.9481892585754395
endloop
endfacet
facet normal -0.45679624346602216 0.6156537881736494 -0.6421118322089743
outer loop
vertex 15.10093879699707 34.45416259765625 -6.871341705322266
vertex 15.428043365478516 33.957584381103516 -7.580159664154053
vertex 15.059423446655273 34.41558074951172 -6.878799915313721
endloop
endfacet
facet normal -0.35079535284717867 0.6889504947512818 -0.6342632231201707
outer loop
vertex 15.059423446655273 34.41558074951172 -6.878799915313721
vertex 14.754372596740723 33.575069427490234 -7.62306547164917
vertex 14.674615859985352 34.155765533447266 -6.9481892585754395
endloop
endfacet
facet normal -0.5479177775494017 0.5254931708380227 -0.6508786649199104
outer loop
vertex 16.42788314819336 34.88401412963867 -7.476243495941162
vertex 15.519771575927734 34.88434600830078 -6.7115159034729
vertex 15.686793327331543 35.096435546875 -6.68088436126709
endloop
endfacet
facet normal -0.44966729588822474 0.623132929426719 -0.639925523223326
outer loop
vertex 15.60534381866455 34.06660079956055 -7.567931175231934
vertex 15.399531364440918 34.731658935546875 -6.775703430175781
vertex 16.057119369506836 34.435054779052734 -7.526602745056152
endloop
endfacet
facet normal -0.36921995547285374 0.6724419598841217 -0.6414814378201642
outer loop
vertex 15.60534381866455 34.06660079956055 -7.567931175231934
vertex 15.428043365478516 33.957584381103516 -7.580159664154053
vertex 15.10093879699707 34.45416259765625 -6.871341705322266
endloop
endfacet
facet normal -0.5479172938847694 0.5254943858804776 -0.6508780910970128
outer loop
vertex 16.057119369506836 34.435054779052734 -7.526602745056152
vertex 15.519771575927734 34.88434600830078 -6.7115159034729
vertex 16.42788314819336 34.88401412963867 -7.476243495941162
endloop
endfacet
facet normal -0.5951837553803894 0.45195502679663363 -0.6644493593078039
outer loop
vertex 16.512805938720703 35.0179328918457 -7.4612226486206055
vertex 16.42788314819336 34.88401412963867 -7.476243495941162
vertex 15.825169563293457 35.335289001464844 -6.6294050216674805
endloop
endfacet
facet normal -0.4496603269878737 0.6231366285308088 -0.6399268180943938
outer loop
vertex 15.399531364440918 34.731658935546875 -6.775703430175781
vertex 15.60534381866455 34.06660079956055 -7.567931175231934
vertex 15.218911170959473 34.56380081176758 -6.812240123748779
endloop
endfacet
facet normal -0.33413044028554023 0.6998497474902119 -0.6313217720089159
outer loop
vertex 15.10093879699707 34.45416259765625 -6.871341705322266
vertex 15.218911170959473 34.56380081176758 -6.812240123748779
vertex 15.60534381866455 34.06660079956055 -7.567931175231934
endloop
endfacet
facet normal -0.44967043723357963 0.623129306881594 -0.639926843305878
outer loop
vertex 15.519771575927734 34.88434600830078 -6.7115159034729
vertex 16.057119369506836 34.435054779052734 -7.526602745056152
vertex 15.399531364440918 34.731658935546875 -6.775703430175781
endloop
endfacet
facet normal -0.6251186707621187 0.41067471193135435 -0.6637566786441405
outer loop
vertex 15.825169563293457 35.335289001464844 -6.6294050216674805
vertex 16.42788314819336 34.88401412963867 -7.476243495941162
vertex 15.76672077178955 35.234397888183594 -6.636781215667725
endloop
endfacet
facet normal -0.5479141455277219 0.5254991662089329 -0.650876881940312
outer loop
vertex 15.686793327331543 35.096435546875 -6.68088436126709
vertex 15.76672077178955 35.234397888183594 -6.636781215667725
vertex 16.42788314819336 34.88401412963867 -7.476243495941162
endloop
endfacet
facet normal -0.0016695768645393068 0.7815182514456721 -0.6238801448759147
outer loop
vertex 13.282388687133789 33.184783935546875 -7.666842937469482
vertex -13.032630920410156 33.76460647583008 -6.870092391967773
vertex 13.280826568603516 33.7685432434082 -6.9355788230896
endloop
endfacet
facet normal -0.0016696419170030307 0.7815171664546935 -0.6238815038390672
outer loop
vertex -13.030913352966309 33.12303924560547 -7.673768520355225
vertex -13.032630920410156 33.76460647583008 -6.870092391967773
vertex 13.282388687133789 33.184783935546875 -7.666842937469482
endloop
endfacet
facet normal -0.33411519472911366 0.6998573002198126 -0.6313214680178091
outer loop
vertex 14.416244506835938 33.410301208496094 -7.641547203063965
vertex 14.16813850402832 33.93328094482422 -6.930487632751465
vertex 14.254326820373535 33.958438873291016 -6.948212146759033
endloop
endfacet
facet normal -0.2057573741665661 0.7526918142685561 -0.6253950237323521
outer loop
vertex 13.856972694396973 33.241703033447266 -7.660458087921143
vertex 13.726792335510254 33.81770706176758 -6.924380779266357
vertex 13.808623313903809 33.828330993652344 -6.938517093658447
endloop
endfacet
facet normal -0.3341363546494398 0.6998488013844948 -0.6313196905706883
outer loop
vertex 14.44340991973877 34.04721450805664 -6.949875354766846
vertex 14.416244506835938 33.410301208496094 -7.641547203063965
vertex 14.254326820373535 33.958438873291016 -6.948212146759033
endloop
endfacet
facet normal -0.07505727091810194 0.7792384020935013 -0.6222169386838433
outer loop
vertex 13.348180770874023 33.7685546875 -6.943689346313477
vertex 13.282388687133789 33.184783935546875 -7.666842937469482
vertex 13.280826568603516 33.7685432434082 -6.9355788230896
endloop
endfacet
facet normal -0.06947381541017787 0.7796312393644053 -0.6223732960044749
outer loop
vertex 13.348180770874023 33.7685546875 -6.943689346313477
vertex 13.726792335510254 33.81770706176758 -6.924380779266357
vertex 13.856972694396973 33.241703033447266 -7.660458087921143
endloop
endfacet
facet normal -0.20575982562499043 0.7526916176537778 -0.6253944538229553
outer loop
vertex 13.856972694396973 33.241703033447266 -7.660458087921143
vertex 14.16813850402832 33.93328094482422 -6.930487632751465
vertex 14.416244506835938 33.410301208496094 -7.641547203063965
endloop
endfacet
facet normal -0.07027885215212822 0.7792981892197276 -0.622699939954255
outer loop
vertex 13.856972694396973 33.241703033447266 -7.660458087921143
vertex 13.282388687133789 33.184783935546875 -7.666842937469482
vertex 13.348180770874023 33.7685546875 -6.943689346313477
endloop
endfacet
facet normal -0.20575864666928523 0.7526915643420976 -0.6253949058707386
outer loop
vertex 14.16813850402832 33.93328094482422 -6.930487632751465
vertex 13.856972694396973 33.241703033447266 -7.660458087921143
vertex 13.808623313903809 33.828330993652344 -6.938517093658447
endloop
endfacet
facet normal -0.3090031765843308 0.7056419632931051 -0.637641322767467
outer loop
vertex 14.754372596740723 33.575069427490234 -7.62306547164917
vertex 14.416244506835938 33.410301208496094 -7.641547203063965
vertex 14.44340991973877 34.04721450805664 -6.949875354766846
endloop
endfacet
facet normal 0.23039227712222085 0.7431727940348271 -0.6281827734417
outer loop
vertex -14.0093355178833 33.284706115722656 -7.655634880065918
vertex -14.3995361328125 33.94651794433594 -7.015787124633789
vertex -13.952377319335938 33.821502685546875 -6.9996867179870605
endloop
endfacet
facet normal 0.38023912035060226 0.6755753056974431 -0.631677305027501
outer loop
vertex -14.822050094604492 34.139034271240234 -6.942989826202393
vertex -15.060702323913574 33.64478302001953 -7.615245819091797
vertex -14.857473373413086 34.16236877441406 -6.939356803894043
endloop
endfacet
facet normal 0.23038935862611865 0.7431724740994943 -0.6281842223207157
outer loop
vertex -14.0093355178833 33.284706115722656 -7.655634880065918
vertex -14.822050094604492 34.139034271240234 -6.942989826202393
vertex -14.3995361328125 33.94651794433594 -7.015787124633789
endloop
endfacet
facet normal 0.23039350523897031 0.7431738209737576 -0.628181108091421
outer loop
vertex -14.0093355178833 33.284706115722656 -7.655634880065918
vertex -15.060702323913574 33.64478302001953 -7.615245819091797
vertex -14.822050094604492 34.139034271240234 -6.942989826202393
endloop
endfacet
facet normal 0.1855166356749147 0.7525022426439703 -0.6319208437008993
outer loop
vertex -13.804252624511719 33.807003021240234 -6.9734673500061035
vertex -14.0093355178833 33.284706115722656 -7.655634880065918
vertex -13.952377319335938 33.821502685546875 -6.9996867179870605
endloop
endfacet
facet normal 0.06865813390786059 0.7798109956437831 -0.622238597100294
outer loop
vertex -13.619576454162598 33.179962158203125 -7.667384147644043
vertex -13.370621681213379 33.76455307006836 -6.907284736633301
vertex -13.030913352966309 33.12303924560547 -7.673768520355225
endloop
endfacet
facet normal 0.18335850756166466 0.7531556372831488 -0.6317723037086803
outer loop
vertex -13.619576454162598 33.179962158203125 -7.667384147644043
vertex -14.0093355178833 33.284706115722656 -7.655634880065918
vertex -13.804252624511719 33.807003021240234 -6.9734673500061035
endloop
endfacet
facet normal 0.06835786954773172 0.7797631396738554 -0.6223316219483522
outer loop
vertex -13.370621681213379 33.76455307006836 -6.907284736633301
vertex -13.032630920410156 33.76460647583008 -6.870092391967773
vertex -13.030913352966309 33.12303924560547 -7.673768520355225
endloop
endfacet
facet normal 0.06949795665879917 0.7796288589297711 -0.6223735826206914
outer loop
vertex -13.370621681213379 33.76455307006836 -6.907284736633301
vertex -13.619576454162598 33.179962158203125 -7.667384147644043
vertex -13.484925270080566 33.7757453918457 -6.9060282707214355
endloop
endfacet
facet normal 0.20575560290892084 0.7526932835985335 -0.6253938380710544
outer loop
vertex -13.804252624511719 33.807003021240234 -6.9734673500061035
vertex -13.484925270080566 33.7757453918457 -6.9060282707214355
vertex -13.619576454162598 33.179962158203125 -7.667384147644043
endloop
endfacet
facet normal 0.5136938807164835 0.5581983084623918 -0.6515621576980694
outer loop
vertex -15.686229705810547 34.871280670166016 -6.685561180114746
vertex -16.264951705932617 34.420204162597656 -7.528268337249756
vertex -15.811561584472656 35.02674865722656 -6.651182651519775
endloop
endfacet
facet normal 0.5141509319948867 0.5578127910595733 -0.6515318175339697
outer loop
vertex -16.264951705932617 34.420204162597656 -7.528268337249756
vertex -16.402536392211914 34.566139221191406 -7.511898994445801
vertex -15.811561584472656 35.02674865722656 -6.651182651519775
endloop
endfacet
facet normal 0.5479280192942287 0.5254816239093442 -0.6508793656322975
outer loop
vertex -15.641449928283691 34.815731048583984 -6.69271183013916
vertex -16.197420120239258 34.350868225097656 -7.536045551300049
vertex -15.686229705810547 34.871280670166016 -6.685561180114746
endloop
endfacet
facet normal 0.3341309667476322 0.699851534752976 -0.6313195121047637
outer loop
vertex -15.230215072631836 33.70863342285156 -7.608084201812744
vertex -15.745643615722656 33.982418060302734 -7.57737398147583
vertex -15.209796905517578 34.394439697265625 -6.837024688720703
endloop
endfacet
facet normal 0.25067679760725065 0.7360369991495739 -0.6288168883103122
outer loop
vertex -15.060702323913574 33.64478302001953 -7.615245819091797
vertex -15.230215072631836 33.70863342285156 -7.608084201812744
vertex -14.977462768554688 34.24140548706055 -6.88370943069458
endloop
endfacet
facet normal 0.4496704340974592 0.6231319588148131 -0.6399242631766799
outer loop
vertex -15.553488731384277 34.70661926269531 -6.7371506690979
vertex -15.745643615722656 33.982418060302734 -7.57737398147583
vertex -15.641449928283691 34.815731048583984 -6.69271183013916
endloop
endfacet
facet normal 0.44965971491883816 0.6231373974709062 -0.6399264994140305
outer loop
vertex -15.336185455322266 34.50924301147461 -6.776655197143555
vertex -15.745643615722656 33.982418060302734 -7.57737398147583
vertex -15.553488731384277 34.70661926269531 -6.7371506690979
endloop
endfacet
facet normal 0.3341418205893683 0.6998433667317898 -0.6313228221557781
outer loop
vertex -15.209796905517578 34.394439697265625 -6.837024688720703
vertex -15.745643615722656 33.982418060302734 -7.57737398147583
vertex -15.336185455322266 34.50924301147461 -6.776655197143555
endloop
endfacet
facet normal 0.5062333934840553 0.5660394846356122 -0.6506358836976857
outer loop
vertex -16.197420120239258 34.350868225097656 -7.536045551300049
vertex -16.264951705932617 34.420204162597656 -7.528268337249756
vertex -15.686229705810547 34.871280670166016 -6.685561180114746
endloop
endfacet
facet normal 0.33412419605556903 0.6998534179957816 -0.6313210078318647
outer loop
vertex -14.977462768554688 34.24140548706055 -6.88370943069458
vertex -15.230215072631836 33.70863342285156 -7.608084201812744
vertex -15.209796905517578 34.394439697265625 -6.837024688720703
endloop
endfacet
facet normal 0.19931263742392022 0.748167880836962 -0.6328659373414327
outer loop
vertex -14.857473373413086 34.16236877441406 -6.939356803894043
vertex -15.060702323913574 33.64478302001953 -7.615245819091797
vertex -14.977462768554688 34.24140548706055 -6.88370943069458
endloop
endfacet
facet normal 0.44966285726216254 0.6231352038265628 -0.6399264274515125
outer loop
vertex -15.745643615722656 33.982418060302734 -7.57737398147583
vertex -16.197420120239258 34.350868225097656 -7.536045551300049
vertex -15.641449928283691 34.815731048583984 -6.69271183013916
endloop
endfacet
facet normal 0.6129098830255861 0.42924361402653827 -0.6633938461479716
outer loop
vertex -25.64095115661621 50.36656188964844 -5.739597797393799
vertex -24.9682674407959 50.77043533325195 -4.856781959533691
vertex -24.84783363342285 50.61924743652344 -4.8433380126953125
endloop
endfacet
facet normal 0.6129118607682874 0.4292410853644112 -0.6633936550531199
outer loop
vertex -24.591136932373047 50.20844268798828 -4.871979713439941
vertex -16.81106185913086 35.11432647705078 -7.45041036605835
vertex -25.64095115661621 50.36656188964844 -5.739597797393799
endloop
endfacet
facet normal 0.6129123608663881 0.4292387893664304 -0.6633946786042466
outer loop
vertex -24.591136932373047 50.20844268798828 -4.871979713439941
vertex -25.64095115661621 50.36656188964844 -5.739597797393799
vertex -24.84783363342285 50.61924743652344 -4.8433380126953125
endloop
endfacet
facet normal 0.6094152452401487 0.42811173942497416 -0.6673330483614703
outer loop
vertex -16.063549041748047 35.44660186767578 -6.554610729217529
vertex -16.81106185913086 35.11432647705078 -7.45041036605835
vertex -24.591136932373047 50.20844268798828 -4.871979713439941
endloop
endfacet
facet normal 0.5451578244944985 0.5237483595108601 -0.6545919357142345
outer loop
vertex -15.811561584472656 35.02674865722656 -6.651182651519775
vertex -16.402536392211914 34.566139221191406 -7.511898994445801
vertex -15.844894409179688 35.06809616088867 -6.645860195159912
endloop
endfacet
facet normal 0.5718411590427523 0.4891161378156834 -0.6586069332712123
outer loop
vertex -15.844894409179688 35.06809616088867 -6.645860195159912
vertex -16.81106185913086 35.11432647705078 -7.45041036605835
vertex -16.063549041748047 35.44660186767578 -6.554610729217529
endloop
endfacet
facet normal 0.5862964488029825 0.4423658145638306 -0.678652311737233
outer loop
vertex -15.844894409179688 35.06809616088867 -6.645860195159912
vertex -16.705766677856445 34.94576644897461 -7.4693169593811035
vertex -16.81106185913086 35.11432647705078 -7.45041036605835
endloop
endfacet
facet normal 0.5530675801656102 0.5152074513224361 -0.6547347049543014
outer loop
vertex -16.402536392211914 34.566139221191406 -7.511898994445801
vertex -16.705766677856445 34.94576644897461 -7.4693169593811035
vertex -15.844894409179688 35.06809616088867 -6.645860195159912
endloop
endfacet
facet normal 0.5145500679664217 0.5608125985046443 -0.6486350722202889
outer loop
vertex -25.64095115661621 50.36656188964844 -5.739597797393799
vertex -26.98855209350586 51.787315368652344 -5.580235004425049
vertex -26.36229133605957 52.215911865234375 -4.712867736816406
endloop
endfacet
facet normal 0.514549881899063 0.5608115730648628 -0.648636106421909
outer loop
vertex -24.9682674407959 50.77043533325195 -4.856781959533691
vertex -25.64095115661621 50.36656188964844 -5.739597797393799
vertex -25.506301879882812 51.44586944580078 -4.699612617492676
endloop
endfacet
facet normal 0.5145562910469293 0.5608056582908405 -0.6486361360369962
outer loop
vertex -26.497085571289062 52.29905319213867 -4.747915267944336
vertex -26.36229133605957 52.215911865234375 -4.712867736816406
vertex -26.98855209350586 51.787315368652344 -5.580235004425049
endloop
endfacet
facet normal 0.5145475942176817 0.5608126826864422 -0.6486369618074751
outer loop
vertex -25.506301879882812 51.44586944580078 -4.699612617492676
vertex -25.64095115661621 50.36656188964844 -5.739597797393799
vertex -26.36229133605957 52.215911865234375 -4.712867736816406
endloop
endfacet
facet normal 0.3728861878591095 0.6758723413507103 -0.6357298711725049
outer loop
vertex -26.497085571289062 52.29905319213867 -4.747915267944336
vertex -26.98855209350586 51.787315368652344 -5.580235004425049
vertex -27.440744400024414 52.88108825683594 -4.682629585266113
endloop
endfacet
facet normal 0.37288454667131754 0.67587236994931 -0.6357308034009592
outer loop
vertex -26.98855209350586 51.787315368652344 -5.580235004425049
vertex -27.842008590698242 52.31371307373047 -5.5211896896362305
vertex -27.535442352294922 52.917938232421875 -4.698997497558594
endloop
endfacet
facet normal 0.37288515581131876 0.6758723787894032 -0.6357304367144316
outer loop
vertex -26.98855209350586 51.787315368652344 -5.580235004425049
vertex -27.535442352294922 52.917938232421875 -4.698997497558594
vertex -27.440744400024414 52.88108825683594 -4.682629585266113
endloop
endfacet
facet normal 0.19437751892210178 0.7544499200749707 -0.6269152241224953
outer loop
vertex -27.842008590698242 52.31371307373047 -5.5211896896362305
vertex -29.85403060913086 52.8853759765625 -5.457067489624023
vertex -29.757755279541016 53.53940200805664 -4.640141010284424
endloop
endfacet
facet normal 0.1943752394216369 0.7544492140298737 -0.6269167805614133
outer loop
vertex -27.535442352294922 52.917938232421875 -4.698997497558594
vertex -27.842008590698242 52.31371307373047 -5.5211896896362305
vertex -28.513751983642578 53.29862976074219 -4.544187068939209
endloop
endfacet
facet normal 0.19437694040672554 0.7544495043851118 -0.6269159037472088
outer loop
vertex -27.842008590698242 52.31371307373047 -5.5211896896362305
vertex -29.757755279541016 53.53940200805664 -4.640141010284424
vertex -28.513751983642578 53.29862976074219 -4.544187068939209
endloop
endfacet
facet normal -0.06016600754069598 0.7789713105096718 -0.6241664432981456
outer loop
vertex -29.85403060913086 52.8853759765625 -5.457067489624023
vertex -31.862041473388672 52.7149658203125 -5.476181983947754
vertex -32.083988189697266 53.34842300415039 -4.664221286773682
endloop
endfacet
facet normal -0.0601646840292166 0.7789734120214754 -0.6241639481412599
outer loop
vertex -29.85403060913086 52.8853759765625 -5.457067489624023
vertex -32.083988189697266 53.34842300415039 -4.664221286773682
vertex -30.909086227416992 53.550472259521484 -4.525310039520264
endloop
endfacet
facet normal -0.05432689685429899 0.7826037958813248 -0.6201450531531506
outer loop
vertex -29.757755279541016 53.53940200805664 -4.640141010284424
vertex -29.85403060913086 52.8853759765625 -5.457067489624023
vertex -30.909086227416992 53.550472259521484 -4.525310039520264
endloop
endfacet
facet normal -0.26573400203934255 0.7280312354287112 -0.631946168910216
outer loop
vertex -47.4441032409668 43.99563217163086 -6.454212188720703
vertex -47.81094741821289 44.56085968017578 -5.648785591125488
vertex -47.738277435302734 44.59706115722656 -5.637637615203857
endloop
endfacet
facet normal -0.346940544165889 0.6911236517700804 -0.6340192085243676
outer loop
vertex -31.862041473388672 52.7149658203125 -5.476181983947754
vertex -47.738277435302734 44.59706115722656 -5.637637615203857
vertex -33.23868179321289 52.93888854980469 -4.4787821769714355
endloop
endfacet
facet normal -0.34695703952717694 0.6911158361016474 -0.6340187014687012
outer loop
vertex -32.083988189697266 53.34842300415039 -4.664221286773682
vertex -31.862041473388672 52.7149658203125 -5.476181983947754
vertex -32.15784454345703 53.33572006225586 -4.637651443481445
endloop
endfacet
facet normal -0.3469402413292273 0.6911240957910886 -0.6340188902259677
outer loop
vertex -32.15784454345703 53.33572006225586 -4.637651443481445
vertex -31.862041473388672 52.7149658203125 -5.476181983947754
vertex -33.23868179321289 52.93888854980469 -4.4787821769714355
endloop
endfacet
facet normal -0.3469408829499385 0.6911242966636065 -0.6340183201605079
outer loop
vertex -47.4441032409668 43.99563217163086 -6.454212188720703
vertex -47.738277435302734 44.59706115722656 -5.637637615203857
vertex -31.862041473388672 52.7149658203125 -5.476181983947754
endloop
endfacet
facet normal -0.2414992636904571 0.7359242732389705 -0.6325295010469157
outer loop
vertex -47.88488006591797 43.79401779174805 -6.4768266677856445
vertex -62.4494514465332 39.19412612915039 -6.267885684967041
vertex -48.13998031616211 44.40659713745117 -5.666716575622559
endloop
endfacet
facet normal -0.24239682103203403 0.7389421452375956 -0.6286559370158085
outer loop
vertex -62.44554901123047 38.513771057128906 -7.069101333618164
vertex -62.4494514465332 39.19412612915039 -6.267885684967041
vertex -47.88488006591797 43.79401779174805 -6.4768266677856445
endloop
endfacet
facet normal -0.22227010254914548 0.7426554518516157 -0.6317110742640695
outer loop
vertex -62.44554901123047 38.513771057128906 -7.069101333618164
vertex -62.69643020629883 39.11624526977539 -6.272543907165527
vertex -62.4494514465332 39.19412612915039 -6.267885684967041
endloop
endfacet
facet normal -0.32519883570451624 0.7024419473515853 -0.6331042788177473
outer loop
vertex -47.81094741821289 44.56085968017578 -5.648785591125488
vertex -47.7659797668457 43.840023040771484 -6.47166633605957
vertex -48.06787109375 44.432865142822266 -5.658827304840088
endloop
endfacet
facet normal -0.2038407482215773 0.7489363672626727 -0.6305103227988094
outer loop
vertex -47.88488006591797 43.79401779174805 -6.4768266677856445
vertex -48.13998031616211 44.40659713745117 -5.666716575622559
vertex -48.06787109375 44.432865142822266 -5.658827304840088
endloop
endfacet
facet normal -0.30746482589469937 0.7073786086390045 -0.6364596490567869
outer loop
vertex -47.4441032409668 43.99563217163086 -6.454212188720703
vertex -47.7659797668457 43.840023040771484 -6.47166633605957
vertex -47.81094741821289 44.56085968017578 -5.648785591125488
endloop
endfacet
facet normal -0.25633088786963804 0.7331425236434238 -0.6299178644471953
outer loop
vertex -47.7659797668457 43.840023040771484 -6.47166633605957
vertex -47.88488006591797 43.79401779174805 -6.4768266677856445
vertex -48.06787109375 44.432865142822266 -5.658827304840088
endloop
endfacet
facet normal -0.12458100121213297 0.770561601234203 -0.625071510181326
outer loop
vertex -79.17581939697266 35.4973258972168 -7.407449722290039
vertex -78.98968505859375 36.20468521118164 -6.572545051574707
vertex -63.07181930541992 39.01548385620117 -6.280050754547119
endloop
endfacet
facet normal -0.12440151311976708 0.7705595488350572 -0.6251097865436324
outer loop
vertex -79.17581939697266 35.4973258972168 -7.407449722290039
vertex -79.3907241821289 36.11943435668945 -6.597822189331055
vertex -78.98968505859375 36.20468521118164 -6.572545051574707
endloop
endfacet
facet normal -0.12473211339638862 0.7710503897898328 -0.6244383046327455
outer loop
vertex -62.94392395019531 38.38550567626953 -7.083488941192627
vertex -79.17581939697266 35.4973258972168 -7.407449722290039
vertex -63.07181930541992 39.01548385620117 -6.280050754547119
endloop
endfacet
facet normal -0.0694568864478643 0.779635238387299 -0.6223701760124337
outer loop
vertex -62.88591766357422 38.39118194580078 -7.082851886749268
vertex -62.94392395019531 38.38550567626953 -7.083488941192627
vertex -63.02873611450195 39.02309036254883 -6.27532958984375
endloop
endfacet
facet normal -0.19004386595799927 0.753304450417571 -0.6296155445927455
outer loop
vertex -62.44554901123047 38.513771057128906 -7.069101333618164
vertex -62.88591766357422 38.39118194580078 -7.082851886749268
vertex -62.69643020629883 39.11624526977539 -6.272543907165527
endloop
endfacet
facet normal -0.06944697479607409 0.7796362896316585 -0.6223699651983973
outer loop
vertex -63.02873611450195 39.02309036254883 -6.27532958984375
vertex -62.94392395019531 38.38550567626953 -7.083488941192627
vertex -63.07181930541992 39.01548385620117 -6.280050754547119
endloop
endfacet
facet normal -0.2057661173737402 0.7526909490215532 -0.6253931884838285
outer loop
vertex -62.88591766357422 38.39118194580078 -7.082851886749268
vertex -63.02873611450195 39.02309036254883 -6.27532958984375
vertex -62.94490051269531 39.03789520263672 -6.285094738006592
endloop
endfacet
facet normal -0.20575627861242707 0.7526929172811756 -0.6253940566445435
outer loop
vertex -62.69643020629883 39.11624526977539 -6.272543907165527
vertex -62.88591766357422 38.39118194580078 -7.082851886749268
vertex -62.94490051269531 39.03789520263672 -6.285094738006592
endloop
endfacet
facet normal -0.2832572918677318 0.722674250130934 -0.6304817481905808
outer loop
vertex -79.17581939697266 35.4973258972168 -7.407449722290039
vertex -80.46450805664062 35.7681999206543 -6.517996311187744
vertex -79.462646484375 36.10414505004883 -6.583034992218018
endloop
endfacet
facet normal -0.2832538183016075 0.722675721252306 -0.6304816225156918
outer loop
vertex -79.3907241821289 36.11943435668945 -6.597822189331055
vertex -79.17581939697266 35.4973258972168 -7.407449722290039
vertex -79.462646484375 36.10414505004883 -6.583034992218018
endloop
endfacet
facet normal -0.2832560125571196 0.722675923928498 -0.6304804043936122
outer loop
vertex -79.17581939697266 35.4973258972168 -7.407449722290039
vertex -81.36734771728516 35.28770446777344 -6.663136005401611
vertex -80.46450805664062 35.7681999206543 -6.517996311187744
endloop
endfacet
facet normal -0.2832560312716578 0.722675850472285 -0.6304804801834784
outer loop
vertex -79.17581939697266 35.4973258972168 -7.407449722290039
vertex -80.97032165527344 34.71766662597656 -7.494902610778809
vertex -81.36734771728516 35.28770446777344 -6.663136005401611
endloop
endfacet
facet normal -0.44025791108799933 0.6287029492857164 -0.6410191676415561
outer loop
vertex -81.36734771728516 35.28770446777344 -6.663136005401611
vertex -80.97032165527344 34.71766662597656 -7.494902610778809
vertex -81.48091125488281 35.22726058959961 -6.6444220542907715
endloop
endfacet
facet normal -0.4402344379122231 0.6287220718599895 -0.6410165333532288
outer loop
vertex -80.97032165527344 34.71766662597656 -7.494902610778809
vertex -82.33380889892578 34.552940368652344 -6.720059871673584
vertex -81.48091125488281 35.22726058959961 -6.6444220542907715
endloop
endfacet
facet normal -0.44023619471467584 0.6287164771516232 -0.6410208141871794
outer loop
vertex -80.97032165527344 34.71766662597656 -7.494902610778809
vertex -81.75736236572266 34.09540557861328 -7.564700603485107
vertex -82.33380889892578 34.552940368652344 -6.720059871673584
endloop
endfacet
facet normal -0.574279369372811 0.4888054527335042 -0.6567133585444723
outer loop
vertex -82.33380889892578 34.552940368652344 -6.720059871673584
vertex -81.75736236572266 34.09540557861328 -7.564700603485107
vertex -82.47486877441406 34.441410064697266 -6.679720878601074
endloop
endfacet
facet normal -0.5742682782070961 0.4888219162186816 -0.6567108030703878
outer loop
vertex -81.75736236572266 34.09540557861328 -7.564700603485107
vertex -83.2342758178711 33.575965881347656 -6.659841060638428
vertex -82.47486877441406 34.441410064697266 -6.679720878601074
endloop
endfacet
facet normal -0.5742683578514675 0.4888207438691823 -0.6567116060598884
outer loop
vertex -81.75736236572266 34.09540557861328 -7.564700603485107
vertex -83.77819061279297 32.669212341308594 -6.859147548675537
vertex -83.2342758178711 33.575965881347656 -6.659841060638428
endloop
endfacet
facet normal -0.5742681819310005 0.4888202288472038 -0.6567121432495601
outer loop
vertex -81.75736236572266 34.09540557861328 -7.564700603485107
vertex -83.01242065429688 32.359344482421875 -7.759430885314941
vertex -83.77819061279297 32.669212341308594 -6.859147548675537
endloop
endfacet
facet normal -0.662600018728947 0.3241855446938571 -0.6751777157104242
outer loop
vertex -83.01242065429688 32.359344482421875 -7.759430885314941
vertex -83.32511901855469 31.525405883789062 -7.852972030639648
vertex -84.20992279052734 31.625669479370117 -6.936509609222412
endloop
endfacet
facet normal -0.6626053308354303 0.324170205118009 -0.6751798676369268
outer loop
vertex -83.77819061279297 32.669212341308594 -6.859147548675537
vertex -83.01242065429688 32.359344482421875 -7.759430885314941
vertex -83.88606262207031 32.48937225341797 -6.839630126953125
endloop
endfacet
facet normal -0.6626001479337504 0.32418630992129743 -0.675177221489132
outer loop
vertex -83.01242065429688 32.359344482421875 -7.759430885314941
vertex -84.20992279052734 31.625669479370117 -6.936509609222412
vertex -83.88606262207031 32.48937225341797 -6.839630126953125
endloop
endfacet
facet normal -0.7041302533239141 0.1432185223125277 -0.6954775634199973
outer loop
vertex -84.51568603515625 30.164398193359375 -6.927865982055664
vertex -83.52352905273438 29.382966995239258 -8.09328556060791
vertex -84.51313018798828 29.2353458404541 -7.121771812438965
endloop
endfacet
facet normal -0.7041324287529223 0.14322439305246404 -0.695474151937557
outer loop
vertex -83.32511901855469 31.525405883789062 -7.852972030639648
vertex -84.51568603515625 30.164398193359375 -6.927865982055664
vertex -84.2903060913086 31.411283493041992 -6.899271011352539
endloop
endfacet
facet normal -0.7041330920490918 0.14320882636608637 -0.695476685973177
outer loop
vertex -83.32511901855469 31.525405883789062 -7.852972030639648
vertex -84.2903060913086 31.411283493041992 -6.899271011352539
vertex -84.20992279052734 31.625669479370117 -6.936509609222412
endloop
endfacet
facet normal -0.7041297671858403 0.14321955609240702 -0.69547784272075
outer loop
vertex -83.32511901855469 31.525405883789062 -7.852972030639648
vertex -83.52352905273438 29.382966995239258 -8.09328556060791
vertex -84.51568603515625 30.164398193359375 -6.927865982055664
endloop
endfacet
facet normal -0.6970386305463312 -0.03940404047243292 -0.7159500465259725
outer loop
vertex -83.52352905273438 29.382966995239258 -8.09328556060791
vertex -82.5526123046875 17.75379753112793 -8.398516654968262
vertex -84.51251983642578 29.013017654418945 -7.110057353973389
endloop
endfacet
facet normal -0.6969874745184843 -0.03963872632480977 -0.7159868935530119
outer loop
vertex -83.52352905273438 29.382966995239258 -8.09328556060791
vertex -84.51251983642578 29.013017654418945 -7.110057353973389
vertex -84.51313018798828 29.2353458404541 -7.121771812438965
endloop
endfacet
facet normal -0.6953902778590438 -0.039224136412479974 -0.717561027775211
outer loop
vertex -83.52352905273438 29.382966995239258 -8.09328556060791
vertex -81.56939697265625 18.031639099121094 -9.366540908813477
vertex -82.5526123046875 17.75379753112793 -8.398516654968262
endloop
endfacet
facet normal -0.6857727796892096 0.23596550749169004 -0.688502704360356
outer loop
vertex -81.62594604492188 16.77399253845215 -9.507608413696289
vertex -82.47620391845703 16.645139694213867 -8.704882621765137
vertex -82.46913146972656 16.8995304107666 -8.624741554260254
endloop
endfacet
facet normal -0.6835689506430708 0.2586103775689408 -0.6825350997057815
outer loop
vertex -81.62594604492188 16.77399253845215 -9.507608413696289
vertex -81.8219223022461 16.03814125061035 -9.590147018432617
vertex -82.57435607910156 16.149288177490234 -8.79446029663086
endloop
endfacet
facet normal -0.6835921461257222 0.25871919252793096 -0.6824706273334586
outer loop
vertex -81.62594604492188 16.77399253845215 -9.507608413696289
vertex -82.57435607910156 16.149288177490234 -8.79446029663086
vertex -82.56056213378906 16.188562393188477 -8.793388366699219
endloop
endfacet
facet normal -0.6835703376691697 0.2586048686781619 -0.6825357978559129
outer loop
vertex -81.62594604492188 16.77399253845215 -9.507608413696289
vertex -82.56056213378906 16.188562393188477 -8.793388366699219
vertex -82.47620391845703 16.645139694213867 -8.704882621765137
endloop
endfacet
facet normal -0.7030382033170941 0.010436190500069975 -0.7110755027453262
outer loop
vertex -81.56939697265625 18.031639099121094 -9.366540908813477
vertex -82.50517272949219 17.481258392333984 -8.449419975280762
vertex -82.5526123046875 17.75379753112793 -8.398516654968262
endloop
endfacet
facet normal -0.7053981901760684 0.009617969481443445 -0.708745996785436
outer loop
vertex -82.50517272949219 17.481258392333984 -8.449419975280762
vertex -81.52670288085938 17.532041549682617 -9.422578811645508
vertex -82.49869537353516 17.423696517944336 -8.456647872924805
endloop
endfacet
facet normal -0.7053970751111072 0.14766293614026058 -0.6932608626737358
outer loop
vertex -81.52670288085938 17.532041549682617 -9.422578811645508
vertex -82.46329498291016 17.10926628112793 -8.559640884399414
vertex -82.49869537353516 17.423696517944336 -8.456647872924805
endloop
endfacet
facet normal -0.7054013299273015 0.14769524829471753 -0.6932496501030173
outer loop
vertex -81.52670288085938 17.532041549682617 -9.422578811645508
vertex -82.4655532836914 17.028112411499023 -8.57463264465332
vertex -82.46329498291016 17.10926628112793 -8.559640884399414
endloop
endfacet
facet normal -0.7055502474427441 0.019164352442872467 -0.7084007170584512
outer loop
vertex -81.56939697265625 18.031639099121094 -9.366540908813477
vertex -81.52670288085938 17.532041549682617 -9.422578811645508
vertex -82.50517272949219 17.481258392333984 -8.449419975280762
endloop
endfacet
facet normal -0.6782876225617925 0.28311922165483255 -0.6780629818896128
outer loop
vertex -82.4655532836914 17.028112411499023 -8.57463264465332
vertex -81.58399200439453 16.954044342041016 -9.487412452697754
vertex -82.46913146972656 16.8995304107666 -8.624741554260254
endloop
endfacet
facet normal -0.6855271198258948 0.23695237231843513 -0.6884084116539243
outer loop
vertex -81.58399200439453 16.954044342041016 -9.487412452697754
vertex -81.62594604492188 16.77399253845215 -9.507608413696289
vertex -82.46913146972656 16.8995304107666 -8.624741554260254
endloop
endfacet
facet normal -0.7053983910659403 0.1476788702429722 -0.6932561295548294
outer loop
vertex -81.58399200439453 16.954044342041016 -9.487412452697754
vertex -82.4655532836914 17.028112411499023 -8.57463264465332
vertex -81.52670288085938 17.532041549682617 -9.422578811645508
endloop
endfacet
facet normal -0.4321232638355281 0.6499973807440645 -0.6251183007063431
outer loop
vertex -83.73350524902344 14.517627716064453 -9.114445686340332
vertex -83.5478515625 14.648346900939941 -9.106860160827637
vertex -82.79710388183594 14.518757820129395 -9.760573387145996
endloop
endfacet
facet normal -0.46127367578365297 0.6044023022805075 -0.6495571206807447
outer loop
vertex -83.22697448730469 14.958484649658203 -9.046148300170898
vertex -82.79710388183594 14.518757820129395 -9.760573387145996
vertex -83.5478515625 14.648346900939941 -9.106860160827637
endloop
endfacet
facet normal -0.44834550866703754 0.6149699280102925 -0.6486896734965889
outer loop
vertex -82.79710388183594 14.518757820129395 -9.760573387145996
vertex -83.31555938720703 14.090052604675293 -9.808660507202148
vertex -83.73350524902344 14.517627716064453 -9.114445686340332
endloop
endfacet
facet normal -0.4728912241195625 0.5944271657353023 -0.6504077450235332
outer loop
vertex -82.59588623046875 14.7012300491333 -9.740105628967285
vertex -82.79710388183594 14.518757820129395 -9.760573387145996
vertex -83.22697448730469 14.958484649658203 -9.046148300170898
endloop
endfacet
facet normal -0.670679250089913 0.3038354249010322 -0.6766634156462437
outer loop
vertex -82.57435607910156 16.149288177490234 -8.79446029663086
vertex -81.8219223022461 16.03814125061035 -9.590147018432617
vertex -82.67153930664062 15.872469902038574 -8.822433471679688
endloop
endfacet
facet normal -0.6251161666379731 0.41067804767928634 -0.6637569731175529
outer loop
vertex -82.67153930664062 15.872469902038574 -8.822433471679688
vertex -81.94962310791016 15.662406921386719 -9.632292747497559
vertex -82.71437072753906 15.750471115112305 -8.85757827758789
endloop
endfacet
facet normal -0.5479162360664817 0.5254973351545158 -0.6508766004399313
outer loop
vertex -82.85685729980469 15.484978675842285 -8.887652397155762
vertex -82.22512817382812 15.150191307067871 -9.689746856689453
vertex -82.9339370727539 15.341360092163086 -8.938718795776367
endloop
endfacet
facet normal -0.670678327599044 0.30384372251065284 -0.676660604128701
outer loop
vertex -81.8219223022461 16.03814125061035 -9.590147018432617
vertex -81.94962310791016 15.662406921386719 -9.632292747497559
vertex -82.67153930664062 15.872469902038574 -8.822433471679688
endloop
endfacet
facet normal -0.4496676130735984 0.6231298095180738 -0.639928338365056
outer loop
vertex -83.09955596923828 15.122358322143555 -8.97611141204834
vertex -82.59588623046875 14.7012300491333 -9.740105628967285
vertex -83.22697448730469 14.958484649658203 -9.046148300170898
endloop
endfacet
facet normal -0.5479191017913427 0.5254925164311637 -0.6508780784962813
outer loop
vertex -82.22512817382812 15.150191307067871 -9.689746856689453
vertex -83.09955596923828 15.122358322143555 -8.97611141204834
vertex -82.9339370727539 15.341360092163086 -8.938718795776367
endloop
endfacet
facet normal -0.6251150307579288 0.4106822033912478 -0.6637554716446588
outer loop
vertex -81.94962310791016 15.662406921386719 -9.632292747497559
vertex -82.22512817382812 15.150191307067871 -9.689746856689453
vertex -82.85685729980469 15.484978675842285 -8.887652397155762
endloop
endfacet
facet normal -0.5479208876989983 0.5254877117323893 -0.6508804541860195
outer loop
vertex -82.22512817382812 15.150191307067871 -9.689746856689453
vertex -82.59588623046875 14.7012300491333 -9.740105628967285
vertex -83.09955596923828 15.122358322143555 -8.97611141204834
endloop
endfacet
facet normal -0.6251154131713226 0.41068003210256576 -0.663756454919937
outer loop
vertex -81.94962310791016 15.662406921386719 -9.632292747497559
vertex -82.85685729980469 15.484978675842285 -8.887652397155762
vertex -82.71437072753906 15.750471115112305 -8.85757827758789
endloop
endfacet
facet normal -0.12929183048185333 0.7685654668196753 -0.626570623140685
outer loop
vertex -91.19468688964844 12.248257637023926 -10.015251159667969
vertex -91.32819366455078 12.879530906677246 -9.21336841583252
vertex -84.79908752441406 14.03455638885498 -9.143858909606934
endloop
endfacet
facet normal -0.12923598394055663 0.7684438765231001 -0.6267312574693132
outer loop
vertex -84.6764907836914 13.454863548278809 -9.879908561706543
vertex -91.19468688964844 12.248257637023926 -10.015251159667969
vertex -84.79908752441406 14.03455638885498 -9.143858909606934
endloop
endfacet
facet normal -0.4233219785180211 0.6420266664281613 -0.6392184775948914
outer loop
vertex -83.31555938720703 14.090052604675293 -9.808660507202148
vertex -83.56612396240234 13.904072761535645 -9.829521179199219
vertex -83.92749786376953 14.3810453414917 -9.111133575439453
endloop
endfacet
facet normal -0.3348642087081273 0.698618901248764 -0.6322954946417454
outer loop
vertex -84.34384155273438 14.175525665283203 -9.117714881896973
vertex -83.92749786376953 14.3810453414917 -9.111133575439453
vertex -83.56612396240234 13.904072761535645 -9.829521179199219
endloop
endfacet
facet normal -0.33397277475831755 0.6995907555215902 -0.6316921406104089
outer loop
vertex -83.56612396240234 13.904072761535645 -9.829521179199219
vertex -84.08155059814453 13.630287170410156 -9.860231399536133
vertex -84.34384155273438 14.175525665283203 -9.117714881896973
endloop
endfacet
facet normal -0.20490671168963406 0.7502347192426826 -0.6286184101244524
outer loop
vertex -84.08155059814453 13.630287170410156 -9.860231399536133
vertex -84.64082336425781 13.461690902709961 -9.879142761230469
vertex -84.79908752441406 14.03455638885498 -9.143858909606934
endloop
endfacet
facet normal -0.1334833313924547 0.7676502227579151 -0.6268136371682539
outer loop
vertex -84.64082336425781 13.461690902709961 -9.879142761230469
vertex -84.6764907836914 13.454863548278809 -9.879908561706543
vertex -84.79908752441406 14.03455638885498 -9.143858909606934
endloop
endfacet
facet normal -0.19803616828768372 0.7553832470315087 -0.6246421584828125
outer loop
vertex -84.08155059814453 13.630287170410156 -9.860231399536133
vertex -84.79908752441406 14.03455638885498 -9.143858909606934
vertex -84.34384155273438 14.175525665283203 -9.117714881896973
endloop
endfacet
facet normal -0.44562560966856246 0.6172128245419422 -0.6484336089596836
outer loop
vertex -83.31555938720703 14.090052604675293 -9.808660507202148
vertex -83.92749786376953 14.3810453414917 -9.111133575439453
vertex -83.73350524902344 14.517627716064453 -9.114445686340332
endloop
endfacet
facet normal 0.10526901127733927 0.774802704565911 -0.6233772567731686
outer loop
vertex -92.18212890625 12.241369247436523 -10.016023635864258
vertex -93.0163803100586 12.365959167480469 -10.00204849243164
vertex -92.93194580078125 12.860747337341309 -9.372812271118164
endloop
endfacet
facet normal 0.10510407610421943 0.7792481293214643 -0.6178393692014754
outer loop
vertex -92.18212890625 12.241369247436523 -10.016023635864258
vertex -92.7075424194336 12.806154251098633 -9.393071174621582
vertex -92.24486541748047 12.767328262329102 -9.36333179473877
endloop
endfacet
facet normal 0.06604275350924706 0.7800412631135942 -0.622233061279345
outer loop
vertex -92.09014892578125 12.780376434326172 -9.33055305480957
vertex -92.18212890625 12.241369247436523 -10.016023635864258
vertex -92.24486541748047 12.767328262329102 -9.36333179473877
endloop
endfacet
facet normal 0.13784076215900426 0.7888477362417055 -0.5989316933622412
outer loop
vertex -92.18212890625 12.241369247436523 -10.016023635864258
vertex -92.93194580078125 12.860747337341309 -9.372812271118164
vertex -92.7075424194336 12.806154251098633 -9.393071174621582
endloop
endfacet
facet normal 0.0694749700343693 0.7796322045120159 -0.6223719580977745
outer loop
vertex -91.74063110351562 12.19815731048584 -10.020870208740234
vertex -92.18212890625 12.241369247436523 -10.016023635864258
vertex -92.09014892578125 12.780376434326172 -9.33055305480957
endloop
endfacet
facet normal -0.0695025189206439 0.7796307964041931 -0.6223706461280522
outer loop
vertex -91.74063110351562 12.19815731048584 -10.020870208740234
vertex -91.74063110351562 12.809853553771973 -9.254611015319824
vertex -91.70514678955078 12.812847137451172 -9.254823684692383
endloop
endfacet
facet normal -0.06947323362580554 0.7796317273446031 -0.6223727496663433
outer loop
vertex -91.32819366455078 12.879530906677246 -9.21336841583252
vertex -91.74063110351562 12.19815731048584 -10.020870208740234
vertex -91.70514678955078 12.812847137451172 -9.254823684692383
endloop
endfacet
facet normal 0.06947534746630314 0.7796322755810022 -0.622371826938547
outer loop
vertex -91.74063110351562 12.19815731048584 -10.020870208740234
vertex -92.09014892578125 12.780376434326172 -9.33055305480957
vertex -91.74063110351562 12.809853553771973 -9.254611015319824
endloop
endfacet
facet normal -0.0650457037146785 0.7787801062211028 -0.6239155412253411
outer loop
vertex -91.19468688964844 12.248257637023926 -10.015251159667969
vertex -91.74063110351562 12.19815731048584 -10.020870208740234
vertex -91.32819366455078 12.879530906677246 -9.21336841583252
endloop
endfacet
facet normal 0.5280997818415963 0.5461154935405418 -0.6502833906335214
outer loop
vertex -94.80146026611328 13.315260887145996 -9.895566940307617
vertex -96.44720458984375 15.152040481567383 -9.689538955688477
vertex -95.7845458984375 15.546028137207031 -8.820513725280762
endloop
endfacet
facet normal 0.5136064582181306 0.5543451443342297 -0.6549121063392321
outer loop
vertex -94.3488998413086 13.649231910705566 -9.257965087890625
vertex -94.80146026611328 13.315260887145996 -9.895566940307617
vertex -94.64131164550781 13.987744331359863 -9.200754165649414
endloop
endfacet
facet normal 0.5280931607276301 0.5461152610403168 -0.6502889628861681
outer loop
vertex -94.99868774414062 14.552069664001465 -9.017056465148926
vertex -94.80146026611328 13.315260887145996 -9.895566940307617
vertex -95.7845458984375 15.546028137207031 -8.820513725280762
endloop
endfacet
facet normal 0.5280949070320741 0.5461214293124836 -0.6502823645251923
outer loop
vertex -95.7845458984375 15.546028137207031 -8.820513725280762
vertex -96.44720458984375 15.152040481567383 -9.689538955688477
vertex -95.90807342529297 15.6544189453125 -8.829801559448242
endloop
endfacet
facet normal 0.5280987551710592 0.5461137985087717 -0.6502856479002888
outer loop
vertex -94.64131164550781 13.987744331359863 -9.200754165649414
vertex -94.80146026611328 13.315260887145996 -9.895566940307617
vertex -94.99868774414062 14.552069664001465 -9.017056465148926
endloop
endfacet
facet normal 0.20575821958206764 0.7526936733176981 -0.6253925081274382
outer loop
vertex -93.15650939941406 12.379674911499023 -10.000510215759277
vertex -93.4783935546875 13.048659324645996 -9.301253318786621
vertex -93.15869140625 12.915908813476562 -9.355841636657715
endloop
endfacet
facet normal 0.3341283672966593 0.6998520663050639 -0.6313202986251916
outer loop
vertex -93.4783935546875 13.048659324645996 -9.301253318786621
vertex -93.71578216552734 12.548271179199219 -9.981598854064941
vertex -93.5875015258789 13.093963623046875 -9.30877685546875
endloop
endfacet
facet normal 0.0694777368016387 0.779631950869862 -0.6223719669713403
outer loop
vertex -92.93194580078125 12.860747337341309 -9.372812271118164
vertex -93.0163803100586 12.365959167480469 -10.00204849243164
vertex -93.15650939941406 12.379674911499023 -10.000510215759277
endloop
endfacet
facet normal 0.44967702722415853 0.6231267560061908 -0.63992469645736
outer loop
vertex -93.88066101074219 13.273092269897461 -9.265360832214355
vertex -94.23120880126953 12.82205581665039 -9.950888633728027
vertex -93.98369598388672 13.336051940917969 -9.276456832885742
endloop
endfacet
facet normal 0.20575702181127906 0.7526936005077325 -0.6253929898312409
outer loop
vertex -93.15650939941406 12.379674911499023 -10.000510215759277
vertex -93.71578216552734 12.548271179199219 -9.981598854064941
vertex -93.4783935546875 13.048659324645996 -9.301253318786621
endloop
endfacet
facet normal 0.44966210662831585 0.6231363608282705 -0.6399258282615921
outer loop
vertex -94.23120880126953 12.82205581665039 -9.950888633728027
vertex -94.68299102783203 13.190508842468262 -9.909560203552246
vertex -94.24443817138672 13.557194709777832 -9.244333267211914
endloop
endfacet
facet normal 0.5479235848989978 0.5254869697421171 -0.6508787826797537
outer loop
vertex -94.24443817138672 13.557194709777832 -9.244333267211914
vertex -94.68299102783203 13.190508842468262 -9.909560203552246
vertex -94.3488998413086 13.649231910705566 -9.257965087890625
endloop
endfacet
facet normal 0.33413177289613205 0.6998507716765847 -0.6313199313541246
outer loop
vertex -93.71578216552734 12.548271179199219 -9.981598854064941
vertex -94.23120880126953 12.82205581665039 -9.950888633728027
vertex -93.88066101074219 13.273092269897461 -9.265360832214355
endloop
endfacet
facet normal 0.5102650650976681 0.557974717244486 -0.6544415774206346
outer loop
vertex -94.68299102783203 13.190508842468262 -9.909560203552246
vertex -94.80146026611328 13.315260887145996 -9.895566940307617
vertex -94.3488998413086 13.649231910705566 -9.257965087890625
endloop
endfacet
facet normal 0.06947999662727516 0.7796314255099962 -0.6223723728009823
outer loop
vertex -92.93194580078125 12.860747337341309 -9.372812271118164
vertex -93.15650939941406 12.379674911499023 -10.000510215759277
vertex -93.041748046875 12.887459754943848 -9.351608276367188
endloop
endfacet
facet normal 0.3341318473042313 0.6998507611828517 -0.6313199036058065
outer loop
vertex -93.5875015258789 13.093963623046875 -9.30877685546875
vertex -93.71578216552734 12.548271179199219 -9.981598854064941
vertex -93.88066101074219 13.273092269897461 -9.265360832214355
endloop
endfacet
facet normal 0.44966062313766525 0.6231368645662925 -0.6399263801547306
outer loop
vertex -94.23120880126953 12.82205581665039 -9.950888633728027
vertex -94.24443817138672 13.557194709777832 -9.244333267211914
vertex -93.98369598388672 13.336051940917969 -9.276456832885742
endloop
endfacet
facet normal 0.2057490509355003 0.7526951401114527 -0.6253937592363242
outer loop
vertex -93.041748046875 12.887459754943848 -9.351608276367188
vertex -93.15650939941406 12.379674911499023 -10.000510215759277
vertex -93.15869140625 12.915908813476562 -9.355841636657715
endloop
endfacet
facet normal 0.41597317317652927 0.6470666495706665 -0.6389609301129776
outer loop
vertex -96.44720458984375 15.152040481567383 -9.689538955688477
vertex -98.16827392578125 16.396259307861328 -9.549978256225586
vertex -97.73657989501953 16.95722198486328 -8.700860023498535
endloop
endfacet
facet normal 0.4159757501013437 0.6470661573063164 -0.6389597509988105
outer loop
vertex -95.90807342529297 15.6544189453125 -8.829801559448242
vertex -96.44720458984375 15.152040481567383 -9.689538955688477
vertex -96.64998626708984 16.305431365966797 -8.65353012084961
endloop
endfacet
facet normal 0.41595016345524555 0.6470825922179886 -0.6389597642809778
outer loop
vertex -97.73657989501953 16.95722198486328 -8.700860023498535
vertex -98.16827392578125 16.396259307861328 -9.549978256225586
vertex -97.83853912353516 16.995450973510742 -8.72851848602295
endloop
endfacet
facet normal 0.41597330731177073 0.6470666804340874 -0.6389608115339451
outer loop
vertex -96.44720458984375 15.152040481567383 -9.689538955688477
vertex -97.73657989501953 16.95722198486328 -8.700860023498535
vertex -96.64998626708984 16.305431365966797 -8.65353012084961
endloop
endfacet
facet normal 0.18591185061015 0.7567988158635617 -0.6266516864337157
outer loop
vertex -97.83853912353516 16.995450973510742 -8.72851848602295
vertex -98.16827392578125 16.396259307861328 -9.549978256225586
vertex -98.81466674804688 17.361465454101562 -8.576080322265625
endloop
endfacet
facet normal 0.18591112532404783 0.7567986947903311 -0.6266520478259027
outer loop
vertex -98.16827392578125 16.396259307861328 -9.549978256225586
vertex -100.06155395507812 17.58683967590332 -8.67381763458252
vertex -98.81466674804688 17.361465454101562 -8.576080322265625
endloop
endfacet
facet normal 0.18591054471211022 0.7567982730630693 -0.6266527293913292
outer loop
vertex -98.16827392578125 16.396259307861328 -9.549978256225586
vertex -100.10985565185547 16.92205238342285 -9.491000175476074
vertex -100.06155395507812 17.58683967590332 -8.67381763458252
endloop
endfacet
facet normal -0.1195532161457691 0.7714041551802373 -0.6250141261442558
outer loop
vertex -100.10985565185547 16.92205238342285 -9.491000175476074
vertex -119.96517944335938 13.58994197845459 -9.805610656738281
vertex -119.87277221679688 13.762828826904297 -9.609906196594238
endloop
endfacet
facet normal -0.11955328366521059 0.7714045144303078 -0.625013669835634
outer loop
vertex -100.10985565185547 16.92205238342285 -9.491000175476074
vertex -120.0154800415039 13.528655052185059 -9.871630668640137
vertex -119.96517944335938 13.58994197845459 -9.805610656738281
endloop
endfacet
facet normal -0.11955326297987108 0.7714045404929856 -0.625013641625262
outer loop
vertex -121.62812042236328 13.58994197845459 -9.48752212524414
vertex -135.25482177734375 11.607202529907227 -9.328129768371582
vertex -121.72052764892578 13.762828826904297 -9.256465911865234
endloop
endfacet
facet normal -0.11955316025500552 0.7714037549825226 -0.6250146307662765
outer loop
vertex -121.62812042236328 13.58994197845459 -9.48752212524414
vertex -135.65728759765625 11.521669387817383 -9.356712341308594
vertex -135.25482177734375 11.607202529907227 -9.328129768371582
endloop
endfacet
facet normal -0.11955312192825167 0.7714038937001924 -0.6250144668896801
outer loop
vertex -121.50375366210938 13.438405990600586 -9.698339462280273
vertex -135.44471740722656 10.898366928100586 -10.166665077209473
vertex -121.62812042236328 13.58994197845459 -9.48752212524414
endloop
endfacet
facet normal -0.11955334912862559 0.7714049029955304 -0.625013177738346
outer loop
vertex -121.3333969116211 13.303983688354492 -9.896832466125488
vertex -135.44471740722656 10.898366928100586 -10.166665077209473
vertex -121.50375366210938 13.438405990600586 -9.698339462280273
endloop
endfacet
facet normal -0.11591351276438601 0.7738438936283366 -0.6226794406857805
outer loop
vertex -100.06155395507812 17.58683967590332 -8.67381763458252
vertex -100.10985565185547 16.92205238342285 -9.491000175476074
vertex -101.21293640136719 17.583675384521484 -8.463417053222656
endloop
endfacet
facet normal -0.11955335161218959 0.7714043418740367 -0.6250138698110438
outer loop
vertex -101.21293640136719 17.583675384521484 -8.463417053222656
vertex -119.79664611816406 14.145512580871582 -9.152152061462402
vertex -119.81364440917969 14.318090438842773 -8.935901641845703
endloop
endfacet
facet normal -0.11955324251395504 0.77140436126938 -0.6250138667413542
outer loop
vertex -121.62812042236328 13.58994197845459 -9.48752212524414
vertex -135.44471740722656 10.898366928100586 -10.166665077209473
vertex -135.65728759765625 11.521669387817383 -9.356712341308594
endloop
endfacet
facet normal -0.11955293591200095 0.7714025699040562 -0.6250161363198862
outer loop
vertex -121.72052764892578 13.762828826904297 -9.256465911865234
vertex -135.25482177734375 11.607202529907227 -9.328129768371582
vertex -121.77743530273438 13.950422286987305 -9.014050483703613
endloop
endfacet
facet normal -0.11955270189119559 0.7714014201086965 -0.6250176001720282
outer loop
vertex -121.77743530273438 13.950422286987305 -9.014050483703613
vertex -135.25482177734375 11.607202529907227 -9.328129768371582
vertex -121.77965545654297 13.97293472290039 -8.985840797424316
endloop
endfacet
facet normal -0.11955318892898334 0.7714039926674249 -0.6250143319266099
outer loop
vertex -100.10985565185547 16.92205238342285 -9.491000175476074
vertex -119.87277221679688 13.762828826904297 -9.609906196594238
vertex -119.81586456298828 13.950422286987305 -9.389260292053223
endloop
endfacet
facet normal -0.11955338102503128 0.7714044684360286 -0.6250137079796024
outer loop
vertex -119.81586456298828 13.950422286987305 -9.389260292053223
vertex -119.79664611816406 14.145512580871582 -9.152152061462402
vertex -101.21293640136719 17.583675384521484 -8.463417053222656
endloop
endfacet
facet normal -0.11955310257388407 0.771403394157804 -0.6250150871353249
outer loop
vertex -100.10985565185547 16.92205238342285 -9.491000175476074
vertex -119.81586456298828 13.950422286987305 -9.389260292053223
vertex -101.21293640136719 17.583675384521484 -8.463417053222656
endloop
endfacet
facet normal -0.2832531925102761 0.7226763675717476 -0.6304811628320396
outer loop
vertex -135.44471740722656 10.898366928100586 -10.166665077209473
vertex -137.63314819335938 10.690102577209473 -9.422198295593262
vertex -136.73031616210938 11.170598030090332 -9.277050971984863
endloop
endfacet
facet normal -0.2832532812447819 0.722676020525135 -0.6304815207617263
outer loop
vertex -135.44471740722656 10.898366928100586 -10.166665077209473
vertex -137.23611450195312 10.120064735412598 -10.253965377807617
vertex -137.63314819335938 10.690102577209473 -9.422198295593262
endloop
endfacet
facet normal -0.28323097604758085 0.7226864253439598 -0.6304796149208189
outer loop
vertex -135.44471740722656 10.898366928100586 -10.166665077209473
vertex -135.72836303710938 11.50656509399414 -9.342096328735352
vertex -135.65728759765625 11.521669387817383 -9.356712341308594
endloop
endfacet
facet normal -0.2832523967833699 0.722677405561828 -0.6304803305471961
outer loop
vertex -135.44471740722656 10.898366928100586 -10.166665077209473
vertex -136.73031616210938 11.170598030090332 -9.277050971984863
vertex -135.72836303710938 11.50656509399414 -9.342096328735352
endloop
endfacet
facet normal -0.440235232116498 0.6287144135537565 -0.641023499251852
outer loop
vertex -137.23611450195312 10.120064735412598 -10.253965377807617
vertex -138.599609375 9.955338478088379 -9.479122161865234
vertex -137.74671936035156 10.62966251373291 -9.403485298156738
endloop
endfacet
facet normal -0.4402335382663748 0.6287198078463548 -0.6410193717877102
outer loop
vertex -138.02316284179688 9.497804641723633 -10.323763847351074
vertex -138.599609375 9.955338478088379 -9.479122161865234
vertex -137.23611450195312 10.120064735412598 -10.253965377807617
endloop
endfacet
facet normal -0.44021644704313895 0.6287297165937649 -0.6410213906139478
outer loop
vertex -137.63314819335938 10.690102577209473 -9.422198295593262
vertex -137.23611450195312 10.120064735412598 -10.253965377807617
vertex -137.74671936035156 10.62966251373291 -9.403485298156738
endloop
endfacet
facet normal -0.5742655120456073 0.4888195951573355 -0.6567149496282348
outer loop
vertex -140.0439910888672 8.071613311767578 -9.618209838867188
vertex -139.5000762939453 8.978365898132324 -9.418904304504395
vertex -139.27821350097656 7.761744022369385 -10.51849365234375
endloop
endfacet
facet normal -0.5742683421596232 0.4888179494475978 -0.6567136997894012
outer loop
vertex -138.02316284179688 9.497804641723633 -10.323763847351074
vertex -139.27821350097656 7.761744022369385 -10.51849365234375
vertex -139.5000762939453 8.978365898132324 -9.418904304504395
endloop
endfacet
facet normal -0.5742683555446346 0.48881775241485254 -0.6567138347439873
outer loop
vertex -138.02316284179688 9.497804641723633 -10.323763847351074
vertex -139.5000762939453 8.978365898132324 -9.418904304504395
vertex -138.7406768798828 9.843809127807617 -9.438783645629883
endloop
endfacet
facet normal -0.5742609022274479 0.4888288157802681 -0.6567121173206553
outer loop
vertex -138.599609375 9.955338478088379 -9.479122161865234
vertex -138.02316284179688 9.497804641723633 -10.323763847351074
vertex -138.7406768798828 9.843809127807617 -9.438783645629883
endloop
endfacet
facet normal -0.6625963891320248 0.32418084432120803 -0.6751835345181272
outer loop
vertex -139.27821350097656 7.761744022369385 -10.51849365234375
vertex -140.47572326660156 7.028069972991943 -9.695572853088379
vertex -140.15187072753906 7.891770839691162 -9.598692893981934
endloop
endfacet
facet normal -0.6625971501339522 0.3241853513481918 -0.6751806236894055
outer loop
vertex -139.59091186523438 6.927806854248047 -10.612034797668457
vertex -140.47572326660156 7.028069972991943 -9.695572853088379
vertex -139.27821350097656 7.761744022369385 -10.51849365234375
endloop
endfacet
facet normal -0.6625938694299313 0.3241886737049904 -0.6751822480155045
outer loop
vertex -139.27821350097656 7.761744022369385 -10.51849365234375
vertex -140.15187072753906 7.891770839691162 -9.598692893981934
vertex -140.0439910888672 8.071613311767578 -9.618209838867188
endloop
endfacet
facet normal -0.7041321678745189 0.14322374390678516 -0.6954745497469005
outer loop
vertex -139.59091186523438 6.927806854248047 -10.612034797668457
vertex -140.7789306640625 4.6377458572387695 -9.880834579467773
vertex -140.78147888183594 5.566797733306885 -9.686928749084473
endloop
endfacet
facet normal -0.7041298861207568 0.1432195972020846 -0.6954777138405247
outer loop
vertex -139.59091186523438 6.927806854248047 -10.612034797668457
vertex -140.78147888183594 5.566797733306885 -9.686928749084473
vertex -140.5561065673828 6.813683986663818 -9.658333778381348
endloop
endfacet
facet normal -0.7041308970461819 0.1432225985057308 -0.6954760722715091
outer loop
vertex -139.78921508789062 4.786625385284424 -10.85220718383789
vertex -140.7789306640625 4.6377458572387695 -9.880834579467773
vertex -139.59091186523438 6.927806854248047 -10.612034797668457
endloop
endfacet
facet normal -0.7041304770253316 0.1432057282999297 -0.6954799714629931
outer loop
vertex -140.47572326660156 7.028069972991943 -9.695572853088379
vertex -139.59091186523438 6.927806854248047 -10.612034797668457
vertex -140.5561065673828 6.813683986663818 -9.658333778381348
endloop
endfacet
facet normal -0.6966957769777283 -0.041341013146688754 -0.7161745003652424
outer loop
vertex -139.78921508789062 4.786625385284424 -10.85220718383789
vertex -135.80548095703125 -23.933265686035156 -13.069741249084473
vertex -140.7783203125 4.415417671203613 -9.868576049804688
endloop
endfacet
facet normal -0.6952221947591611 -0.041024754303473396 -0.7176232085493017
outer loop
vertex -134.8184356689453 -23.651674270629883 -14.042073249816895
vertex -135.80548095703125 -23.933265686035156 -13.069741249084473
vertex -139.78921508789062 4.786625385284424 -10.85220718383789
endloop
endfacet
facet normal -0.6966826091122925 -0.041400878912589346 -0.7161838516650274
outer loop
vertex -140.7783203125 4.415417671203613 -9.868576049804688
vertex -140.7789306640625 4.6377458572387695 -9.880834579467773
vertex -139.78921508789062 4.786625385284424 -10.85220718383789
endloop
endfacet
facet normal -0.6930460272657033 0.23002677786596307 -0.683209254588833
outer loop
vertex -134.8485107421875 -24.791658401489258 -14.169942855834961
vertex -136.2839813232422 -26.86096954345703 -13.41051197052002
vertex -135.80162048339844 -25.45687484741211 -13.427079200744629
endloop
endfacet
facet normal -0.6928464046625492 0.22920727685356695 -0.6836869779245116
outer loop
vertex -135.80162048339844 -25.45687484741211 -13.427079200744629
vertex -135.72406005859375 -24.99909210205078 -13.352206230163574
vertex -134.8485107421875 -24.791658401489258 -14.169942855834961
endloop
endfacet
facet normal -0.6931473994748744 0.2208355075954281 -0.6861329034423932
outer loop
vertex -135.72021484375 -24.701520919799805 -13.260315895080566
vertex -134.8485107421875 -24.791658401489258 -14.169942855834961
vertex -135.72406005859375 -24.99909210205078 -13.352206230163574
endloop
endfacet
facet normal -0.6909166400866312 0.2280501727274683 -0.686022824088508
outer loop
vertex -135.49949645996094 -27.768335342407227 -14.503830909729004
vertex -136.44195556640625 -27.771780014038086 -13.555793762207031
vertex -134.8485107421875 -24.791658401489258 -14.169942855834961
endloop
endfacet
facet normal -0.6923800573342959 0.22921739646121353 -0.6841558604333519
outer loop
vertex -134.8485107421875 -24.791658401489258 -14.169942855834961
vertex -136.44195556640625 -27.771780014038086 -13.555793762207031
vertex -136.2839813232422 -26.86096954345703 -13.41051197052002
endloop
endfacet
facet normal -0.705402226412886 0.009568121551551562 -0.7087426542982427
outer loop
vertex -135.80548095703125 -23.933265686035156 -13.069741249084473
vertex -134.7744598388672 -24.158714294433594 -14.098946571350098
vertex -135.75738525390625 -24.20740509033203 -13.12131118774414
endloop
endfacet
facet normal -0.7054020835242213 0.009560248338077627 -0.7087429027591048
outer loop
vertex -134.7744598388672 -24.158714294433594 -14.098946571350098
vertex -135.7501678466797 -24.26747703552246 -13.129304885864258
vertex -135.75738525390625 -24.20740509033203 -13.12131118774414
endloop
endfacet
facet normal -0.7043320210907651 0.01851015899845944 -0.7096293244223001
outer loop
vertex -134.8184356689453 -23.651674270629883 -14.042073249816895
vertex -134.7744598388672 -24.158714294433594 -14.098946571350098
vertex -135.80548095703125 -23.933265686035156 -13.069741249084473
endloop
endfacet
facet normal -0.705402441065648 0.14769108191030098 -0.6932494071131903
outer loop
vertex -135.7180633544922 -24.53482437133789 -13.218928337097168
vertex -135.7501678466797 -24.26747703552246 -13.129304885864258
vertex -134.7744598388672 -24.158714294433594 -14.098946571350098
endloop
endfacet
facet normal -0.7053983459776628 0.1476697771365994 -0.6932581124028802
outer loop
vertex -134.8317413330078 -24.736711502075195 -14.163780212402344
vertex -135.71971130371094 -24.662105560302734 -13.244368553161621
vertex -134.7744598388672 -24.158714294433594 -14.098946571350098
endloop
endfacet
facet normal -0.6783016614792678 0.2830630418642064 -0.6780723931594969
outer loop
vertex -134.8317413330078 -24.736711502075195 -14.163780212402344
vertex -134.8485107421875 -24.791658401489258 -14.169942855834961
vertex -135.72021484375 -24.701520919799805 -13.260315895080566
endloop
endfacet
facet normal -0.6783126301400348 0.28301536285361956 -0.6780813226902379
outer loop
vertex -135.71971130371094 -24.662105560302734 -13.244368553161621
vertex -134.8317413330078 -24.736711502075195 -14.163780212402344
vertex -135.72021484375 -24.701520919799805 -13.260315895080566
endloop
endfacet
facet normal -0.7054028853641592 0.14769541368359904 -0.6932480321621904
outer loop
vertex -134.7744598388672 -24.158714294433594 -14.098946571350098
vertex -135.71971130371094 -24.662105560302734 -13.244368553161621
vertex -135.7180633544922 -24.53482437133789 -13.218928337097168
endloop
endfacet
facet normal -0.7071090795065859 0.07915630934094044 -0.7026599663926145
outer loop
vertex -135.49949645996094 -27.768335342407227 -14.503830909729004
vertex -136.50633239746094 -45.55800247192383 -15.494668006896973
vertex -136.48074340820312 -27.99541664123535 -13.541952133178711
endloop
endfacet
facet normal -0.7071070957895935 0.07915630826295554 -0.7026619627859377
outer loop
vertex -135.50807189941406 -45.59568405151367 -16.503488540649414
vertex -136.50633239746094 -45.55800247192383 -15.494668006896973
vertex -135.49949645996094 -27.768335342407227 -14.503830909729004
endloop
endfacet
facet normal -0.7071078902260363 0.07914573747123062 -0.7026623540650365
outer loop
vertex -135.50807189941406 -45.59568405151367 -16.503488540649414
vertex -136.4894256591797 -45.81943893432617 -15.541129112243652
vertex -136.50633239746094 -45.55800247192383 -15.494668006896973
endloop
endfacet
facet normal -0.7071088085784544 0.07915186132483587 -0.7026607401012046
outer loop
vertex -136.48074340820312 -27.99541664123535 -13.541952133178711
vertex -136.44195556640625 -27.771780014038086 -13.555793762207031
vertex -135.49949645996094 -27.768335342407227 -14.503830909729004
endloop
endfacet
facet normal -0.687906209211186 -0.08405451558828714 -0.7209160046343225
outer loop
vertex -135.9762420654297 -47.959381103515625 -15.78116226196289
vertex -136.03985595703125 -47.986236572265625 -15.717329978942871
vertex -135.50807189941406 -45.59568405151367 -16.503488540649414
endloop
endfacet
facet normal -0.6878367981911485 -0.08408733245906812 -0.7209784043742693
outer loop
vertex -135.05116271972656 -47.50088882446289 -16.717191696166992
vertex -135.9762420654297 -47.959381103515625 -15.78116226196289
vertex -135.50807189941406 -45.59568405151367 -16.503488540649414
endloop
endfacet
facet normal -0.6878435134831468 -0.08408689316665163 -0.7209720489427729
outer loop
vertex -135.50807189941406 -45.59568405151367 -16.503488540649414
vertex -136.03985595703125 -47.986236572265625 -15.717329978942871
vertex -136.33250427246094 -47.086883544921875 -15.543020248413086
endloop
endfacet
facet normal -0.6878445960093793 -0.08408571776344696 -0.7209711532432485
outer loop
vertex -135.50807189941406 -45.59568405151367 -16.503488540649414
vertex -136.33250427246094 -47.086883544921875 -15.543020248413086
vertex -136.4894256591797 -46.04182052612305 -15.515192985534668
endloop
endfacet
facet normal -0.6878444844628022 -0.08408610009750958 -0.7209712150734546
outer loop
vertex -135.50807189941406 -45.59568405151367 -16.503488540649414
vertex -136.4894256591797 -46.04182052612305 -15.515192985534668
vertex -136.4894256591797 -45.81943893432617 -15.541129112243652
endloop
endfacet
facet normal -0.6307408946205229 -0.25112464363788195 -0.7342358866270765
outer loop
vertex -135.9762420654297 -47.959381103515625 -15.78116226196289
vertex -135.9762420654297 -48.1817626953125 -15.705102920532227
vertex -136.03985595703125 -47.986236572265625 -15.717329978942871
endloop
endfacet
facet normal -0.623261361220553 -0.25307284854934664 -0.7399320299437125
outer loop
vertex -135.05116271972656 -47.50088882446289 -16.717191696166992
vertex -135.9762420654297 -48.1817626953125 -15.705102920532227
vertex -135.9762420654297 -47.959381103515625 -15.78116226196289
endloop
endfacet
facet normal -0.6232605641203633 -0.25307422816902103 -0.7399322294974187
outer loop
vertex -135.05116271972656 -47.50088882446289 -16.717191696166992
vertex -135.46006774902344 -49.139034271240234 -15.812478065490723
vertex -135.9762420654297 -48.1817626953125 -15.705102920532227
endloop
endfacet
facet normal -0.6232617327966814 -0.2530735255120057 -0.7399314854202396
outer loop
vertex -135.37486267089844 -49.07467269897461 -15.906261444091797
vertex -135.46006774902344 -49.139034271240234 -15.812478065490723
vertex -135.05116271972656 -47.50088882446289 -16.717191696166992
endloop
endfacet
facet normal -0.6232734820674458 -0.2530671354558298 -0.7399237741171059
outer loop
vertex -134.57412719726562 -48.385616302490234 -16.816429138183594
vertex -135.37486267089844 -49.07467269897461 -15.906261444091797
vertex -135.05116271972656 -47.50088882446289 -16.717191696166992
endloop
endfacet
facet normal -0.5264300095553057 -0.411330438033862 -0.7440959049655306
outer loop
vertex -133.6974639892578 -50.80331802368164 -16.100160598754883
vertex -133.777587890625 -50.95615768432617 -15.958986282348633
vertex -134.57412719726562 -48.385616302490234 -16.816429138183594
endloop
endfacet
facet normal -0.5059927886228717 -0.40993468323967647 -0.7588971296156259
outer loop
vertex -134.57412719726562 -48.385616302490234 -16.816429138183594
vertex -133.777587890625 -50.95615768432617 -15.958986282348633
vertex -134.65440368652344 -50.19517135620117 -15.78543472290039
endloop
endfacet
facet normal -0.5090042695020445 -0.40895423677422527 -0.7574107774867618
outer loop
vertex -134.57412719726562 -48.385616302490234 -16.816429138183594
vertex -134.65440368652344 -50.19517135620117 -15.78543472290039
vertex -135.37486267089844 -49.297054290771484 -15.786190032958984
endloop
endfacet
facet normal -0.5090001393165425 -0.40895560328012126 -0.7574128152609594
outer loop
vertex -133.6974639892578 -50.80331802368164 -16.100160598754883
vertex -134.57412719726562 -48.385616302490234 -16.816429138183594
vertex -133.11581420898438 -49.88847351074219 -16.985002517700195
endloop
endfacet
facet normal -0.5090066965125928 -0.408951767778285 -0.7574104795527673
outer loop
vertex -135.37486267089844 -49.07467269897461 -15.906261444091797
vertex -134.57412719726562 -48.385616302490234 -16.816429138183594
vertex -135.37486267089844 -49.297054290771484 -15.786190032958984
endloop
endfacet
facet normal -0.5205344802410576 -0.405663140681049 -0.7513196864005093
outer loop
vertex -135.37486267089844 -49.07467269897461 -15.906261444091797
vertex -135.37486267089844 -49.297054290771484 -15.786190032958984
vertex -135.46006774902344 -49.139034271240234 -15.812478065490723
endloop
endfacet
facet normal -0.3020598381702681 -0.5565379325026808 -0.7739673015381159
outer loop
vertex -133.6974639892578 -50.80331802368164 -16.100160598754883
vertex -133.11581420898438 -49.88847351074219 -16.985002517700195
vertex -133.6974639892578 -51.025699615478516 -15.940252304077148
endloop
endfacet
facet normal -0.30205386715136323 -0.5565410607556437 -0.7739673824082574
outer loop
vertex -133.11581420898438 -49.88847351074219 -16.985002517700195
vertex -131.51708984375 -51.82699966430664 -16.214984893798828
vertex -133.6974639892578 -51.025699615478516 -15.940252304077148
endloop
endfacet
facet normal -0.3020521942037064 -0.5565401893088598 -0.7739686619371516
outer loop
vertex -131.51708984375 -51.82699966430664 -16.214984893798828
vertex -133.11581420898438 -49.88847351074219 -16.985002517700195
vertex -131.29489135742188 -50.74338912963867 -17.080896377563477
endloop
endfacet
facet normal -0.302053597811747 -0.5565400402294779 -0.7739682213568918
outer loop
vertex -133.6974639892578 -51.025699615478516 -15.940252304077148
vertex -131.51708984375 -51.82699966430664 -16.214984893798828
vertex -131.57904052734375 -52.02653503417969 -16.047327041625977
endloop
endfacet
facet normal -0.3020583293638213 -0.5565511040056991 -0.7739584189683415
outer loop
vertex -133.6974639892578 -51.025699615478516 -15.940252304077148
vertex -131.57904052734375 -52.02653503417969 -16.047327041625977
vertex -132.70591735839844 -51.610965728759766 -15.906367301940918
endloop
endfacet
facet normal -0.3020714442497969 -0.5565357854962474 -0.7739643157348515
outer loop
vertex -133.6974639892578 -50.80331802368164 -16.100160598754883
vertex -133.6974639892578 -51.025699615478516 -15.940252304077148
vertex -133.777587890625 -50.95615768432617 -15.958986282348633
endloop
endfacet
facet normal -0.15630680703899835 -0.6064974093346701 -0.7795698009438328
outer loop
vertex -131.57904052734375 -52.02653503417969 -16.047327041625977
vertex -131.51708984375 -51.82699966430664 -16.214984893798828
vertex -131.53921508789062 -52.041221618652344 -16.043886184692383
endloop
endfacet
facet normal -0.003120135075574892 -0.6238719149368133 -0.7815203762603914
outer loop
vertex -131.51708984375 -51.82699966430664 -16.214984893798828
vertex -131.29489135742188 -50.74338912963867 -17.080896377563477
vertex -130.3826446533203 -52.24614334106445 -15.884920120239258
endloop
endfacet
facet normal -0.0031399099931357466 -0.6240387248268959 -0.7813871069333411
outer loop
vertex -78.019775390625 -52.27169418334961 -16.074426651000977
vertex -131.29489135742188 -50.74338912963867 -17.080896377563477
vertex -78.01460266113281 -50.978458404541016 -17.107263565063477
endloop
endfacet
facet normal -0.003132812854441882 -0.6238765963939468 -0.7815165884071326
outer loop
vertex -130.3826446533203 -52.24614334106445 -15.884920120239258
vertex -131.29489135742188 -50.74338912963867 -17.080896377563477
vertex -78.019775390625 -52.27169418334961 -16.074426651000977
endloop
endfacet
facet normal -0.0031218419647970077 -0.6238747482815312 -0.7815181076337278
outer loop
vertex -131.53921508789062 -52.041221618652344 -16.043886184692383
vertex -131.51708984375 -51.82699966430664 -16.214984893798828
vertex -130.3826446533203 -52.24614334106445 -15.884920120239258
endloop
endfacet
facet normal -0.25018257527445065 -0.5814173721193907 -0.7741850672977526
outer loop
vertex -77.2017822265625 -52.366146087646484 -16.162691116333008
vertex -76.97899627685547 -51.174922943115234 -17.129301071166992
vertex -76.76238250732422 -52.516170501708984 -16.1920166015625
endloop
endfacet
facet normal -0.23033106899680228 -0.5868194609074047 -0.7762670410078824
outer loop
vertex -77.37220001220703 -52.33617401123047 -16.134782791137695
vertex -76.97899627685547 -51.174922943115234 -17.129301071166992
vertex -77.2017822265625 -52.366146087646484 -16.162691116333008
endloop
endfacet
facet normal -0.24713466334463172 -0.5794860108205745 -0.7766082805615665
outer loop
vertex -75.09663391113281 -53.023216247558594 -16.34916114807129
vertex -75.15193176269531 -53.22315979003906 -16.182371139526367
vertex -76.97899627685547 -51.174922943115234 -17.129301071166992
endloop
endfacet
facet normal -0.2504108424819869 -0.5812961132470015 -0.7742023241320003
outer loop
vertex -76.27078247070312 -52.76927947998047 -16.161273956298828
vertex -76.97899627685547 -51.174922943115234 -17.129301071166992
vertex -75.15193176269531 -53.22315979003906 -16.182371139526367
endloop
endfacet
facet normal -0.2509359628661177 -0.5813854076486177 -0.773965212599187
outer loop
vertex -76.97899627685547 -51.174922943115234 -17.129301071166992
vertex -76.27078247070312 -52.76927947998047 -16.161273956298828
vertex -76.76238250732422 -52.516170501708984 -16.1920166015625
endloop
endfacet
facet normal -0.2470369361721745 -0.579420299174982 -0.7766883989545867
outer loop
vertex -76.97899627685547 -51.174922943115234 -17.129301071166992
vertex -74.86600494384766 -51.95805358886719 -17.21714210510254
vertex -75.09663391113281 -53.023216247558594 -16.34916114807129
endloop
endfacet
facet normal -0.07506501290643365 -0.6207503293076536 -0.7804064790234616
outer loop
vertex -77.4461441040039 -51.03409957885742 -17.11350440979004
vertex -77.65907287597656 -52.28572082519531 -16.09745979309082
vertex -77.9485092163086 -52.271728515625 -16.08074951171875
endloop
endfacet
facet normal -0.20575979968646832 -0.5954335973342433 -0.7766091269091465
outer loop
vertex -77.4461441040039 -51.03409957885742 -17.11350440979004
vertex -77.37220001220703 -52.33617401123047 -16.134782791137695
vertex -77.65907287597656 -52.28572082519531 -16.09745979309082
endloop
endfacet
facet normal -0.20575679824253118 -0.5954338684007554 -0.7766097142956004
outer loop
vertex -77.4461441040039 -51.03409957885742 -17.11350440979004
vertex -76.97899627685547 -51.174922943115234 -17.129301071166992
vertex -77.37220001220703 -52.33617401123047 -16.134782791137695
endloop
endfacet
facet normal -0.06947746521349808 -0.622371777944379 -0.7796321259708708
outer loop
vertex -78.01460266113281 -50.978458404541016 -17.107263565063477
vertex -77.4461441040039 -51.03409957885742 -17.11350440979004
vertex -78.019775390625 -52.27169418334961 -16.074426651000977
endloop
endfacet
facet normal -0.06947005408322174 -0.6223741665670235 -0.7796308795678102
outer loop
vertex -78.019775390625 -52.27169418334961 -16.074426651000977
vertex -77.4461441040039 -51.03409957885742 -17.11350440979004
vertex -77.9485092163086 -52.271728515625 -16.08074951171875
endloop
endfacet
facet normal -0.11496942946514337 -0.6173810723216 -0.7782176057038872
outer loop
vertex -75.15193176269531 -53.22315979003906 -16.182371139526367
vertex -75.09663391113281 -53.023216247558594 -16.34916114807129
vertex -75.09663391113281 -53.2455940246582 -16.17274284362793
endloop
endfacet
facet normal -0.0777809925921974 -0.6196118593562844 -0.7810449800980868
outer loop
vertex -75.09663391113281 -53.2455940246582 -16.17274284362793
vertex -72.71070098876953 -53.50872039794922 -16.20160675048828
vertex -73.96907806396484 -53.47864532470703 -16.100149154663086
endloop
endfacet
facet normal -0.07778081208787553 -0.6196100644389521 -0.7810464219986596
outer loop
vertex -75.09663391113281 -53.2455940246582 -16.17274284362793
vertex -72.70234680175781 -53.286537170410156 -16.378698348999023
vertex -72.71070098876953 -53.50872039794922 -16.20160675048828
endloop
endfacet
facet normal -0.07778050324161423 -0.6196161553844319 -0.7810416207233114
outer loop
vertex -75.09663391113281 -53.2455940246582 -16.17274284362793
vertex -74.86600494384766 -51.95805358886719 -17.21714210510254
vertex -72.70234680175781 -53.286537170410156 -16.378698348999023
endloop
endfacet
facet normal -0.07775092550101621 -0.6196208325059296 -0.7810408552107848
outer loop
vertex -75.09663391113281 -53.023216247558594 -16.34916114807129
vertex -74.86600494384766 -51.95805358886719 -17.21714210510254
vertex -75.09663391113281 -53.2455940246582 -16.17274284362793
endloop
endfacet
facet normal -0.0777799203158401 -0.6196155471596119 -0.7810421612907695
outer loop
vertex -74.86600494384766 -51.95805358886719 -17.21714210510254
vertex -72.72926330566406 -52.193050384521484 -17.243501663208008
vertex -72.70234680175781 -53.286537170410156 -16.378698348999023
endloop
endfacet
facet normal 0.11847073688882605 -0.6216191048374491 -0.7743089648209603
outer loop
vertex -72.70234680175781 -53.286537170410156 -16.378698348999023
vertex -67.75533294677734 -51.38007736206055 -17.152311325073242
vertex -72.71070098876953 -53.50872039794922 -16.20160675048828
endloop
endfacet
facet normal 0.1156997285117816 -0.617000494347401 -0.7784111784894683
outer loop
vertex -67.83003997802734 -52.68635559082031 -16.128005981445312
vertex -72.71070098876953 -53.50872039794922 -16.20160675048828
vertex -67.75533294677734 -51.38007736206055 -17.152311325073242
endloop
endfacet
facet normal 0.10355638817855138 -0.6173985750345468 -0.7798045101259189
outer loop
vertex -67.83003997802734 -52.68635559082031 -16.128005981445312
vertex -67.75533294677734 -51.38007736206055 -17.152311325073242
vertex -67.5641098022461 -52.65488052368164 -16.117610931396484
endloop
endfacet
facet normal 0.11474518710473766 -0.6144812111926999 -0.7805423647230503
outer loop
vertex -72.72926330566406 -52.193050384521484 -17.243501663208008
vertex -67.75533294677734 -51.38007736206055 -17.152311325073242
vertex -72.70234680175781 -53.286537170410156 -16.378698348999023
endloop
endfacet
facet normal 0.00039614919147243024 -0.623883758140901 -0.781517049969995
outer loop
vertex 29.80826759338379 -52.63544464111328 -16.057538986206055
vertex -67.26988983154297 -51.332401275634766 -17.14696502685547
vertex 30.441707611083984 -52.58494186401367 -16.0975341796875
endloop
endfacet
facet normal 0.00039623158796298145 -0.6238800766162119 -0.7815199888690488
outer loop
vertex -67.26922607421875 -52.63943862915039 -16.10356903076172
vertex -67.26988983154297 -51.332401275634766 -17.14696502685547
vertex 29.80826759338379 -52.63544464111328 -16.057538986206055
endloop
endfacet
facet normal 0.0003962367827507913 -0.6238793204096345 -0.7815205925384338
outer loop
vertex -67.26988983154297 -51.332401275634766 -17.14696502685547
vertex 30.33467674255371 -51.27804946899414 -17.140867233276367
vertex 30.441707611083984 -52.36256408691406 -16.275056838989258
endloop
endfacet
facet normal 0.00039620197180728823 -0.6238812908936756 -0.7815190195362096
outer loop
vertex -67.26988983154297 -51.332401275634766 -17.14696502685547
vertex 30.441707611083984 -52.36256408691406 -16.275056838989258
vertex 30.441707611083984 -52.58494186401367 -16.0975341796875
endloop
endfacet
facet normal 0.06970725800229322 -0.6223400241732495 -0.7796369619854109
outer loop
vertex -67.75533294677734 -51.38007736206055 -17.152311325073242
vertex -67.26988983154297 -51.332401275634766 -17.14696502685547
vertex -67.5641098022461 -52.65488052368164 -16.117610931396484
endloop
endfacet
facet normal 0.06947189857138489 -0.6223178130125885 -0.7796756985542875
outer loop
vertex -67.5641098022461 -52.65488052368164 -16.117610931396484
vertex -67.26988983154297 -51.332401275634766 -17.14696502685547
vertex -67.43370819091797 -52.63944625854492 -16.118310928344727
endloop
endfacet
facet normal 0.06990368913271727 -0.6223323959870218 -0.7796254633801344
outer loop
vertex -67.43370819091797 -52.63944625854492 -16.118310928344727
vertex -67.26988983154297 -51.332401275634766 -17.14696502685547
vertex -67.26922607421875 -52.63943862915039 -16.10356903076172
endloop
endfacet
facet normal 0.05119352645595601 -0.6230632765386022 -0.7804943153399548
outer loop
vertex 30.441707611083984 -52.58494186401367 -16.0975341796875
vertex 30.441707611083984 -52.36256408691406 -16.275056838989258
vertex 30.473461151123047 -52.576629638671875 -16.102087020874023
endloop
endfacet
facet normal 0.14427509234987185 -0.6098396994496643 -0.7792818737161662
outer loop
vertex 31.394372940063477 -52.33550262451172 -16.11034393310547
vertex 31.43189239501953 -51.04340744018555 -17.114547729492188
vertex 31.681243896484375 -52.29825973510742 -16.08637809753418
endloop
endfacet
facet normal 0.15205855757624348 -0.6074401697984869 -0.7796759808939978
outer loop
vertex 30.473461151123047 -52.576629638671875 -16.102087020874023
vertex 30.441707611083984 -52.36256408691406 -16.275056838989258
vertex 31.394372940063477 -52.33550262451172 -16.11034393310547
endloop
endfacet
facet normal 0.1520586249951235 -0.6074395141594001 -0.7796764785488814
outer loop
vertex 30.441707611083984 -52.36256408691406 -16.275056838989258
vertex 30.33467674255371 -51.27804946899414 -17.140867233276367
vertex 31.394372940063477 -52.33550262451172 -16.11034393310547
endloop
endfacet
facet normal 0.14901972409687153 -0.6094937230819312 -0.7786594399054175
outer loop
vertex 30.33467674255371 -51.27804946899414 -17.140867233276367
vertex 31.43189239501953 -51.04340744018555 -17.114547729492188
vertex 31.394372940063477 -52.33550262451172 -16.11034393310547
endloop
endfacet
facet normal -0.0003931126161086958 -0.6238798168179518 -0.7815201978385907
outer loop
vertex 64.6754150390625 -52.271728515625 -16.08281898498535
vertex 64.87741088867188 -50.98731231689453 -17.108257293701172
vertex 64.87674713134766 -52.284114837646484 -16.07303237915039
endloop
endfacet
facet normal -0.0003995274273220511 -0.6238791990846415 -0.7815206877155212
outer loop
vertex 64.6754150390625 -52.271728515625 -16.08281898498535
vertex 32.073524475097656 -50.968894958496094 -17.106189727783203
vertex 64.87741088867188 -50.98731231689453 -17.108257293701172
endloop
endfacet
facet normal -0.000399511453486441 -0.6238789534132945 -0.7815208838403047
outer loop
vertex 32.07285690307617 -52.275699615478516 -16.0629825592041
vertex 32.073524475097656 -50.968894958496094 -17.106189727783203
vertex 64.6754150390625 -52.271728515625 -16.08281898498535
endloop
endfacet
facet normal 0.20578292433678155 -0.5954260690020903 -0.7766087717790217
outer loop
vertex 31.43189239501953 -51.04340744018555 -17.114547729492188
vertex 31.490219116210938 -51.025821685791016 -17.11257553100586
vertex 31.71791648864746 -52.29349899291992 -16.080312728881836
endloop
endfacet
facet normal 0.2057436458844069 -0.5954368361196216 -0.7766109234166403
outer loop
vertex 31.681243896484375 -52.29825973510742 -16.08637809753418
vertex 31.43189239501953 -51.04340744018555 -17.114547729492188
vertex 31.71791648864746 -52.29349899291992 -16.080312728881836
endloop
endfacet
facet normal 0.06948022727761292 -0.6223707951199836 -0.7796326643998253
outer loop
vertex 31.71791648864746 -52.29349899291992 -16.080312728881836
vertex 31.490219116210938 -51.025821685791016 -17.11257553100586
vertex 31.854814529418945 -52.275726318359375 -16.082300186157227
endloop
endfacet
facet normal 0.06914838877347036 -0.6224073764619888 -0.7796329636795362
outer loop
vertex 31.854814529418945 -52.275726318359375 -16.082300186157227
vertex 32.073524475097656 -50.968894958496094 -17.106189727783203
vertex 32.07285690307617 -52.275699615478516 -16.0629825592041
endloop
endfacet
facet normal 0.06927851609874468 -0.6224152059097283 -0.779615160614201
outer loop
vertex 31.490219116210938 -51.025821685791016 -17.11257553100586
vertex 32.073524475097656 -50.968894958496094 -17.106189727783203
vertex 31.854814529418945 -52.275726318359375 -16.082300186157227
endloop
endfacet
facet normal -0.11722115628454205 -0.6141648629298746 -0.7804234245982391
outer loop
vertex 65.1741714477539 -52.31737518310547 -16.069019317626953
vertex 72.92829132080078 -53.61262893676758 -16.214385986328125
vertex 71.98517608642578 -53.514408111572266 -16.1500244140625
endloop
endfacet
facet normal -0.1174762507433428 -0.6166003026003726 -0.7784622003311504
outer loop
vertex 65.1741714477539 -52.31737518310547 -16.069019317626953
vertex 65.36872100830078 -51.03556442260742 -17.11366844177246
vertex 72.9449691772461 -53.39198303222656 -16.390525817871094
endloop
endfacet
facet normal -0.11721936755669952 -0.6141530841436429 -0.7804329625960571
outer loop
vertex 65.1741714477539 -52.31737518310547 -16.069019317626953
vertex 72.9449691772461 -53.39198303222656 -16.390525817871094
vertex 72.92829132080078 -53.61262893676758 -16.214385986328125
endloop
endfacet
facet normal -0.11653836600899474 -0.6142077466815365 -0.7804919302365291
outer loop
vertex 72.9449691772461 -53.39198303222656 -16.390525817871094
vertex 65.36872100830078 -51.03556442260742 -17.11366844177246
vertex 72.945068359375 -52.29374694824219 -17.254796981811523
endloop
endfacet
facet normal -0.06970603820832433 -0.6223248578649521 -0.779649177207715
outer loop
vertex 64.87741088867188 -50.98731231689453 -17.108257293701172
vertex 65.36872100830078 -51.03556442260742 -17.11366844177246
vertex 65.04322052001953 -52.29436111450195 -16.07978057861328
endloop
endfacet
facet normal -0.06990698906200003 -0.6223318196117994 -0.779625627579643
outer loop
vertex 64.87674713134766 -52.284114837646484 -16.07303237915039
vertex 64.87741088867188 -50.98731231689453 -17.108257293701172
vertex 65.04322052001953 -52.29436111450195 -16.07978057861328
endloop
endfacet
facet normal -0.04625015005504816 -0.6268460367003853 -0.7777692266301777
outer loop
vertex 65.04322052001953 -52.29436111450195 -16.07978057861328
vertex 65.36872100830078 -51.03556442260742 -17.11366844177246
vertex 65.1741714477539 -52.31737518310547 -16.069019317626953
endloop
endfacet
facet normal -0.00003441082362870019 -0.623879132735298 -0.7815208420466774
outer loop
vertex 72.92829132080078 -53.61262893676758 -16.214385986328125
vertex 72.9449691772461 -53.39198303222656 -16.390525817871094
vertex 72.96165466308594 -53.61333084106445 -16.21382713317871
endloop
endfacet
facet normal 0.11708310826186484 -0.6141798475096205 -0.7804323549628115
outer loop
vertex 75.28633117675781 -51.90310287475586 -17.210979461669922
vertex 75.54460144042969 -52.95823287963867 -16.341873168945312
vertex 72.945068359375 -52.29374694824219 -17.254796981811523
endloop
endfacet
facet normal 0.11708139617044791 -0.6141812777766958 -0.7804314862301263
outer loop
vertex 72.9449691772461 -53.39198303222656 -16.390525817871094
vertex 72.945068359375 -52.29374694824219 -17.254796981811523
vertex 74.20963287353516 -53.53606033325195 -16.087413787841797
endloop
endfacet
facet normal 0.11708052814024464 -0.6141818560691252 -0.7804311613498566
outer loop
vertex 74.20963287353516 -53.53606033325195 -16.087413787841797
vertex 72.945068359375 -52.29374694824219 -17.254796981811523
vertex 74.3228759765625 -53.516639709472656 -16.085708618164062
endloop
endfacet
facet normal 0.1170820994436784 -0.614180717192548 -0.7804318218901045
outer loop
vertex 74.3228759765625 -53.516639709472656 -16.085708618164062
vertex 72.945068359375 -52.29374694824219 -17.254796981811523
vertex 75.54460144042969 -53.18061447143555 -16.166866302490234
endloop
endfacet
facet normal 0.11708496050580292 -0.6141761823529642 -0.7804349614501472
outer loop
vertex 75.54460144042969 -53.18061447143555 -16.166866302490234
vertex 72.945068359375 -52.29374694824219 -17.254796981811523
vertex 75.54460144042969 -52.95823287963867 -16.341873168945312
endloop
endfacet
facet normal 0.11708141542818526 -0.6141812118357693 -0.7804315352350125
outer loop
vertex 72.9449691772461 -53.39198303222656 -16.390525817871094
vertex 74.20963287353516 -53.53606033325195 -16.087413787841797
vertex 72.96165466308594 -53.61333084106445 -16.21382713317871
endloop
endfacet
facet normal 0.13891367389510303 -0.6124338134579743 -0.7782209296454884
outer loop
vertex 75.54460144042969 -53.18061447143555 -16.166866302490234
vertex 75.54460144042969 -52.95823287963867 -16.341873168945312
vertex 75.60150146484375 -53.152671813964844 -16.178699493408203
endloop
endfacet
facet normal 0 -1 0
outer loop
vertex -8.049817085266113 -51.13544464111328 -10.524024963378906
vertex -7.724658489227295 -51.13544464111328 -11.010660171508789
vertex -8.049817085266113 -51.13544464111328 -4.375974655151367
endloop
endfacet
facet normal 0 -1 0
outer loop
vertex -7.238023281097412 -51.13544464111328 -11.335819244384766
vertex -6.663998126983643 -51.13544464111328 -11.449999809265137
vertex -7.238023281097412 -51.13544464111328 -3.564180612564087
endloop
endfacet
facet normal 0.1950900960897925 0 -0.9807853253427458
outer loop
vertex -6.663998126983643 -52.63694381713867 -3.450000047683716
vertex -7.238023281097412 -52.63697052001953 -3.564180612564087
vertex -7.238023281097412 -51.13544464111328 -3.564180612564087
endloop
endfacet
facet normal 0.5555703047945764 0 -0.8314695643440363
outer loop
vertex -7.238023281097412 -52.63697052001953 -3.564180612564087
vertex -7.724658489227295 -51.13544464111328 -3.8893399238586426
vertex -7.238023281097412 -51.13544464111328 -3.564180612564087
endloop
endfacet
facet normal 0.8314698774048518 0 -0.5555698362657577
outer loop
vertex -7.724658489227295 -52.63698959350586 -3.8893399238586426
vertex -8.049817085266113 -51.13544464111328 -4.375974655151367
vertex -7.724658489227295 -51.13544464111328 -3.8893399238586426
endloop
endfacet
facet normal 0.5555703047945764 0 -0.8314695643440363
outer loop
vertex -7.238023281097412 -52.63697052001953 -3.564180612564087
vertex -7.724658489227295 -52.63698959350586 -3.8893399238586426
vertex -7.724658489227295 -51.13544464111328 -3.8893399238586426
endloop
endfacet
facet normal 0 -1 0
outer loop
vertex -6.663998126983643 -51.13544464111328 -3.450000047683716
vertex -4.413998126983643 -51.13544464111328 -5.699999809265137
vertex 5.336001873016357 -51.13544464111328 -3.450000047683716
endloop
endfacet
facet normal 0.9807850135586839 0 -0.1950916635294606
outer loop
vertex -8.049817085266113 -52.637001037597656 -4.375974655151367
vertex -8.1639986038208 -51.13544464111328 -4.949999809265137
vertex -8.049817085266113 -51.13544464111328 -4.375974655151367
endloop
endfacet
facet normal 0.8314698774048518 0 -0.5555698362657577
outer loop
vertex -7.724658489227295 -52.63698959350586 -3.8893399238586426
vertex -8.049817085266113 -52.637001037597656 -4.375974655151367
vertex -8.049817085266113 -51.13544464111328 -4.375974655151367
endloop
endfacet
facet normal -0.19509009608979253 0 -0.9807853253427458
outer loop
vertex 5.336001873016357 -51.13544464111328 -3.450000047683716
vertex 5.910027027130127 -51.13544464111328 -3.564180612564087
vertex 5.910027027130127 -52.63642883300781 -3.564180612564087
endloop
endfacet
facet normal -0.1950900960897925 0 -0.9807853253427457
outer loop
vertex 5.910027027130127 -52.63642883300781 -3.564180612564087
vertex 5.336001873016357 -52.636451721191406 -3.450000047683716
vertex 5.336001873016357 -51.13544464111328 -3.450000047683716
endloop
endfacet
facet normal 0 -1 0
outer loop
vertex 4.086001873016357 -51.13544464111328 -8.199999809265137
vertex 5.336001873016357 -51.13544464111328 -11.449999809265137
vertex 4.086001873016357 -51.13544464111328 -6.699999809265137
endloop
endfacet
facet normal 0 0 -1
outer loop
vertex 5.336001873016357 -52.636451721191406 -3.450000047683716
vertex -6.663998126983643 -51.13544464111328 -3.450000047683716
vertex 5.336001873016357 -51.13544464111328 -3.450000047683716
endloop
endfacet
facet normal -0.5555706811503046 0 -0.8314693128710082
outer loop
vertex 5.910027027130127 -51.13544464111328 -3.564180612564087
vertex 6.396661758422852 -51.13544464111328 -3.8893399238586426
vertex 6.396661758422852 -52.636409759521484 -3.8893399238586426
endloop
endfacet
facet normal -0.5555706811503045 0 -0.8314693128710081
outer loop
vertex 5.910027027130127 -51.13544464111328 -3.564180612564087
vertex 6.396661758422852 -52.636409759521484 -3.8893399238586426
vertex 5.910027027130127 -52.63642883300781 -3.564180612564087
endloop
endfacet
facet normal -0.8314691246930399 0 -0.5555709627781045
outer loop
vertex 6.721821308135986 -52.63639450073242 -4.375974655151367
vertex 6.396661758422852 -52.636409759521484 -3.8893399238586426
vertex 6.396661758422852 -51.13544464111328 -3.8893399238586426
endloop
endfacet
facet normal 0 -1 0
outer loop
vertex 5.336001873016357 -51.13544464111328 -11.449999809265137
vertex 5.910027027130127 -51.13544464111328 -11.335819244384766
vertex 5.336001873016357 -51.13544464111328 -3.450000047683716
endloop
endfacet
facet normal -0.8314691246930399 0 -0.5555709627781045
outer loop
vertex 6.396661758422852 -51.13544464111328 -3.8893399238586426
vertex 6.721821308135986 -51.13544464111328 -4.375974655151367
vertex 6.721821308135986 -52.63639450073242 -4.375974655151367
endloop
endfacet
facet normal 0 0 1
outer loop
vertex 5.336001873016357 -51.13544464111328 -11.449999809265137
vertex -6.663998126983643 -52.63694381713867 -11.449999809265137
vertex 5.336001873016357 -52.636451721191406 -11.449999809265137
endloop
endfacet
facet normal -0.19509009608979253 0 0.9807853253427458
outer loop
vertex 5.336001873016357 -52.636451721191406 -11.449999809265137
vertex 5.910027027130127 -52.63642883300781 -11.335819244384766
vertex 5.910027027130127 -51.13544464111328 -11.335819244384766
endloop
endfacet
facet normal -0.5555703995223136 0 0.8314695010489663
outer loop
vertex 5.910027027130127 -52.63642883300781 -11.335819244384766
vertex 6.396661758422852 -52.636409759521484 -11.010660171508789
vertex 6.396661758422852 -51.13544464111328 -11.010660171508789
endloop
endfacet
facet normal -0.1950900960897925 0 0.9807853253427457
outer loop
vertex 5.336001873016357 -51.13544464111328 -11.449999809265137
vertex 5.336001873016357 -52.636451721191406 -11.449999809265137
vertex 5.910027027130127 -51.13544464111328 -11.335819244384766
endloop
endfacet
facet normal -0.5555703995223135 0 0.8314695010489662
outer loop
vertex 5.910027027130127 -51.13544464111328 -11.335819244384766
vertex 5.910027027130127 -52.63642883300781 -11.335819244384766
vertex 6.396661758422852 -51.13544464111328 -11.010660171508789
endloop
endfacet
facet normal 0 -1 0
outer loop
vertex 3.0860018730163574 -51.13544464111328 -9.199999809265137
vertex -6.663998126983643 -51.13544464111328 -11.449999809265137
vertex 5.336001873016357 -51.13544464111328 -11.449999809265137
endloop
endfacet
facet normal -0.831469376166266 0 0.5555705864223558
outer loop
vertex 6.721821308135986 -51.13544464111328 -10.524024963378906
vertex 6.396661758422852 -52.636409759521484 -11.010660171508789
vertex 6.721821308135986 -52.63639450073242 -10.524024963378906
endloop
endfacet
facet normal -0.831469376166266 0 0.5555705864223558
outer loop
vertex 6.396661758422852 -51.13544464111328 -11.010660171508789
vertex 6.396661758422852 -52.636409759521484 -11.010660171508789
vertex 6.721821308135986 -51.13544464111328 -10.524024963378906
endloop
endfacet
facet normal 0 -1 0
outer loop
vertex 3.0860018730163574 -51.13544464111328 -9.199999809265137
vertex 5.336001873016357 -51.13544464111328 -11.449999809265137
vertex 3.4686851501464844 -51.13544464111328 -9.123879432678223
endloop
endfacet
facet normal -0.9807853253427458 0 0.19509009608979253
outer loop
vertex 6.836001873016357 -51.13544464111328 -9.949999809265137
vertex 6.721821308135986 -52.63639450073242 -10.524024963378906
vertex 6.836001873016357 -52.636390686035156 -9.949999809265137
endloop
endfacet
facet normal -0.9807853253427457 0 0.1950900960897925
outer loop
vertex 6.721821308135986 -51.13544464111328 -10.524024963378906
vertex 6.721821308135986 -52.63639450073242 -10.524024963378906
vertex 6.836001873016357 -51.13544464111328 -9.949999809265137
endloop
endfacet
facet normal 0 -1 0
outer loop
vertex 3.4686851501464844 -51.13544464111328 -9.123879432678223
vertex 5.336001873016357 -51.13544464111328 -11.449999809265137
vertex 3.7931087017059326 -51.13544464111328 -8.907106399536133
endloop
endfacet
facet normal 0 -1 0
outer loop
vertex 5.910027027130127 -51.13544464111328 -11.335819244384766
vertex 6.396661758422852 -51.13544464111328 -11.010660171508789
vertex 5.910027027130127 -51.13544464111328 -3.564180612564087
endloop
endfacet
facet normal 0 -1 0
outer loop
vertex -6.663998126983643 -51.13544464111328 -3.450000047683716
vertex -4.7966814041137695 -51.13544464111328 -5.776120662689209
vertex -4.413998126983643 -51.13544464111328 -5.699999809265137
endloop
endfacet
facet normal 0 -1 0
outer loop
vertex -6.663998126983643 -51.13544464111328 -3.450000047683716
vertex -5.121105194091797 -51.13544464111328 -5.992893218994141
vertex -4.7966814041137695 -51.13544464111328 -5.776120662689209
endloop
endfacet
facet normal 0 -1 0
outer loop
vertex 3.7931087017059326 -51.13544464111328 -8.907106399536133
vertex 5.336001873016357 -51.13544464111328 -11.449999809265137
vertex 4.009881496429443 -51.13544464111328 -8.582683563232422
endloop
endfacet
facet normal 0 -1 0
outer loop
vertex 4.009881496429443 -51.13544464111328 -8.582683563232422
vertex 5.336001873016357 -51.13544464111328 -11.449999809265137
vertex 4.086001873016357 -51.13544464111328 -8.199999809265137
endloop
endfacet
facet normal 0 -1 0
outer loop
vertex 6.396661758422852 -51.13544464111328 -11.010660171508789
vertex 6.721821308135986 -51.13544464111328 -10.524024963378906
vertex 6.396661758422852 -51.13544464111328 -3.8893399238586426
endloop
endfacet
facet normal -1 0 0
outer loop
vertex 6.836001873016357 -51.13544464111328 -9.949999809265137
vertex 6.836001873016357 -52.636390686035156 -9.949999809265137
vertex 6.836001873016357 -51.13544464111328 -4.949999809265137
endloop
endfacet
facet normal 0 -1 0
outer loop
vertex 6.721821308135986 -51.13544464111328 -10.524024963378906
vertex 6.836001873016357 -51.13544464111328 -9.949999809265137
vertex 6.721821308135986 -51.13544464111328 -4.375974655151367
endloop
endfacet
facet normal 0 -1 0
outer loop
vertex 4.086001873016357 -51.13544464111328 -6.699999809265137
vertex 5.336001873016357 -51.13544464111328 -11.449999809265137
vertex 5.336001873016357 -51.13544464111328 -3.450000047683716
endloop
endfacet
facet normal 0.1950900960897925 0 0.9807853253427457
outer loop
vertex -7.238023281097412 -52.63697052001953 -11.335819244384766
vertex -6.663998126983643 -52.63694381713867 -11.449999809265137
vertex -6.663998126983643 -51.13544464111328 -11.449999809265137
endloop
endfacet
facet normal 0.9807850135586837 0 -0.19509166352946058
outer loop
vertex -8.1639986038208 -51.13544464111328 -4.949999809265137
vertex -8.049817085266113 -52.637001037597656 -4.375974655151367
vertex -8.1639986038208 -52.63700866699219 -4.949999809265137
endloop
endfacet
facet normal -1 0 0
outer loop
vertex 6.836001873016357 -51.13544464111328 -4.949999809265137
vertex 6.836001873016357 -52.636390686035156 -9.949999809265137
vertex 6.836001873016357 -52.636390686035156 -4.949999809265137
endloop
endfacet
facet normal 0.5555700231666056 0 0.8314697525217963
outer loop
vertex -7.724658489227295 -52.63698959350586 -11.010660171508789
vertex -7.238023281097412 -52.63697052001953 -11.335819244384766
vertex -7.238023281097412 -51.13544464111328 -11.335819244384766
endloop
endfacet
facet normal 0.1950900960897925 0 0.9807853253427458
outer loop
vertex -7.238023281097412 -52.63697052001953 -11.335819244384766
vertex -6.663998126983643 -51.13544464111328 -11.449999809265137
vertex -7.238023281097412 -51.13544464111328 -11.335819244384766
endloop
endfacet
facet normal 0.5555700231666056 0 0.8314697525217963
outer loop
vertex -7.724658489227295 -52.63698959350586 -11.010660171508789
vertex -7.238023281097412 -51.13544464111328 -11.335819244384766
vertex -7.724658489227295 -51.13544464111328 -11.010660171508789
endloop
endfacet
facet normal 0 0 1
outer loop
vertex -6.663998126983643 -51.13544464111328 -11.449999809265137
vertex -6.663998126983643 -52.63694381713867 -11.449999809265137
vertex 5.336001873016357 -51.13544464111328 -11.449999809265137
endloop
endfacet
facet normal 0 -1 0
outer loop
vertex -6.663998126983643 -51.13544464111328 -3.450000047683716
vertex -5.3378777503967285 -51.13544464111328 -6.31731653213501
vertex -5.121105194091797 -51.13544464111328 -5.992893218994141
endloop
endfacet
facet normal 0 -1 0
outer loop
vertex -6.663998126983643 -51.13544464111328 -3.450000047683716
vertex -5.413998126983643 -51.13544464111328 -6.699999809265137
vertex -5.3378777503967285 -51.13544464111328 -6.31731653213501
endloop
endfacet
facet normal 0 -1 0
outer loop
vertex 6.721821308135986 -51.13544464111328 -4.375974655151367
vertex 6.836001873016357 -51.13544464111328 -9.949999809265137
vertex 6.836001873016357 -51.13544464111328 -4.949999809265137
endloop
endfacet
facet normal 0 -1 0
outer loop
vertex 6.396661758422852 -51.13544464111328 -3.8893399238586426
vertex 6.721821308135986 -51.13544464111328 -10.524024963378906
vertex 6.721821308135986 -51.13544464111328 -4.375974655151367
endloop
endfacet
facet normal 0 -1 0
outer loop
vertex 5.910027027130127 -51.13544464111328 -3.564180612564087
vertex 6.396661758422852 -51.13544464111328 -11.010660171508789
vertex 6.396661758422852 -51.13544464111328 -3.8893399238586426
endloop
endfacet
facet normal 0 -1 0
outer loop
vertex 5.336001873016357 -51.13544464111328 -3.450000047683716
vertex 5.910027027130127 -51.13544464111328 -11.335819244384766
vertex 5.910027027130127 -51.13544464111328 -3.564180612564087
endloop
endfacet
facet normal 0 -1 0
outer loop
vertex 3.7931087017059326 -51.13544464111328 -5.992893218994141
vertex 4.009881496429443 -51.13544464111328 -6.31731653213501
vertex 5.336001873016357 -51.13544464111328 -3.450000047683716
endloop
endfacet
facet normal 0 -1 0
outer loop
vertex -6.663998126983643 -51.13544464111328 -3.450000047683716
vertex -5.413998126983643 -51.13544464111328 -8.199999809265137
vertex -5.413998126983643 -51.13544464111328 -6.699999809265137
endloop
endfacet
facet normal 0.8314701288772857 0 0.5555694599100908
outer loop
vertex -8.049817085266113 -52.637001037597656 -10.524024963378906
vertex -7.724658489227295 -52.63698959350586 -11.010660171508789
vertex -7.724658489227295 -51.13544464111328 -11.010660171508789
endloop
endfacet
facet normal 0.8314701288772858 0 0.5555694599100908
outer loop
vertex -8.049817085266113 -52.637001037597656 -10.524024963378906
vertex -7.724658489227295 -51.13544464111328 -11.010660171508789
vertex -8.049817085266113 -51.13544464111328 -10.524024963378906
endloop
endfacet
facet normal 0 -1 0
outer loop
vertex 4.086001873016357 -51.13544464111328 -6.699999809265137
vertex 5.336001873016357 -51.13544464111328 -3.450000047683716
vertex 4.009881496429443 -51.13544464111328 -6.31731653213501
endloop
endfacet
facet normal 0 -1 0
outer loop
vertex -7.238023281097412 -51.13544464111328 -3.564180612564087
vertex -6.663998126983643 -51.13544464111328 -11.449999809265137
vertex -6.663998126983643 -51.13544464111328 -3.450000047683716
endloop
endfacet
facet normal 0 -1 0
outer loop
vertex -7.724658489227295 -51.13544464111328 -3.8893399238586426
vertex -7.238023281097412 -51.13544464111328 -11.335819244384766
vertex -7.238023281097412 -51.13544464111328 -3.564180612564087
endloop
endfacet
facet normal 0 -1 0
outer loop
vertex -8.049817085266113 -51.13544464111328 -4.375974655151367
vertex -7.724658489227295 -51.13544464111328 -11.010660171508789
vertex -7.724658489227295 -51.13544464111328 -3.8893399238586426
endloop
endfacet
facet normal 0.1950900960897925 0 -0.9807853253427457
outer loop
vertex -6.663998126983643 -52.63694381713867 -3.450000047683716
vertex -7.238023281097412 -51.13544464111328 -3.564180612564087
vertex -6.663998126983643 -51.13544464111328 -3.450000047683716
endloop
endfacet
facet normal 0 -1 0
outer loop
vertex -8.1639986038208 -51.13544464111328 -4.949999809265137
vertex -8.049817085266113 -51.13544464111328 -10.524024963378906
vertex -8.049817085266113 -51.13544464111328 -4.375974655151367
endloop
endfacet
facet normal 1 0 0
outer loop
vertex -8.1639986038208 -52.63700866699219 -4.949999809265137
vertex -8.1639986038208 -51.13544464111328 -9.949999809265137
vertex -8.1639986038208 -51.13544464111328 -4.949999809265137
endloop
endfacet
facet normal 0 -1 0
outer loop
vertex 3.4686851501464844 -51.13544464111328 -5.776120662689209
vertex 3.7931087017059326 -51.13544464111328 -5.992893218994141
vertex 5.336001873016357 -51.13544464111328 -3.450000047683716
endloop
endfacet
facet normal 0 -1 0
outer loop
vertex 5.336001873016357 -51.13544464111328 -3.450000047683716
vertex 3.0860018730163574 -51.13544464111328 -5.699999809265137
vertex 3.4686851501464844 -51.13544464111328 -5.776120662689209
endloop
endfacet
facet normal 0 -1 0
outer loop
vertex -6.663998126983643 -51.13544464111328 -11.449999809265137
vertex -5.413998126983643 -51.13544464111328 -8.199999809265137
vertex -6.663998126983643 -51.13544464111328 -3.450000047683716
endloop
endfacet
facet normal 0 -1 0
outer loop
vertex 5.336001873016357 -51.13544464111328 -3.450000047683716
vertex -4.413998126983643 -51.13544464111328 -5.699999809265137
vertex 3.0860018730163574 -51.13544464111328 -5.699999809265137
endloop
endfacet
facet normal -0.9807853253427458 0 -0.19509009608979253
outer loop
vertex 6.836001873016357 -51.13544464111328 -4.949999809265137
vertex 6.836001873016357 -52.636390686035156 -4.949999809265137
vertex 6.721821308135986 -51.13544464111328 -4.375974655151367
endloop
endfacet
facet normal 1 0 0
outer loop
vertex -8.1639986038208 -52.63700866699219 -9.949999809265137
vertex -8.1639986038208 -51.13544464111328 -9.949999809265137
vertex -8.1639986038208 -52.63700866699219 -4.949999809265137
endloop
endfacet
facet normal -0.9807853253427457 0 -0.1950900960897925
outer loop
vertex 6.836001873016357 -52.636390686035156 -4.949999809265137
vertex 6.721821308135986 -52.63639450073242 -4.375974655151367
vertex 6.721821308135986 -51.13544464111328 -4.375974655151367
endloop
endfacet
facet normal 0 -1 0
outer loop
vertex -8.1639986038208 -51.13544464111328 -9.949999809265137
vertex -8.049817085266113 -51.13544464111328 -10.524024963378906
vertex -8.1639986038208 -51.13544464111328 -4.949999809265137
endloop
endfacet
facet normal 0 -1 0
outer loop
vertex -7.724658489227295 -51.13544464111328 -11.010660171508789
vertex -7.238023281097412 -51.13544464111328 -11.335819244384766
vertex -7.724658489227295 -51.13544464111328 -3.8893399238586426
endloop
endfacet
facet normal 0.9807850135586839 0 0.1950916635294606
outer loop
vertex -8.1639986038208 -52.63700866699219 -9.949999809265137
vertex -8.049817085266113 -52.637001037597656 -10.524024963378906
vertex -8.049817085266113 -51.13544464111328 -10.524024963378906
endloop
endfacet
facet normal 0.9807850135586837 0 0.19509166352946058
outer loop
vertex -8.1639986038208 -52.63700866699219 -9.949999809265137
vertex -8.049817085266113 -51.13544464111328 -10.524024963378906
vertex -8.1639986038208 -51.13544464111328 -9.949999809265137
endloop
endfacet
facet normal 0 -1 0
outer loop
vertex -4.413998126983643 -51.13544464111328 -9.199999809265137
vertex -4.7966814041137695 -51.13544464111328 -9.123879432678223
vertex -6.663998126983643 -51.13544464111328 -11.449999809265137
endloop
endfacet
facet normal 0 -1 0
outer loop
vertex -4.413998126983643 -51.13544464111328 -9.199999809265137
vertex -6.663998126983643 -51.13544464111328 -11.449999809265137
vertex 3.0860018730163574 -51.13544464111328 -9.199999809265137
endloop
endfacet
facet normal 0 -1 0
outer loop
vertex -6.663998126983643 -51.13544464111328 -11.449999809265137
vertex -4.7966814041137695 -51.13544464111328 -9.123879432678223
vertex -5.121105194091797 -51.13544464111328 -8.907106399536133
endloop
endfacet
facet normal 0 -1 0
outer loop
vertex -6.663998126983643 -51.13544464111328 -11.449999809265137
vertex -5.121105194091797 -51.13544464111328 -8.907106399536133
vertex -5.3378777503967285 -51.13544464111328 -8.582683563232422
endloop
endfacet
facet normal 0 -1 0
outer loop
vertex -6.663998126983643 -51.13544464111328 -11.449999809265137
vertex -5.3378777503967285 -51.13544464111328 -8.582683563232422
vertex -5.413998126983643 -51.13544464111328 -8.199999809265137
endloop
endfacet
facet normal 0 0 -1
outer loop
vertex 5.336001873016357 -52.636451721191406 -3.450000047683716
vertex -6.663998126983643 -52.63694381713867 -3.450000047683716
vertex -6.663998126983643 -51.13544464111328 -3.450000047683716
endloop
endfacet
facet normal 0.5555702100670031 0 0.8314696276389812
outer loop
vertex -5.121105194091797 -51.13544464111328 -8.907106399536133
vertex -4.7966814041137695 -51.13544464111328 -9.123879432678223
vertex -4.7966814041137695 -49.93544387817383 -9.123879432678223
endloop
endfacet
facet normal 0.19509017403555012 0 0.9807853098383859
outer loop
vertex -4.7966814041137695 -49.93544387817383 -9.123879432678223
vertex -4.7966814041137695 -51.13544464111328 -9.123879432678223
vertex -4.413998126983643 -49.93544387817383 -9.199999809265137
endloop
endfacet
facet normal 0.5555702100670031 0 0.8314696276389812
outer loop
vertex -5.121105194091797 -49.93544387817383 -8.907106399536133
vertex -5.121105194091797 -51.13544464111328 -8.907106399536133
vertex -4.7966814041137695 -49.93544387817383 -9.123879432678223
endloop
endfacet
facet normal 0 0 1
outer loop
vertex -4.413998126983643 -49.93544387817383 -9.199999809265137
vertex -4.413998126983643 -51.13544464111328 -9.199999809265137
vertex 3.0860018730163574 -49.93544387817383 -9.199999809265137
endloop
endfacet
facet normal 0.19509017403555012 0 0.9807853098383859
outer loop
vertex -4.7966814041137695 -51.13544464111328 -9.123879432678223
vertex -4.413998126983643 -51.13544464111328 -9.199999809265137
vertex -4.413998126983643 -49.93544387817383 -9.199999809265137
endloop
endfacet
facet normal 0.9807853563514094 0 0.1950899401984604
outer loop
vertex -5.3378777503967285 -51.13544464111328 -8.582683563232422
vertex -5.3378777503967285 -49.93544387817383 -8.582683563232422
vertex -5.413998126983643 -51.13544464111328 -8.199999809265137
endloop
endfacet
facet normal 0 0 -1
outer loop
vertex 3.0860018730163574 -51.13544464111328 -5.699999809265137
vertex -4.413998126983643 -49.93544387817383 -5.699999809265137
vertex 3.0860018730163574 -49.93544387817383 -5.699999809265137
endloop
endfacet
facet normal 0.831469437753771 0 0.5555704942502147
outer loop
vertex -5.3378777503967285 -51.13544464111328 -8.582683563232422
vertex -5.121105194091797 -49.93544387817383 -8.907106399536133
vertex -5.3378777503967285 -49.93544387817383 -8.582683563232422
endloop
endfacet
facet normal 0.9807853563514094 0 0.1950899401984604
outer loop
vertex -5.413998126983643 -49.93544387817383 -8.199999809265137
vertex -5.413998126983643 -51.13544464111328 -8.199999809265137
vertex -5.3378777503967285 -49.93544387817383 -8.582683563232422
endloop
endfacet
facet normal 1 0 0
outer loop
vertex -5.413998126983643 -51.13544464111328 -8.199999809265137
vertex -5.413998126983643 -49.93544387817383 -8.199999809265137
vertex -5.413998126983643 -51.13544464111328 -6.699999809265137
endloop
endfacet
facet normal 1 0 0
outer loop
vertex -5.413998126983643 -51.13544464111328 -6.699999809265137
vertex -5.413998126983643 -49.93544387817383 -8.199999809265137
vertex -5.413998126983643 -49.93544387817383 -6.699999809265137
endloop
endfacet
facet normal 0.831469814963294 0 -0.555569929716238
outer loop
vertex -5.3378777503967285 -51.13544464111328 -6.31731653213501
vertex -5.3378777503967285 -49.93544387817383 -6.31731653213501
vertex -5.121105194091797 -51.13544464111328 -5.992893218994141
endloop
endfacet
facet normal 0.5555693651831525 0 -0.8314701921716671
outer loop
vertex -5.121105194091797 -51.13544464111328 -5.992893218994141
vertex -5.121105194091797 -49.93544387817383 -5.992893218994141
vertex -4.7966814041137695 -51.13544464111328 -5.776120662689209
endloop
endfacet
facet normal -0.19509134961587388 0 -0.9807850760003728
outer loop
vertex 3.0860018730163574 -51.13544464111328 -5.699999809265137
vertex 3.0860018730163574 -49.93544387817383 -5.699999809265137
vertex 3.4686851501464844 -51.13544464111328 -5.776120662689209
endloop
endfacet
facet normal -0.19509134961587388 0 -0.9807850760003728
outer loop
vertex 3.4686851501464844 -49.93544387817383 -5.776120662689209
vertex 3.4686851501464844 -51.13544464111328 -5.776120662689209
vertex 3.0860018730163574 -49.93544387817383 -5.699999809265137
endloop
endfacet
facet normal -0.5555696474495838 0 -0.8314700035676242
outer loop
vertex 3.4686851501464844 -49.93544387817383 -5.776120662689209
vertex 3.7931087017059326 -49.93544387817383 -5.992893218994141
vertex 3.7931087017059326 -51.13544464111328 -5.992893218994141
endloop
endfacet
facet normal -0.831469532696517 0 -0.5555703521584244
outer loop
vertex 3.7931087017059326 -49.93544387817383 -5.992893218994141
vertex 4.009881496429443 -49.93544387817383 -6.31731653213501
vertex 4.009881496429443 -51.13544464111328 -6.31731653213501
endloop
endfacet
facet normal -0.9807853098383859 0 -0.19509017403555012
outer loop
vertex 4.086001873016357 -49.93544387817383 -6.699999809265137
vertex 4.086001873016357 -51.13544464111328 -6.699999809265137
vertex 4.009881496429443 -49.93544387817383 -6.31731653213501
endloop
endfacet
facet normal 0.19509134961587388 0 -0.9807850760003728
outer loop
vertex -4.7966814041137695 -51.13544464111328 -5.776120662689209
vertex -4.7966814041137695 -49.93544387817383 -5.776120662689209
vertex -4.413998126983643 -51.13544464111328 -5.699999809265137
endloop
endfacet
facet normal 0.9807853098383859 0 -0.19509017403555012
outer loop
vertex -5.3378777503967285 -51.13544464111328 -6.31731653213501
vertex -5.413998126983643 -49.93544387817383 -6.699999809265137
vertex -5.3378777503967285 -49.93544387817383 -6.31731653213501
endloop
endfacet
facet normal -0.5555696474495838 0 -0.8314700035676242
outer loop
vertex 3.4686851501464844 -51.13544464111328 -5.776120662689209
vertex 3.4686851501464844 -49.93544387817383 -5.776120662689209
vertex 3.7931087017059326 -51.13544464111328 -5.992893218994141
endloop
endfacet
facet normal -0.831469532696517 0 -0.5555703521584244
outer loop
vertex 4.009881496429443 -51.13544464111328 -6.31731653213501
vertex 3.7931087017059326 -51.13544464111328 -5.992893218994141
vertex 3.7931087017059326 -49.93544387817383 -5.992893218994141
endloop
endfacet
facet normal 0.831469814963294 0 -0.555569929716238
outer loop
vertex -5.121105194091797 -49.93544387817383 -5.992893218994141
vertex -5.121105194091797 -51.13544464111328 -5.992893218994141
vertex -5.3378777503967285 -49.93544387817383 -6.31731653213501
endloop
endfacet
facet normal 0.5555693651831525 0 -0.8314701921716671
outer loop
vertex -4.7966814041137695 -49.93544387817383 -5.776120662689209
vertex -4.7966814041137695 -51.13544464111328 -5.776120662689209
vertex -5.121105194091797 -49.93544387817383 -5.992893218994141
endloop
endfacet
facet normal 0 0 -1
outer loop
vertex -4.413998126983643 -49.93544387817383 -5.699999809265137
vertex 3.0860018730163574 -51.13544464111328 -5.699999809265137
vertex -4.413998126983643 -51.13544464111328 -5.699999809265137
endloop
endfacet
facet normal -0.9807853098383859 0 -0.19509017403555012
outer loop
vertex 4.009881496429443 -49.93544387817383 -6.31731653213501
vertex 4.086001873016357 -51.13544464111328 -6.699999809265137
vertex 4.009881496429443 -51.13544464111328 -6.31731653213501
endloop
endfacet
facet normal -1 0 0
outer loop
vertex 4.086001873016357 -49.93544387817383 -8.199999809265137
vertex 4.086001873016357 -51.13544464111328 -8.199999809265137
vertex 4.086001873016357 -49.93544387817383 -6.699999809265137
endloop
endfacet
facet normal -0.19509017403555012 0 0.9807853098383859
outer loop
vertex 3.0860018730163574 -49.93544387817383 -9.199999809265137
vertex 3.0860018730163574 -51.13544464111328 -9.199999809265137
vertex 3.4686851501464844 -49.93544387817383 -9.123879432678223
endloop
endfacet
facet normal -1 0 0
outer loop
vertex 4.086001873016357 -49.93544387817383 -6.699999809265137
vertex 4.086001873016357 -51.13544464111328 -8.199999809265137
vertex 4.086001873016357 -51.13544464111328 -6.699999809265137
endloop
endfacet
facet normal -0.9807853563514094 0 0.1950899401984604
outer loop
vertex 4.009881496429443 -49.93544387817383 -8.582683563232422
vertex 4.009881496429443 -51.13544464111328 -8.582683563232422
vertex 4.086001873016357 -49.93544387817383 -8.199999809265137
endloop
endfacet
facet normal -0.8314691554865483 0 0.5555709166924471
outer loop
vertex 3.7931087017059326 -49.93544387817383 -8.907106399536133
vertex 3.7931087017059326 -51.13544464111328 -8.907106399536133
vertex 4.009881496429443 -49.93544387817383 -8.582683563232422
endloop
endfacet
facet normal -0.5555704923334805 0 0.8314694390344929
outer loop
vertex 3.4686851501464844 -51.13544464111328 -9.123879432678223
vertex 3.7931087017059326 -51.13544464111328 -8.907106399536133
vertex 3.7931087017059326 -49.93544387817383 -8.907106399536133
endloop
endfacet
facet normal -0.19509017403555012 0 0.9807853098383859
outer loop
vertex 3.0860018730163574 -51.13544464111328 -9.199999809265137
vertex 3.4686851501464844 -51.13544464111328 -9.123879432678223
vertex 3.4686851501464844 -49.93544387817383 -9.123879432678223
endloop
endfacet
facet normal -0.9807853563514094 0 0.1950899401984604
outer loop
vertex 4.009881496429443 -51.13544464111328 -8.582683563232422
vertex 4.086001873016357 -51.13544464111328 -8.199999809265137
vertex 4.086001873016357 -49.93544387817383 -8.199999809265137
endloop
endfacet
facet normal 0 0 1
outer loop
vertex 3.0860018730163574 -49.93544387817383 -9.199999809265137
vertex -4.413998126983643 -51.13544464111328 -9.199999809265137
vertex 3.0860018730163574 -51.13544464111328 -9.199999809265137
endloop
endfacet
facet normal 0.19509134961587388 0 -0.9807850760003728
outer loop
vertex -4.413998126983643 -49.93544387817383 -5.699999809265137
vertex -4.413998126983643 -51.13544464111328 -5.699999809265137
vertex -4.7966814041137695 -49.93544387817383 -5.776120662689209
endloop
endfacet
facet normal -0.5555704923334805 0 0.8314694390344929
outer loop
vertex 3.4686851501464844 -49.93544387817383 -9.123879432678223
vertex 3.4686851501464844 -51.13544464111328 -9.123879432678223
vertex 3.7931087017059326 -49.93544387817383 -8.907106399536133
endloop
endfacet
facet normal 0.831469437753771 0 0.5555704942502147
outer loop
vertex -5.3378777503967285 -51.13544464111328 -8.582683563232422
vertex -5.121105194091797 -51.13544464111328 -8.907106399536133
vertex -5.121105194091797 -49.93544387817383 -8.907106399536133
endloop
endfacet
facet normal -0.8314691554865483 0 0.5555709166924471
outer loop
vertex 3.7931087017059326 -51.13544464111328 -8.907106399536133
vertex 4.009881496429443 -51.13544464111328 -8.582683563232422
vertex 4.009881496429443 -49.93544387817383 -8.582683563232422
endloop
endfacet
facet normal 0.9807853098383859 0 -0.19509017403555012
outer loop
vertex -5.413998126983643 -51.13544464111328 -6.699999809265137
vertex -5.413998126983643 -49.93544387817383 -6.699999809265137
vertex -5.3378777503967285 -51.13544464111328 -6.31731653213501
endloop
endfacet
facet normal -0.06811984353766398 -0.09728479736068224 -0.9929226329976042
outer loop
vertex 117.02257537841797 -52.273075103759766 -1.558730125427246
vertex 116.77613067626953 -52.69993209838867 -1.5
vertex 116.27613067626953 -52.34982681274414 -1.5
endloop
endfacet
facet normal 0.25881803504136525 -0.9659260969335732 0
outer loop
vertex 122.16531372070312 -53.65018844604492 -0.5
vertex 122.16531372070312 -53.65018844604492 -1.5
vertex 123.51229095458984 -53.289268493652344 -0.5
endloop
endfacet
facet normal -0.04492928980566504 -0.09635191360378047 -0.99433277511226
outer loop
vertex 117.73794555664062 -52.27300262451172 -1.5949000120162964
vertex 118.4098892211914 -52.27293014526367 -1.6252690553665161
vertex 118.31237030029297 -52.54085922241211 -1.5949000120162964
endloop
endfacet
facet normal 0.25881803504136525 -0.9659260969335732 0
outer loop
vertex 122.16531372070312 -53.65018844604492 -1.5
vertex 123.51229095458984 -53.289268493652344 -1.5
vertex 123.51229095458984 -53.289268493652344 -0.5
endloop
endfacet
facet normal -0.030738419534266304 -0.1147172220353652 -0.992922508825852
outer loop
vertex 119.38694763183594 -53.65018844604492 -1.5
vertex 118.31237030029297 -52.54085922241211 -1.5949000120162964
vertex 119.5252456665039 -52.865848541259766 -1.5949000120162964
endloop
endfacet
facet normal -0.010350533518518402 -0.11831136125036402 -0.9929225993273433
outer loop
vertex 119.5252456665039 -52.865848541259766 -1.5949000120162964
vertex 120.37612915039062 -52.94028854370117 -1.5949000120162964
vertex 120.37612915039062 -53.736732482910156 -1.5
endloop
endfacet
facet normal -0.027515793782577888 -0.10269023172504019 -0.9943327397811921
outer loop
vertex 118.31237030029297 -52.54085922241211 -1.5949000120162964
vertex 119.62981414794922 -52.27280044555664 -1.6590410470962524
vertex 119.5252456665039 -52.865848541259766 -1.5949000120162964
endloop
endfacet
facet normal -0.02751585648098354 -0.10268993060365388 -0.994332769144583
outer loop
vertex 118.4098892211914 -52.27293014526367 -1.6252690553665161
vertex 119.62981414794922 -52.27280044555664 -1.6590410470962524
vertex 118.31237030029297 -52.54085922241211 -1.5949000120162964
endloop
endfacet
facet normal -0.009265617385886476 -0.10590817233922802 -0.9943327447923168
outer loop
vertex 120.37612915039062 -52.27272033691406 -1.6660040616989136
vertex 119.5252456665039 -52.865848541259766 -1.5949000120162964
vertex 119.62981414794922 -52.27280044555664 -1.6590410470962524
endloop
endfacet
facet normal -0.00926545407266175 -0.10590840384972296 -0.9943327216554987
outer loop
vertex 119.5252456665039 -52.865848541259766 -1.5949000120162964
vertex 120.37612915039062 -52.27272033691406 -1.6660040616989136
vertex 120.37612915039062 -52.94028854370117 -1.5949000120162964
endloop
endfacet
facet normal 0.010350597017743162 -0.11831208707572427 -0.9929225121796577
outer loop
vertex 122.16531372070312 -53.65018844604492 -1.5
vertex 121.17613220214844 -52.94028854370117 -1.5949000120162964
vertex 122.02701568603516 -52.865848541259766 -1.5949000120162964
endloop
endfacet
facet normal 0.08715760952337664 -0.9961945347682704 0
outer loop
vertex 122.16531372070312 -53.65018844604492 -1.5
vertex 122.16531372070312 -53.65018844604492 -0.5
vertex 121.17613220214844 -53.736732482910156 -1.5
endloop
endfacet
facet normal -0.08715760952337664 -0.9961945347682704 0
outer loop
vertex 119.38694763183594 -53.65018844604492 -1.5
vertex 120.37612915039062 -53.736732482910156 -1.5
vertex 120.37612915039062 -53.736732482910156 -0.5
endloop
endfacet
facet normal -0.25881803504136525 -0.9659260969335732 0
outer loop
vertex 118.03997039794922 -53.289268493652344 -1.5
vertex 119.38694763183594 -53.65018844604492 -1.5
vertex 119.38694763183594 -53.65018844604492 -0.5
endloop
endfacet
facet normal 0.03073826574856354 -0.11471724934574828 -0.9929225104313608
outer loop
vertex 122.16531372070312 -53.65018844604492 -1.5
vertex 122.02701568603516 -52.865848541259766 -1.5949000120162964
vertex 123.51229095458984 -53.289268493652344 -1.5
endloop
endfacet
facet normal 0.0103511262136857 -0.11831136052445945 -0.9929225932352228
outer loop
vertex 121.17613220214844 -52.94028854370117 -1.5949000120162964
vertex 122.16531372070312 -53.65018844604492 -1.5
vertex 121.17613220214844 -53.736732482910156 -1.5
endloop
endfacet
facet normal -0.010351180838128034 -0.11831198487121718 -0.9929225182717377
outer loop
vertex 119.38694763183594 -53.65018844604492 -1.5
vertex 119.5252456665039 -52.865848541259766 -1.5949000120162964
vertex 120.37612915039062 -53.736732482910156 -1.5
endloop
endfacet
facet normal -0.05019233329218348 -0.10763519836348062 -0.9929226524518114
outer loop
vertex 117.73794555664062 -52.27300262451172 -1.5949000120162964
vertex 116.77613067626953 -52.69993209838867 -1.5
vertex 117.02257537841797 -52.273075103759766 -1.558730125427246
endloop
endfacet
facet normal 1 0 0
outer loop
vertex 125.27613067626953 -52.2722053527832 -1
vertex 125.27613067626953 -51.7722053527832 -0.5
vertex 125.27613067626953 -52.34982681274414 -0.5
endloop
endfacet
facet normal 0.5735781035076711 -0.8191508769308272 0
outer loop
vertex 124.77613067626953 -52.69993209838867 -0.5
vertex 124.77613067626953 -52.69993209838867 -1.5
vertex 125.27613067626953 -52.34982681274414 -0.5
endloop
endfacet
facet normal 1 0 0
outer loop
vertex 125.27613067626953 -52.34982681274414 -0.5
vertex 125.27613067626953 -52.34982681274414 -1.5
vertex 125.27613067626953 -52.2722053527832 -1
endloop
endfacet
facet normal 0.42261723351328206 -0.906308266506259 0
outer loop
vertex 123.51229095458984 -53.289268493652344 -0.5
vertex 123.51229095458984 -53.289268493652344 -1.5
vertex 124.77613067626953 -52.69993209838867 -0.5
endloop
endfacet
facet normal 0.5735781035076711 -0.8191508769308272 0
outer loop
vertex 124.77613067626953 -52.69993209838867 -1.5
vertex 125.27613067626953 -52.34982681274414 -1.5
vertex 125.27613067626953 -52.34982681274414 -0.5
endloop
endfacet
facet normal 0.42261723351328206 -0.906308266506259 0
outer loop
vertex 123.51229095458984 -53.289268493652344 -1.5
vertex 124.77613067626953 -52.69993209838867 -1.5
vertex 124.77613067626953 -52.69993209838867 -0.5
endloop
endfacet
facet normal 1 0 0
outer loop
vertex 125.27613067626953 -52.34982681274414 -1.5
vertex 125.27613067626953 -52.2722053527832 -1.5076054334640503
vertex 125.27613067626953 -52.2722053527832 -1
endloop
endfacet
facet normal 0.06812179138708409 -0.09728757916589907 -0.9929222268024085
outer loop
vertex 124.77613067626953 -52.69993209838867 -1.5
vertex 125.27613067626953 -52.2722053527832 -1.5076054334640503
vertex 125.27613067626953 -52.34982681274414 -1.5
endloop
endfacet
facet normal 0.06811961508802461 -0.09728504221092478 -0.992922624680432
outer loop
vertex 124.77613067626953 -52.69993209838867 -1.5
vertex 124.52922821044922 -52.272281646728516 -1.5588393211364746
vertex 125.27613067626953 -52.2722053527832 -1.5076054334640503
endloop
endfacet
facet normal 0.05019158980055118 -0.10763653050107135 -0.9929225456272937
outer loop
vertex 123.51229095458984 -53.289268493652344 -1.5
vertex 123.2398910522461 -52.54085922241211 -1.5949000120162964
vertex 124.77613067626953 -52.69993209838867 -1.5
endloop
endfacet
facet normal -0.05019138715714632 -0.10763660453874999 -0.9929225478448004
outer loop
vertex 118.31237030029297 -52.54085922241211 -1.5949000120162964
vertex 118.03997039794922 -53.289268493652344 -1.5
vertex 117.73794555664062 -52.27300262451172 -1.5949000120162964
endloop
endfacet
facet normal -0.5735781035076711 -0.8191508769308272 0
outer loop
vertex 116.77613067626953 -52.69993209838867 -1.5
vertex 116.77613067626953 -52.69993209838867 -0.5
vertex 116.27613067626953 -52.34982681274414 -1.5
endloop
endfacet
facet normal -0.42261723351328206 -0.906308266506259 0
outer loop
vertex 116.77613067626953 -52.69993209838867 -1.5
vertex 118.03997039794922 -53.289268493652344 -1.5
vertex 118.03997039794922 -53.289268493652344 -0.5
endloop
endfacet
facet normal -0.03073820290674636 -0.11471701481591276 -0.9929225394731401
outer loop
vertex 118.03997039794922 -53.289268493652344 -1.5
vertex 118.31237030029297 -52.54085922241211 -1.5949000120162964
vertex 119.38694763183594 -53.65018844604492 -1.5
endloop
endfacet
facet normal 0.03073834974401115 -0.11471696157486275 -0.9929225410786314
outer loop
vertex 122.02701568603516 -52.865848541259766 -1.5949000120162964
vertex 123.2398910522461 -52.54085922241211 -1.5949000120162964
vertex 123.51229095458984 -53.289268493652344 -1.5
endloop
endfacet
facet normal 0.009265454311083247 -0.10590840657499039 -0.9943327213630032
outer loop
vertex 121.17613220214844 -52.27263641357422 -1.6660130023956299
vertex 122.02701568603516 -52.865848541259766 -1.5949000120162964
vertex 121.17613220214844 -52.94028854370117 -1.5949000120162964
endloop
endfacet
facet normal -1 0 0
outer loop
vertex 116.27613067626953 -52.273155212402344 -1
vertex 116.27613067626953 -52.273155212402344 -1.5075122117996216
vertex 116.27613067626953 -52.34982681274414 -1.5
endloop
endfacet
facet normal 0.009265350506674201 -0.10590855370585874 -0.9943327066590547
outer loop
vertex 122.02701568603516 -52.865848541259766 -1.5949000120162964
vertex 121.17613220214844 -52.27263641357422 -1.6660130023956299
vertex 121.92240142822266 -52.272560119628906 -1.6590672731399536
endloop
endfacet
facet normal 0.02751597480797736 -0.10269090732031347 -0.9943326649990423
outer loop
vertex 122.02701568603516 -52.865848541259766 -1.5949000120162964
vertex 123.14219665527344 -52.272430419921875 -1.6253257989883423
vertex 123.2398910522461 -52.54085922241211 -1.5949000120162964
endloop
endfacet
facet normal 0.050191624987187496 -0.10763570466739274 -0.9929226333717543
outer loop
vertex 124.77613067626953 -52.69993209838867 -1.5
vertex 123.81568908691406 -52.27235794067383 -1.5949000120162964
vertex 124.52922821044922 -52.272281646728516 -1.5588393211364746
endloop
endfacet
facet normal 0.04493047699475974 -0.09635291192201609 -0.9943326247293567
outer loop
vertex 123.2398910522461 -52.54085922241211 -1.5949000120162964
vertex 123.14219665527344 -52.272430419921875 -1.6253257989883423
vertex 123.81568908691406 -52.27235794067383 -1.5949000120162964
endloop
endfacet
facet normal 0.05019169832805947 -0.10763554299198635 -0.9929226471904875
outer loop
vertex 123.2398910522461 -52.54085922241211 -1.5949000120162964
vertex 123.81568908691406 -52.27235794067383 -1.5949000120162964
vertex 124.77613067626953 -52.69993209838867 -1.5
endloop
endfacet
facet normal -0.06811975255042742 -0.09728562497977211 -0.9929225581508175
outer loop
vertex 116.27613067626953 -52.34982681274414 -1.5
vertex 116.27613067626953 -52.273155212402344 -1.5075122117996216
vertex 117.02257537841797 -52.273075103759766 -1.558730125427246
endloop
endfacet
facet normal -1 0 0
outer loop
vertex 116.27613067626953 -52.273155212402344 -1
vertex 116.27613067626953 -52.34982681274414 -1.5
vertex 116.27613067626953 -52.34982681274414 -0.5
endloop
endfacet
facet normal -0.5735781035076711 -0.8191508769308272 0
outer loop
vertex 116.27613067626953 -52.34982681274414 -0.5
vertex 116.27613067626953 -52.34982681274414 -1.5
vertex 116.77613067626953 -52.69993209838867 -0.5
endloop
endfacet
facet normal -0.25881803504136525 -0.9659260969335732 0
outer loop
vertex 118.03997039794922 -53.289268493652344 -0.5
vertex 118.03997039794922 -53.289268493652344 -1.5
vertex 119.38694763183594 -53.65018844604492 -0.5
endloop
endfacet
facet normal -0.42261723351328206 -0.906308266506259 0
outer loop
vertex 116.77613067626953 -52.69993209838867 -0.5
vertex 116.77613067626953 -52.69993209838867 -1.5
vertex 118.03997039794922 -53.289268493652344 -0.5
endloop
endfacet
facet normal -1 0 0
outer loop
vertex 116.27613067626953 -51.773155212402344 -0.5
vertex 116.27613067626953 -52.273155212402344 -1
vertex 116.27613067626953 -52.34982681274414 -0.5
endloop
endfacet
facet normal -0.08715760952337664 -0.9961945347682704 0
outer loop
vertex 119.38694763183594 -53.65018844604492 -0.5
vertex 119.38694763183594 -53.65018844604492 -1.5
vertex 120.37612915039062 -53.736732482910156 -0.5
endloop
endfacet
facet normal 0.08715760952337664 -0.9961945347682704 0
outer loop
vertex 121.17613220214844 -53.736732482910156 -1.5
vertex 122.16531372070312 -53.65018844604492 -0.5
vertex 121.17613220214844 -53.736732482910156 -0.5
endloop
endfacet
facet normal 0.027515741845773607 -0.1026904721608868 -0.9943327163872517
outer loop
vertex 122.02701568603516 -52.865848541259766 -1.5949000120162964
vertex 121.92240142822266 -52.272560119628906 -1.6590672731399536
vertex 123.14219665527344 -52.272430419921875 -1.6253257989883423
endloop
endfacet
facet normal -0.05019166134384684 -0.10763668392661843 -0.9929225253789068
outer loop
vertex 118.03997039794922 -53.289268493652344 -1.5
vertex 116.77613067626953 -52.69993209838867 -1.5
vertex 117.73794555664062 -52.27300262451172 -1.5949000120162964
endloop
endfacet
facet normal -0.25881803504136525 -0.9659260969335732 0
outer loop
vertex -123.5328140258789 -53.289268493652344 -1.5
vertex -122.18583679199219 -53.65018844604492 -1.5
vertex -122.18583679199219 -53.65018844604492 -0.5
endloop
endfacet
facet normal 0.08715694240271953 -0.9961945931347997 0
outer loop
vertex -119.40746307373047 -53.65018844604492 -1.5
vertex -119.40746307373047 -53.65018844604492 -0.5
vertex -120.39665222167969 -53.736732482910156 -1.5
endloop
endfacet
facet normal -0.06811990803872897 -0.09728658243288482 -0.9929224536726544
outer loop
vertex -125.29664611816406 -52.248626708984375 -1.5099155902862549
vertex -124.53630065917969 -52.24899673461914 -1.5620431900024414
vertex -125.29664611816406 -52.34982681274414 -1.5
endloop
endfacet
facet normal -0.050191675091782434 -0.1076360636409763 -0.9929225919251493
outer loop
vertex -123.88562774658203 -52.24931335449219 -1.5949000120162964
vertex -123.5328140258789 -53.289268493652344 -1.5
vertex -124.79664611816406 -52.69993209838867 -1.5
endloop
endfacet
facet normal -1 0 0
outer loop
vertex -125.29664611816406 -52.248626708984375 -1.5099155902862549
vertex -125.29664611816406 -52.34982681274414 -1.5
vertex -125.29664611816406 -52.248626708984375 -1
endloop
endfacet
facet normal -0.4226193290683478 -0.9063072893328287 0
outer loop
vertex -124.79664611816406 -52.69993209838867 -1.5
vertex -123.5328140258789 -53.289268493652344 -1.5
vertex -123.5328140258789 -53.289268493652344 -0.5
endloop
endfacet
facet normal -0.5735781035076711 -0.8191508769308272 0
outer loop
vertex -125.29664611816406 -52.34982681274414 -1.5
vertex -124.79664611816406 -52.69993209838867 -1.5
vertex -124.79664611816406 -52.69993209838867 -0.5
endloop
endfacet
facet normal -0.08715694240271953 -0.9961945931347997 0
outer loop
vertex -122.18583679199219 -53.65018844604492 -1.5
vertex -121.19664764404297 -53.736732482910156 -1.5
vertex -121.19664764404297 -53.736732482910156 -0.5
endloop
endfacet
facet normal 0.030738173512266993 -0.11471702547392176 -0.9929225391517432
outer loop
vertex -118.06048583984375 -53.289268493652344 -1.5
vertex -119.54576873779297 -52.865848541259766 -1.5949000120162964
vertex -118.3328857421875 -52.54085922241211 -1.5949000120162964
endloop
endfacet
facet normal 0.5735781035076711 -0.8191508769308272 0
outer loop
vertex -116.79664611816406 -52.69993209838867 -1.5
vertex -116.29664611816406 -52.34982681274414 -1.5
vertex -116.29664611816406 -52.34982681274414 -0.5
endloop
endfacet
facet normal 0.027515925361290328 -0.1026905490628199 -0.9943327033667798
outer loop
vertex -119.54576873779297 -52.865848541259766 -1.5949000120162964
vertex -119.65411376953125 -52.251380920410156 -1.6613578796386719
vertex -118.43803405761719 -52.25197219848633 -1.6276445388793945
endloop
endfacet
facet normal -0.25881803504136525 -0.9659260969335732 0
outer loop
vertex -123.5328140258789 -53.289268493652344 -0.5
vertex -123.5328140258789 -53.289268493652344 -1.5
vertex -122.18583679199219 -53.65018844604492 -0.5
endloop
endfacet
facet normal -1 0 0
outer loop
vertex -125.29664611816406 -52.248626708984375 -1
vertex -125.29664611816406 -52.34982681274414 -1.5
vertex -125.29664611816406 -52.34982681274414 -0.5
endloop
endfacet
facet normal -0.4226193290683478 -0.9063072893328287 0
outer loop
vertex -124.79664611816406 -52.69993209838867 -0.5
vertex -124.79664611816406 -52.69993209838867 -1.5
vertex -123.5328140258789 -53.289268493652344 -0.5
endloop
endfacet
facet normal -0.5735781035076711 -0.8191508769308272 0
outer loop
vertex -125.29664611816406 -52.34982681274414 -0.5
vertex -125.29664611816406 -52.34982681274414 -1.5
vertex -124.79664611816406 -52.69993209838867 -0.5
endloop
endfacet
facet normal -1 0 0
outer loop
vertex -125.29664611816406 -51.748626708984375 -0.5
vertex -125.29664611816406 -52.248626708984375 -1
vertex -125.29664611816406 -52.34982681274414 -0.5
endloop
endfacet
facet normal -0.030738159541488553 -0.11471697333399401 -0.9929225456082109
outer loop
vertex -123.26041412353516 -52.54085922241211 -1.5949000120162964
vertex -122.04753112792969 -52.865848541259766 -1.5949000120162964
vertex -122.18583679199219 -53.65018844604492 -1.5
endloop
endfacet
facet normal -0.010350533518518402 -0.11831136125036402 -0.9929225993273433
outer loop
vertex -122.04753112792969 -52.865848541259766 -1.5949000120162964
vertex -121.19664764404297 -52.94028854370117 -1.5949000120162964
vertex -121.19664764404297 -53.736732482910156 -1.5
endloop
endfacet
facet normal -0.027515600650623525 -0.10269015689914489 -0.9943327528533213
outer loop
vertex -122.04753112792969 -52.865848541259766 -1.5949000120162964
vertex -123.26041412353516 -52.54085922241211 -1.5949000120162964
vertex -121.9389877319336 -52.25026321411133 -1.6614785194396973
endloop
endfacet
facet normal -0.08715694240271953 -0.9961945931347997 0
outer loop
vertex -122.18583679199219 -53.65018844604492 -0.5
vertex -122.18583679199219 -53.65018844604492 -1.5
vertex -121.19664764404297 -53.736732482910156 -0.5
endloop
endfacet
facet normal 0.08715694240271953 -0.9961945931347997 0
outer loop
vertex -120.39665222167969 -53.736732482910156 -1.5
vertex -119.40746307373047 -53.65018844604492 -0.5
vertex -120.39665222167969 -53.736732482910156 -0.5
endloop
endfacet
facet normal 0.25881803504136525 -0.9659260969335732 0
outer loop
vertex -119.40746307373047 -53.65018844604492 -0.5
vertex -119.40746307373047 -53.65018844604492 -1.5
vertex -118.06048583984375 -53.289268493652344 -0.5
endloop
endfacet
facet normal -0.027515660404330438 -0.10268989109182479 -0.9943327786511227
outer loop
vertex -123.26041412353516 -52.54085922241211 -1.5949000120162964
vertex -123.15442657470703 -52.249671936035156 -1.6279053688049316
vertex -121.9389877319336 -52.25026321411133 -1.6614785194396973
endloop
endfacet
facet normal 0.42261723351328206 -0.906308266506259 0
outer loop
vertex -118.06048583984375 -53.289268493652344 -0.5
vertex -118.06048583984375 -53.289268493652344 -1.5
vertex -116.79664611816406 -52.69993209838867 -0.5
endloop
endfacet
facet normal -0.009265463482697538 -0.10590851141076237 -0.9943327101112621
outer loop
vertex -121.19664764404297 -52.25062561035156 -1.668357491493225
vertex -121.19664764404297 -52.94028854370117 -1.5949000120162964
vertex -122.04753112792969 -52.865848541259766 -1.5949000120162964
endloop
endfacet
facet normal 0.5735781035076711 -0.8191508769308272 0
outer loop
vertex -116.79664611816406 -52.69993209838867 -0.5
vertex -116.79664611816406 -52.69993209838867 -1.5
vertex -116.29664611816406 -52.34982681274414 -0.5
endloop
endfacet
facet normal 0.009265774606966981 -0.10590847883125562 -0.9943327106821853
outer loop
vertex -119.54576873779297 -52.865848541259766 -1.5949000120162964
vertex -120.39665222167969 -52.25101852416992 -1.6683158874511719
vertex -119.65411376953125 -52.251380920410156 -1.6613578796386719
endloop
endfacet
facet normal 0.009265494184881104 -0.10590886235084913 -0.9943326724457257
outer loop
vertex -120.39665222167969 -52.25101852416992 -1.6683158874511719
vertex -119.54576873779297 -52.865848541259766 -1.5949000120162964
vertex -120.39665222167969 -52.94028854370117 -1.5949000120162964
endloop
endfacet
facet normal 0.010350588465705433 -0.11831198932199752 -0.9929225239166877
outer loop
vertex -119.40746307373047 -53.65018844604492 -1.5
vertex -120.39665222167969 -52.94028854370117 -1.5949000120162964
vertex -119.54576873779297 -52.865848541259766 -1.5949000120162964
endloop
endfacet
facet normal 1 0 0
outer loop
vertex -116.29664611816406 -52.34982681274414 -0.5
vertex -116.29664611816406 -52.34982681274414 -1.5
vertex -116.29664611816406 -52.25301742553711 -1
endloop
endfacet
facet normal 0.42261723351328206 -0.906308266506259 0
outer loop
vertex -118.06048583984375 -53.289268493652344 -1.5
vertex -116.79664611816406 -52.69993209838867 -1.5
vertex -116.79664611816406 -52.69993209838867 -0.5
endloop
endfacet
facet normal 0.25881803504136525 -0.9659260969335732 0
outer loop
vertex -119.40746307373047 -53.65018844604492 -1.5
vertex -118.06048583984375 -53.289268493652344 -1.5
vertex -118.06048583984375 -53.289268493652344 -0.5
endloop
endfacet
facet normal 0.02751550261360234 -0.10268979101808653 -0.9943327933526996
outer loop
vertex -119.54576873779297 -52.865848541259766 -1.5949000120162964
vertex -118.43803405761719 -52.25197219848633 -1.6276445388793945
vertex -118.3328857421875 -52.54085922241211 -1.5949000120162964
endloop
endfacet
facet normal 0.04492946446485582 -0.09635150593039749 -0.9943328067241097
outer loop
vertex -118.3328857421875 -52.54085922241211 -1.5949000120162964
vertex -118.43803405761719 -52.25197219848633 -1.6276445388793945
vertex -117.71412658691406 -52.25232696533203 -1.5949000120162964
endloop
endfacet
facet normal 1 0 0
outer loop
vertex -116.29664611816406 -52.25301742553711 -1
vertex -116.29664611816406 -51.75301742553711 -0.5
vertex -116.29664611816406 -52.34982681274414 -0.5
endloop
endfacet
facet normal 0.05019162228444098 -0.10763623492504285 -0.99292257602676
outer loop
vertex -116.79664611816406 -52.69993209838867 -1.5
vertex -118.3328857421875 -52.54085922241211 -1.5949000120162964
vertex -117.71412658691406 -52.25232696533203 -1.5949000120162964
endloop
endfacet
facet normal 0.05019177984767184 -0.10763591756451253 -0.9929226024649496
outer loop
vertex -116.79664611816406 -52.69993209838867 -1.5
vertex -117.71412658691406 -52.25232696533203 -1.5949000120162964
vertex -117.05488586425781 -52.252647399902344 -1.561540961265564
endloop
endfacet
facet normal -0.04492998621705598 -0.09635135516284306 -0.9943327977577824
outer loop
vertex -123.26041412353516 -52.54085922241211 -1.5949000120162964
vertex -123.88562774658203 -52.24931335449219 -1.5949000120162964
vertex -123.15442657470703 -52.249671936035156 -1.6279053688049316
endloop
endfacet
facet normal -0.05019230044141418 -0.10763627086168524 -0.9929225378504553
outer loop
vertex -123.5328140258789 -53.289268493652344 -1.5
vertex -123.88562774658203 -52.24931335449219 -1.5949000120162964
vertex -123.26041412353516 -52.54085922241211 -1.5949000120162964
endloop
endfacet
facet normal -0.05019167071500204 -0.10763607233759016 -0.9929225912036517
outer loop
vertex -124.79664611816406 -52.69993209838867 -1.5
vertex -124.53630065917969 -52.24899673461914 -1.5620431900024414
vertex -123.88562774658203 -52.24931335449219 -1.5949000120162964
endloop
endfacet
facet normal 0.030738190326775012 -0.11471696786662415 -0.992922545286853
outer loop
vertex -119.40746307373047 -53.65018844604492 -1.5
vertex -119.54576873779297 -52.865848541259766 -1.5949000120162964
vertex -118.06048583984375 -53.289268493652344 -1.5
endloop
endfacet
facet normal 0.06812091987897538 -0.09728633452872214 -0.9929224085439949
outer loop
vertex -116.79664611816406 -52.69993209838867 -1.5
vertex -116.29664611816406 -52.25301742553711 -1.5094853639602661
vertex -116.29664611816406 -52.34982681274414 -1.5
endloop
endfacet
facet normal 0.06811985416139169 -0.09728514624613989 -0.9929225980855194
outer loop
vertex -116.79664611816406 -52.69993209838867 -1.5
vertex -117.05488586425781 -52.252647399902344 -1.561540961265564
vertex -116.29664611816406 -52.25301742553711 -1.5094853639602661
endloop
endfacet
facet normal 0.05019158980055118 -0.10763653050107135 -0.9929225456272937
outer loop
vertex -118.06048583984375 -53.289268493652344 -1.5
vertex -118.3328857421875 -52.54085922241211 -1.5949000120162964
vertex -116.79664611816406 -52.69993209838867 -1.5
endloop
endfacet
facet normal 0.010351046386319639 -0.11831136062223059 -0.9929225940557626
outer loop
vertex -120.39665222167969 -52.94028854370117 -1.5949000120162964
vertex -119.40746307373047 -53.65018844604492 -1.5
vertex -120.39665222167969 -53.736732482910156 -1.5
endloop
endfacet
facet normal -0.010351093653251058 -0.11831190087823562 -0.9929225291888387
outer loop
vertex -122.18583679199219 -53.65018844604492 -1.5
vertex -122.04753112792969 -52.865848541259766 -1.5949000120162964
vertex -121.19664764404297 -53.736732482910156 -1.5
endloop
endfacet
facet normal -0.03073820290674636 -0.11471701481591276 -0.9929225394731401
outer loop
vertex -123.5328140258789 -53.289268493652344 -1.5
vertex -123.26041412353516 -52.54085922241211 -1.5949000120162964
vertex -122.18583679199219 -53.65018844604492 -1.5
endloop
endfacet
facet normal 1 0 0
outer loop
vertex -116.29664611816406 -52.34982681274414 -1.5
vertex -116.29664611816406 -52.25301742553711 -1.5094853639602661
vertex -116.29664611816406 -52.25301742553711 -1
endloop
endfacet
facet normal -0.009265790744652936 -0.10590806411578471 -0.9943327547039387
outer loop
vertex -121.19664764404297 -52.25062561035156 -1.668357491493225
vertex -122.04753112792969 -52.865848541259766 -1.5949000120162964
vertex -121.9389877319336 -52.25026321411133 -1.6614785194396973
endloop
endfacet
facet normal -0.06812010535208479 -0.09728517126880579 -0.9929225784007634
outer loop
vertex -124.53630065917969 -52.24899673461914 -1.5620431900024414
vertex -124.79664611816406 -52.69993209838867 -1.5
vertex -125.29664611816406 -52.34982681274414 -1.5
endloop
endfacet
facet normal -0.8314782854783427 0.5555572524753821 0
outer loop
vertex 126.73806762695312 -50.76306915283203 -0.5
vertex 126.73806762695312 -50.76306915283203 -4
vertex 126.62968444824219 -50.9252815246582 -4
endloop
endfacet
facet normal -0.007192549263254353 0.9999741332830042 0
outer loop
vertex 126.46747589111328 -51.033668518066406 -0.5
vertex 126.46747589111328 -51.033668518066406 -4
vertex 121.17613220214844 -51.07172775268555 -4
endloop
endfacet
facet normal -1 0 0
outer loop
vertex 126.77613067626953 -49.57172775268555 -5
vertex 126.77613067626953 -52.27204513549805 -5
vertex 126.77613067626953 -50.57172775268555 -4
endloop
endfacet
facet normal -1 0 0
outer loop
vertex 126.77613067626953 -50.57172775268555 -4
vertex 126.77613067626953 -52.27204513549805 -5
vertex 126.77613067626953 -52.27204513549805 -4
endloop
endfacet
facet normal 0 0 -1
outer loop
vertex 126.77613067626953 -52.27204513549805 -4
vertex 121.17613220214844 -51.07172775268555 -4
vertex 126.46747589111328 -51.033668518066406 -4
endloop
endfacet
facet normal 0 0 -1
outer loop
vertex 126.77613067626953 -52.27204513549805 -4
vertex 126.46747589111328 -51.033668518066406 -4
vertex 126.62968444824219 -50.9252815246582 -4
endloop
endfacet
facet normal 0 0 -1
outer loop
vertex 126.77613067626953 -52.27204513549805 -4
vertex 126.62968444824219 -50.9252815246582 -4
vertex 126.73806762695312 -50.76306915283203 -4
endloop
endfacet
facet normal 0 0 -1
outer loop
vertex 126.77613067626953 -50.57172775268555 -4
vertex 126.77613067626953 -52.27204513549805 -4
vertex 126.73806762695312 -50.76306915283203 -4
endloop
endfacet
facet normal 1 0 0
outer loop
vertex 114.77613067626953 -49.57172775268555 -5
vertex 114.77613067626953 -49.57172775268555 -0.5
vertex 114.77613067626953 -50.57172775268555 -4
endloop
endfacet
facet normal -0.8314849303467909 -0.5555473072621198 0
outer loop
vertex 126.62968444824219 -49.21817398071289 -4.099999904632568
vertex 126.62968444824219 -49.21817398071289 -5
vertex 126.66546630859375 -49.271728515625 -4.099999904632568
endloop
endfacet
facet normal -0.5555798033776966 -0.83146321751404 0
outer loop
vertex 126.46747589111328 -49.10978698730469 -4.099999904632568
vertex 126.46747589111328 -49.10978698730469 -5
vertex 126.62968444824219 -49.21817398071289 -4.099999904632568
endloop
endfacet
facet normal -1 0 0
outer loop
vertex 121.17613220214844 -51.07172775268555 -0.5
vertex 121.17613220214844 -52.27263641357422 -1.6660130023956299
vertex 121.17613220214844 -52.94028854370117 -1.5949000120162964
endloop
endfacet
facet normal -1 0 0
outer loop
vertex 121.17613220214844 -53.736732482910156 -1.5
vertex 121.17613220214844 -51.07172775268555 -0.5
vertex 121.17613220214844 -52.94028854370117 -1.5949000120162964
endloop
endfacet
facet normal 0.980782457176804 -0.19510451479714808 0
outer loop
vertex 114.77613067626953 -49.57172775268555 -0.5
vertex 114.77613067626953 -49.57172775268555 -5
vertex 114.81419372558594 -49.38038635253906 -5
endloop
endfacet
facet normal -1 0 0
outer loop
vertex 121.17613220214844 -52.27263641357422 -4
vertex 121.17613220214844 -51.07172775268555 -0.5
vertex 121.17613220214844 -51.07172775268555 -4
endloop
endfacet
facet normal 0 1 0
outer loop
vertex 115.27613067626953 -51.07172775268555 -4
vertex 120.37612915039062 -51.07172775268555 -0.5
vertex 120.37612915039062 -51.07172775268555 -4
endloop
endfacet
facet normal 1 0 0
outer loop
vertex 120.37612915039062 -52.27272033691406 -1.6660040616989136
vertex 120.37612915039062 -53.736732482910156 -0.5
vertex 120.37612915039062 -52.94028854370117 -1.5949000120162964
endloop
endfacet
facet normal 1 0 0
outer loop
vertex 120.37612915039062 -53.736732482910156 -0.5
vertex 120.37612915039062 -53.736732482910156 -1.5
vertex 120.37612915039062 -52.94028854370117 -1.5949000120162964
endloop
endfacet
facet normal 0.980782457176804 0.19510451479714808 0
outer loop
vertex 114.81419372558594 -50.76306915283203 -0.5
vertex 114.81419372558594 -50.76306915283203 -4
vertex 114.77613067626953 -50.57172775268555 -4
endloop
endfacet
facet normal 0.5555617383814266 0.831475288175546 0
outer loop
vertex 115.08479309082031 -51.033668518066406 -0.5
vertex 115.08479309082031 -51.033668518066406 -4
vertex 114.92257690429688 -50.9252815246582 -4
endloop
endfacet
facet normal 0.19508944693220684 0.980785454467839 0
outer loop
vertex 115.27613067626953 -51.07172775268555 -0.5
vertex 115.27613067626953 -51.07172775268555 -4
vertex 115.08479309082031 -51.033668518066406 -4
endloop
endfacet
facet normal 0.8314782854783427 0.5555572524753821 0
outer loop
vertex 114.92257690429688 -50.9252815246582 -0.5
vertex 114.92257690429688 -50.9252815246582 -4
vertex 114.81419372558594 -50.76306915283203 -4
endloop
endfacet
facet normal 1 0 0
outer loop
vertex 120.37612915039062 -52.27272033691406 -4
vertex 120.37612915039062 -51.07172775268555 -4
vertex 120.37612915039062 -52.27272033691406 -1.6660040616989136
endloop
endfacet
facet normal 0.5555617383814266 -0.831475288175546 0
outer loop
vertex 114.92257690429688 -49.21817398071289 -4.099999904632568
vertex 114.92257690429688 -49.21817398071289 -5
vertex 115.08479309082031 -49.10978698730469 -4.099999904632568
endloop
endfacet
facet normal 0.8314849303467909 -0.5555473072621198 0
outer loop
vertex 114.88679504394531 -49.271728515625 -4.099999904632568
vertex 114.92257690429688 -49.21817398071289 -5
vertex 114.92257690429688 -49.21817398071289 -4.099999904632568
endloop
endfacet
facet normal -0.5555798033776967 0.8314632175140401 0
outer loop
vertex 126.62968444824219 -50.9252815246582 -0.5
vertex 126.62968444824219 -50.9252815246582 -4
vertex 126.46747589111328 -51.033668518066406 -4
endloop
endfacet
facet normal -0.980782457176804 0.19510451479714808 0
outer loop
vertex 126.77613067626953 -50.57172775268555 -0.5
vertex 126.77613067626953 -50.57172775268555 -4
vertex 126.73806762695312 -50.76306915283203 -4
endloop
endfacet
facet normal 0 0 -1
outer loop
vertex 121.17613220214844 -52.27263641357422 -4
vertex 121.17613220214844 -51.07172775268555 -4
vertex 126.77613067626953 -52.27204513549805 -4
endloop
endfacet
facet normal 0 0 -1
outer loop
vertex 120.37612915039062 -52.27272033691406 -4
vertex 115.27613067626953 -51.07172775268555 -4
vertex 120.37612915039062 -51.07172775268555 -4
endloop
endfacet
facet normal 0 0 -1
outer loop
vertex 115.27613067626953 -51.07172775268555 -4
vertex 120.37612915039062 -52.27272033691406 -4
vertex 114.77613067626953 -52.2733154296875 -4
endloop
endfacet
facet normal 0 0 -1
outer loop
vertex 114.81419372558594 -50.76306915283203 -4
vertex 114.77613067626953 -52.2733154296875 -4
vertex 114.77613067626953 -50.57172775268555 -4
endloop
endfacet
facet normal 0 0 -1
outer loop
vertex 114.77613067626953 -52.2733154296875 -4
vertex 115.08479309082031 -51.033668518066406 -4
vertex 115.27613067626953 -51.07172775268555 -4
endloop
endfacet
facet normal 0 0 -1
outer loop
vertex 114.92257690429688 -50.9252815246582 -4
vertex 114.77613067626953 -52.2733154296875 -4
vertex 114.81419372558594 -50.76306915283203 -4
endloop
endfacet
facet normal 1 0 0
outer loop
vertex 120.37612915039062 -53.736732482910156 -0.5
vertex 120.37612915039062 -52.27272033691406 -1.6660040616989136
vertex 120.37612915039062 -51.07172775268555 -0.5
endloop
endfacet
facet normal -0.980782457176804 -0.19510451479714808 0
outer loop
vertex 126.73806762695312 -49.38038635253906 -0.5
vertex 126.73806762695312 -49.38038635253906 -5
vertex 126.77613067626953 -49.57172775268555 -5
endloop
endfacet
facet normal -1 0 0
outer loop
vertex 121.17613220214844 -51.07172775268555 -0.5
vertex 121.17613220214844 -53.736732482910156 -1.5
vertex 121.17613220214844 -53.736732482910156 -0.5
endloop
endfacet
facet normal 0 0 -1
outer loop
vertex 114.77613067626953 -52.2733154296875 -4
vertex 114.92257690429688 -50.9252815246582 -4
vertex 115.08479309082031 -51.033668518066406 -4
endloop
endfacet
facet normal 1 0 0
outer loop
vertex 114.77613067626953 -52.2733154296875 -5
vertex 114.77613067626953 -50.57172775268555 -4
vertex 114.77613067626953 -52.2733154296875 -4
endloop
endfacet
facet normal 0.8314750103961317 -0.5555621541166682 0
outer loop
vertex 114.81419372558594 -49.38038635253906 -0.5
vertex 114.88679504394531 -49.271728515625 -4.099999904632568
vertex 114.88679504394531 -49.271728515625 -0.5
endloop
endfacet
facet normal 1 0 0
outer loop
vertex 114.77613067626953 -50.57172775268555 -0.5
vertex 114.77613067626953 -50.57172775268555 -4
vertex 114.77613067626953 -49.57172775268555 -0.5
endloop
endfacet
facet normal 0.980782457176804 -0.19510451479714808 0
outer loop
vertex 114.81419372558594 -49.38038635253906 -5
vertex 114.81419372558594 -49.38038635253906 -0.5
vertex 114.77613067626953 -49.57172775268555 -0.5
endloop
endfacet
facet normal -0.007192549263254353 0.9999741332830042 0
outer loop
vertex 126.46747589111328 -51.033668518066406 -0.5
vertex 121.17613220214844 -51.07172775268555 -4
vertex 121.17613220214844 -51.07172775268555 -0.5
endloop
endfacet
facet normal -1 0 0
outer loop
vertex 121.17613220214844 -51.07172775268555 -0.5
vertex 121.17613220214844 -52.27263641357422 -4
vertex 121.17613220214844 -52.27263641357422 -1.6660130023956299
endloop
endfacet
facet normal 1 0 0
outer loop
vertex 120.37612915039062 -51.07172775268555 -4
vertex 120.37612915039062 -51.07172775268555 -0.5
vertex 120.37612915039062 -52.27272033691406 -1.6660040616989136
endloop
endfacet
facet normal 1 0 0
outer loop
vertex 114.77613067626953 -52.2733154296875 -5
vertex 114.77613067626953 -49.57172775268555 -5
vertex 114.77613067626953 -50.57172775268555 -4
endloop
endfacet
facet normal -0.5555798033776967 0.8314632175140401 0
outer loop
vertex 126.46747589111328 -51.033668518066406 -4
vertex 126.46747589111328 -51.033668518066406 -0.5
vertex 126.62968444824219 -50.9252815246582 -0.5
endloop
endfacet
facet normal -0.8314782854783427 0.5555572524753821 0
outer loop
vertex 126.62968444824219 -50.9252815246582 -4
vertex 126.62968444824219 -50.9252815246582 -0.5
vertex 126.73806762695312 -50.76306915283203 -0.5
endloop
endfacet
facet normal -0.980782457176804 0.19510451479714808 0
outer loop
vertex 126.73806762695312 -50.76306915283203 -4
vertex 126.73806762695312 -50.76306915283203 -0.5
vertex 126.77613067626953 -50.57172775268555 -0.5
endloop
endfacet
facet normal -0.980782457176804 -0.19510451479714808 0
outer loop
vertex 126.77613067626953 -49.57172775268555 -5
vertex 126.77613067626953 -49.57172775268555 -0.5
vertex 126.73806762695312 -49.38038635253906 -0.5
endloop
endfacet
facet normal -1 0 0
outer loop
vertex 126.77613067626953 -50.57172775268555 -4
vertex 126.77613067626953 -50.57172775268555 -0.5
vertex 126.77613067626953 -49.57172775268555 -0.5
endloop
endfacet
facet normal -0.8314750103961317 -0.5555621541166682 0
outer loop
vertex 126.66546630859375 -49.271728515625 -0.5
vertex 126.66546630859375 -49.271728515625 -4.099999904632568
vertex 126.73806762695312 -49.38038635253906 -0.5
endloop
endfacet
facet normal -0.5555798033776966 -0.83146321751404 0
outer loop
vertex 126.46747589111328 -49.10978698730469 -5
vertex 126.62968444824219 -49.21817398071289 -5
vertex 126.62968444824219 -49.21817398071289 -4.099999904632568
endloop
endfacet
facet normal -0.8314782854780381 -0.5555572524751786 -8.559743823380415e-7
outer loop
vertex 126.62968444824219 -49.21817398071289 -5
vertex 126.73806762695312 -49.38038635253906 -5
vertex 126.66546630859375 -49.271728515625 -4.099999904632568
endloop
endfacet
facet normal 0 -1 0
outer loop
vertex 115.08479309082031 -49.10978698730469 -5
vertex 126.46747589111328 -49.10978698730469 -5
vertex 115.08479309082031 -49.10978698730469 -4.099999904632568
endloop
endfacet
facet normal 0 0 1
outer loop
vertex 126.62968444824219 -49.21817398071289 -5
vertex 114.77613067626953 -52.2733154296875 -5
vertex 126.73806762695312 -49.38038635253906 -5
endloop
endfacet
facet normal -1 0 0
outer loop
vertex 126.77613067626953 -49.57172775268555 -0.5
vertex 126.77613067626953 -49.57172775268555 -5
vertex 126.77613067626953 -50.57172775268555 -4
endloop
endfacet
facet normal -0.8314750103961317 -0.5555621541166683 0
outer loop
vertex 126.73806762695312 -49.38038635253906 -5
vertex 126.73806762695312 -49.38038635253906 -0.5
vertex 126.66546630859375 -49.271728515625 -4.099999904632568
endloop
endfacet
facet normal 0 0 1
outer loop
vertex 114.77613067626953 -52.2733154296875 -5
vertex 126.62968444824219 -49.21817398071289 -5
vertex 126.46747589111328 -49.10978698730469 -5
endloop
endfacet
facet normal 0.5555617383814266 -0.831475288175546 0
outer loop
vertex 114.92257690429688 -49.21817398071289 -5
vertex 115.08479309082031 -49.10978698730469 -5
vertex 115.08479309082031 -49.10978698730469 -4.099999904632568
endloop
endfacet
facet normal 0.8314782854780381 -0.5555572524751786 -8.559743823380415e-7
outer loop
vertex 114.81419372558594 -49.38038635253906 -5
vertex 114.92257690429688 -49.21817398071289 -5
vertex 114.88679504394531 -49.271728515625 -4.099999904632568
endloop
endfacet
facet normal 0 0 1
outer loop
vertex 115.08479309082031 -49.10978698730469 -5
vertex 114.77613067626953 -52.2733154296875 -5
vertex 126.46747589111328 -49.10978698730469 -5
endloop
endfacet
facet normal 0 0 1
outer loop
vertex 114.92257690429688 -49.21817398071289 -5
vertex 114.77613067626953 -52.2733154296875 -5
vertex 115.08479309082031 -49.10978698730469 -5
endloop
endfacet
facet normal 0 0 1
outer loop
vertex 114.81419372558594 -49.38038635253906 -5
vertex 114.77613067626953 -52.2733154296875 -5
vertex 114.92257690429688 -49.21817398071289 -5
endloop
endfacet
facet normal 0 0 1
outer loop
vertex 114.77613067626953 -52.2733154296875 -5
vertex 126.77613067626953 -49.57172775268555 -5
vertex 126.73806762695312 -49.38038635253906 -5
endloop
endfacet
facet normal 0 0 1
outer loop
vertex 126.77613067626953 -52.27204513549805 -5
vertex 126.77613067626953 -49.57172775268555 -5
vertex 114.77613067626953 -52.2733154296875 -5
endloop
endfacet
facet normal 0 0 1
outer loop
vertex 114.77613067626953 -52.2733154296875 -5
vertex 114.81419372558594 -49.38038635253906 -5
vertex 114.77613067626953 -49.57172775268555 -5
endloop
endfacet
facet normal 0 1 0
outer loop
vertex 120.37612915039062 -51.07172775268555 -0.5
vertex 115.27613067626953 -51.07172775268555 -4
vertex 115.27613067626953 -51.07172775268555 -0.5
endloop
endfacet
facet normal 0.980782457176804 0.19510451479714808 0
outer loop
vertex 114.77613067626953 -50.57172775268555 -4
vertex 114.77613067626953 -50.57172775268555 -0.5
vertex 114.81419372558594 -50.76306915283203 -0.5
endloop
endfacet
facet normal 0.5555617383814266 0.831475288175546 0
outer loop
vertex 114.92257690429688 -50.9252815246582 -4
vertex 114.92257690429688 -50.9252815246582 -0.5
vertex 115.08479309082031 -51.033668518066406 -0.5
endloop
endfacet
facet normal 0.19508944693220684 0.980785454467839 0
outer loop
vertex 115.08479309082031 -51.033668518066406 -4
vertex 115.08479309082031 -51.033668518066406 -0.5
vertex 115.27613067626953 -51.07172775268555 -0.5
endloop
endfacet
facet normal 0.8314782854783427 0.5555572524753821 0
outer loop
vertex 114.81419372558594 -50.76306915283203 -4
vertex 114.81419372558594 -50.76306915283203 -0.5
vertex 114.92257690429688 -50.9252815246582 -0.5
endloop
endfacet
facet normal 0 -1 0
outer loop
vertex 115.08479309082031 -49.10978698730469 -4.099999904632568
vertex 126.46747589111328 -49.10978698730469 -5
vertex 126.46747589111328 -49.10978698730469 -4.099999904632568
endloop
endfacet
facet normal 0.8314750103961317 -0.5555621541166683 0
outer loop
vertex 114.81419372558594 -49.38038635253906 -0.5
vertex 114.81419372558594 -49.38038635253906 -5
vertex 114.88679504394531 -49.271728515625 -4.099999904632568
endloop
endfacet
facet normal -0.5555798033776966 -0.83146321751404 0
outer loop
vertex -115.10530853271484 -49.10978698730469 -4.099999904632568
vertex -115.10530853271484 -49.10978698730469 -5
vertex -114.94309997558594 -49.21817398071289 -4.099999904632568
endloop
endfacet
facet normal 1 0 0
outer loop
vertex -126.79664611816406 -49.57172775268555 -5
vertex -126.79664611816406 -49.57172775268555 -0.5
vertex -126.79664611816406 -50.57172775268555 -4
endloop
endfacet
facet normal -1 0 0
outer loop
vertex -114.79664611816406 -50.57172775268555 -4
vertex -114.79664611816406 -50.57172775268555 -0.5
vertex -114.79664611816406 -49.57172775268555 -0.5
endloop
endfacet
facet normal -0.980782457176804 -0.19510451479714808 0
outer loop
vertex -114.79664611816406 -49.57172775268555 -5
vertex -114.79664611816406 -49.57172775268555 -0.5
vertex -114.83470916748047 -49.38038635253906 -0.5
endloop
endfacet
facet normal -0.980782457176804 0.19510451479714808 0
outer loop
vertex -114.83470916748047 -50.76306915283203 -4
vertex -114.83470916748047 -50.76306915283203 -0.5
vertex -114.79664611816406 -50.57172775268555 -0.5
endloop
endfacet
facet normal -0.8314602204820793 0.5555842886150507 0
outer loop
vertex -114.94309997558594 -50.9252815246582 -4
vertex -114.94309997558594 -50.9252815246582 -0.5
vertex -114.83470916748047 -50.76306915283203 -0.5
endloop
endfacet
facet normal -0.5555798033776967 0.8314632175140401 0
outer loop
vertex -115.10530853271484 -51.033668518066406 -4
vertex -115.10530853271484 -51.033668518066406 -0.5
vertex -114.94309997558594 -50.9252815246582 -0.5
endloop
endfacet
facet normal -0.01081224883470467 0.9999265690390873 0.005472824212017457
outer loop
vertex -115.10530853271484 -51.033668518066406 -0.5
vertex -120.39665222167969 -51.07172775268555 -4
vertex -118.62506103515625 -51.07172775268555 -0.5
endloop
endfacet
facet normal 0 1 0
outer loop
vertex -120.39665222167969 -51.07172775268555 -0.5
vertex -118.62506103515625 -51.07172775268555 -0.5
vertex -120.39665222167969 -51.07172775268555 -4
endloop
endfacet
facet normal -1 0 0
outer loop
vertex -120.39665222167969 -51.07172775268555 -0.5
vertex -120.39665222167969 -52.25101852416992 -4
vertex -120.39665222167969 -52.25101852416992 -1.6683158874511719
endloop
endfacet
facet normal 1 0 0
outer loop
vertex -121.19664764404297 -52.25062561035156 -4
vertex -121.19664764404297 -51.07172775268555 -0.5
vertex -121.19664764404297 -52.25062561035156 -1.668357491493225
endloop
endfacet
facet normal 0 0 -1
outer loop
vertex -114.79664611816406 -52.25374984741211 -4
vertex -114.94309997558594 -50.9252815246582 -4
vertex -114.83470916748047 -50.76306915283203 -4
endloop
endfacet
facet normal 0 0 -1
outer loop
vertex -114.79664611816406 -50.57172775268555 -4
vertex -114.79664611816406 -52.25374984741211 -4
vertex -114.83470916748047 -50.76306915283203 -4
endloop
endfacet
facet normal 0.0033976130100453203 -0.9990705404973839 0.04297105230383955
outer loop
vertex -126.48799133300781 -49.10978698730469 -4.099999904632568
vertex -115.10530853271484 -49.10978698730469 -5
vertex -115.29664611816406 -49.07172775268555 -4.099999904632568
endloop
endfacet
facet normal -0.8314229393441579 -0.5556400776872749 0
outer loop
vertex -114.94309997558594 -49.21817398071289 -4.099999904632568
vertex -114.94309997558594 -49.21817398071289 -5
vertex -114.90980529785156 -49.26799392700195 -4.099999904632568
endloop
endfacet
facet normal 1 0 0
outer loop
vertex -121.19664764404297 -53.736732482910156 -0.5
vertex -121.19664764404297 -53.736732482910156 -1.5
vertex -121.19664764404297 -52.94028854370117 -1.5949000120162964
endloop
endfacet
facet normal -0.19508944693220684 -0.980785454467839 0
outer loop
vertex -115.29664611816406 -49.07172775268555 -4.099999904632568
vertex -115.10530853271484 -49.10978698730469 -5
vertex -115.10530853271484 -49.10978698730469 -4.099999904632568
endloop
endfacet
facet normal 1 0 0
outer loop
vertex -121.19664764404297 -51.07172775268555 -0.5
vertex -121.19664764404297 -52.25062561035156 -4
vertex -121.19664764404297 -51.07172775268555 -4
endloop
endfacet
facet normal 1 0 0
outer loop
vertex -121.19664764404297 -51.07172775268555 -0.5
vertex -121.19664764404297 -52.94028854370117 -1.5949000120162964
vertex -121.19664764404297 -52.25062561035156 -1.668357491493225
endloop
endfacet
facet normal 0 1 0
outer loop
vertex -126.29664611816406 -51.07172775268555 -4
vertex -121.19664764404297 -51.07172775268555 -0.5
vertex -121.19664764404297 -51.07172775268555 -4
endloop
endfacet
facet normal -1 0 0
outer loop
vertex -120.39665222167969 -52.25101852416992 -4
vertex -120.39665222167969 -51.07172775268555 -0.5
vertex -120.39665222167969 -51.07172775268555 -4
endloop
endfacet
facet normal -0.007192549263254353 0.9999741332830042 0
outer loop
vertex -115.10530853271484 -51.033668518066406 -0.5
vertex -115.10530853271484 -51.033668518066406 -4
vertex -120.39665222167969 -51.07172775268555 -4
endloop
endfacet
facet normal -0.5555798033776967 0.8314632175140401 0
outer loop
vertex -114.94309997558594 -50.9252815246582 -0.5
vertex -114.94309997558594 -50.9252815246582 -4
vertex -115.10530853271484 -51.033668518066406 -4
endloop
endfacet
facet normal -0.8314602204820793 0.5555842886150507 0
outer loop
vertex -114.83470916748047 -50.76306915283203 -0.5
vertex -114.83470916748047 -50.76306915283203 -4
vertex -114.94309997558594 -50.9252815246582 -4
endloop
endfacet
facet normal -0.980782457176804 0.19510451479714808 0
outer loop
vertex -114.79664611816406 -50.57172775268555 -0.5
vertex -114.79664611816406 -50.57172775268555 -4
vertex -114.83470916748047 -50.76306915283203 -4
endloop
endfacet
facet normal -0.980782457176804 -0.19510451479714808 0
outer loop
vertex -114.83470916748047 -49.38038635253906 -0.5
vertex -114.83470916748047 -49.38038635253906 -5
vertex -114.79664611816406 -49.57172775268555 -5
endloop
endfacet
facet normal -1 0 0
outer loop
vertex -114.79664611816406 -49.57172775268555 -0.5
vertex -114.79664611816406 -49.57172775268555 -5
vertex -114.79664611816406 -50.57172775268555 -4
endloop
endfacet
facet normal -0.831476745883003 -0.5555595567136 0
outer loop
vertex -114.83470916748047 -49.38038635253906 -5
vertex -114.83470916748047 -49.38038635253906 -0.5
vertex -114.90980529785156 -49.26799392700195 -4.099999904632568
endloop
endfacet
facet normal 0.5555798033776967 0.8314632175140401 0
outer loop
vertex -126.65019989013672 -50.9252815246582 -4
vertex -126.65019989013672 -50.9252815246582 -0.5
vertex -126.48799133300781 -51.033668518066406 -0.5
endloop
endfacet
facet normal 0.8314602204820793 0.5555842886150507 0
outer loop
vertex -126.75859069824219 -50.76306915283203 -4
vertex -126.75859069824219 -50.76306915283203 -0.5
vertex -126.65019989013672 -50.9252815246582 -0.5
endloop
endfacet
facet normal 0 0 1
outer loop
vertex -126.79664611816406 -52.247894287109375 -5
vertex -126.75859069824219 -49.38038635253906 -5
vertex -126.79664611816406 -49.57172775268555 -5
endloop
endfacet
facet normal -0.8314767458830031 -0.5555595567136 0
outer loop
vertex -114.90980529785156 -49.26799392700195 -0.5
vertex -114.90980529785156 -49.26799392700195 -4.099999904632568
vertex -114.83470916748047 -49.38038635253906 -0.5
endloop
endfacet
facet normal 0 0 1
outer loop
vertex -126.65019989013672 -49.21817398071289 -5
vertex -126.79664611816406 -52.247894287109375 -5
vertex -126.48799133300781 -49.10978698730469 -5
endloop
endfacet
facet normal -1 0 0
outer loop
vertex -120.39665222167969 -53.736732482910156 -1.5
vertex -120.39665222167969 -51.07172775268555 -0.5
vertex -120.39665222167969 -52.94028854370117 -1.5949000120162964
endloop
endfacet
facet normal -1 0 0
outer loop
vertex -120.39665222167969 -51.07172775268555 -0.5
vertex -120.39665222167969 -52.25101852416992 -1.6683158874511719
vertex -120.39665222167969 -52.94028854370117 -1.5949000120162964
endloop
endfacet
facet normal 0.8314602204820789 -0.5555842886150505 3.4311163346656424e-8
outer loop
vertex -126.65019989013672 -49.21817398071289 -5
vertex -126.68225860595703 -49.266151428222656 -4.099999904632568
vertex -126.75859069824219 -49.38038635253906 -5
endloop
endfacet
facet normal 0.5555798033776966 -0.83146321751404 0
outer loop
vertex -126.65019989013672 -49.21817398071289 -5
vertex -126.48799133300781 -49.10978698730469 -5
vertex -126.48799133300781 -49.10978698730469 -4.099999904632568
endloop
endfacet
facet normal 0 0 1
outer loop
vertex -114.79664611816406 -52.25374984741211 -5
vertex -114.79664611816406 -49.57172775268555 -5
vertex -126.79664611816406 -52.247894287109375 -5
endloop
endfacet
facet normal 0 0 1
outer loop
vertex -126.79664611816406 -52.247894287109375 -5
vertex -114.79664611816406 -49.57172775268555 -5
vertex -114.83470916748047 -49.38038635253906 -5
endloop
endfacet
facet normal 0 0 1
outer loop
vertex -126.48799133300781 -49.10978698730469 -5
vertex -126.79664611816406 -52.247894287109375 -5
vertex -115.10530853271484 -49.10978698730469 -5
endloop
endfacet
facet normal 0 0 1
outer loop
vertex -126.79664611816406 -52.247894287109375 -5
vertex -114.83470916748047 -49.38038635253906 -5
vertex -114.94309997558594 -49.21817398071289 -5
endloop
endfacet
facet normal 0 0 1
outer loop
vertex -126.79664611816406 -52.247894287109375 -5
vertex -114.94309997558594 -49.21817398071289 -5
vertex -115.10530853271484 -49.10978698730469 -5
endloop
endfacet
facet normal 0 -1 0
outer loop
vertex -126.48799133300781 -49.10978698730469 -5
vertex -115.10530853271484 -49.10978698730469 -5
vertex -126.48799133300781 -49.10978698730469 -4.099999904632568
endloop
endfacet
facet normal -0.5555798033776966 -0.83146321751404 0
outer loop
vertex -115.10530853271484 -49.10978698730469 -5
vertex -114.94309997558594 -49.21817398071289 -5
vertex -114.94309997558594 -49.21817398071289 -4.099999904632568
endloop
endfacet
facet normal -0.8314602204737823 -0.5555842886095066 0.000004467412920337471
outer loop
vertex -114.94309997558594 -49.21817398071289 -5
vertex -114.83470916748047 -49.38038635253906 -5
vertex -114.90980529785156 -49.26799392700195 -4.099999904632568
endloop
endfacet
facet normal 1 0 0
outer loop
vertex -126.79664611816406 -52.247894287109375 -5
vertex -126.79664611816406 -49.57172775268555 -5
vertex -126.79664611816406 -50.57172775268555 -4
endloop
endfacet
facet normal 1 0 0
outer loop
vertex -126.79664611816406 -52.247894287109375 -5
vertex -126.79664611816406 -50.57172775268555 -4
vertex -126.79664611816406 -52.247894287109375 -4
endloop
endfacet
facet normal 0 0 -1
outer loop
vertex -126.79664611816406 -52.247894287109375 -4
vertex -126.48799133300781 -51.033668518066406 -4
vertex -126.29664611816406 -51.07172775268555 -4
endloop
endfacet
facet normal 0 0 -1
outer loop
vertex -126.48799133300781 -51.033668518066406 -4
vertex -126.79664611816406 -52.247894287109375 -4
vertex -126.65019989013672 -50.9252815246582 -4
endloop
endfacet
facet normal 0 0 -1
outer loop
vertex -126.65019989013672 -50.9252815246582 -4
vertex -126.79664611816406 -52.247894287109375 -4
vertex -126.75859069824219 -50.76306915283203 -4
endloop
endfacet
facet normal 0 0 -1
outer loop
vertex -126.75859069824219 -50.76306915283203 -4
vertex -126.79664611816406 -52.247894287109375 -4
vertex -126.79664611816406 -50.57172775268555 -4
endloop
endfacet
facet normal 0 0 -1
outer loop
vertex -126.79664611816406 -52.247894287109375 -4
vertex -126.29664611816406 -51.07172775268555 -4
vertex -121.19664764404297 -52.25062561035156 -4
endloop
endfacet
facet normal 0.8314599231564749 -0.5555847335777224 0
outer loop
vertex -126.68225860595703 -49.266151428222656 -4.099999904632568
vertex -126.65019989013672 -49.21817398071289 -5
vertex -126.65019989013672 -49.21817398071289 -4.099999904632568
endloop
endfacet
facet normal 0.5555798033776966 -0.83146321751404 0
outer loop
vertex -126.65019989013672 -49.21817398071289 -4.099999904632568
vertex -126.65019989013672 -49.21817398071289 -5
vertex -126.48799133300781 -49.10978698730469 -4.099999904632568
endloop
endfacet
facet normal 0.5555798033776967 0.8314632175140401 0
outer loop
vertex -126.48799133300781 -51.033668518066406 -0.5
vertex -126.48799133300781 -51.033668518066406 -4
vertex -126.65019989013672 -50.9252815246582 -4
endloop
endfacet
facet normal 0.8314602204820793 0.5555842886150507 0
outer loop
vertex -126.65019989013672 -50.9252815246582 -0.5
vertex -126.65019989013672 -50.9252815246582 -4
vertex -126.75859069824219 -50.76306915283203 -4
endloop
endfacet
facet normal 0.9807899398239573 0.19506689606419184 0
outer loop
vertex -126.75859069824219 -50.76306915283203 -0.5
vertex -126.75859069824219 -50.76306915283203 -4
vertex -126.79664611816406 -50.57172775268555 -4
endloop
endfacet
facet normal 0.19508196428504695 0.9807869428222867 0
outer loop
vertex -126.29664611816406 -51.07172775268555 -0.5
vertex -126.29664611816406 -51.07172775268555 -4
vertex -126.48799133300781 -51.033668518066406 -4
endloop
endfacet
facet normal 0.9807899398239572 -0.1950668960641918 0
outer loop
vertex -126.79664611816406 -49.57172775268555 -0.5
vertex -126.79664611816406 -49.57172775268555 -5
vertex -126.75859069824219 -49.38038635253906 -5
endloop
endfacet
facet normal 1 0 0
outer loop
vertex -121.19664764404297 -53.736732482910156 -0.5
vertex -121.19664764404297 -52.94028854370117 -1.5949000120162964
vertex -121.19664764404297 -51.07172775268555 -0.5
endloop
endfacet
facet normal 0.8314603453556484 -0.5555841017353411 0
outer loop
vertex -126.75859069824219 -49.38038635253906 -0.5
vertex -126.68225860595703 -49.266151428222656 -4.099999904632568
vertex -126.68225860595703 -49.266151428222656 -0.5
endloop
endfacet
facet normal 1 0 0
outer loop
vertex -126.79664611816406 -50.57172775268555 -0.5
vertex -126.79664611816406 -50.57172775268555 -4
vertex -126.79664611816406 -49.57172775268555 -0.5
endloop
endfacet
facet normal -1 0 0
outer loop
vertex -120.39665222167969 -51.07172775268555 -0.5
vertex -120.39665222167969 -53.736732482910156 -1.5
vertex -120.39665222167969 -53.736732482910156 -0.5
endloop
endfacet
facet normal 0.9807899398239572 -0.1950668960641918 0
outer loop
vertex -126.75859069824219 -49.38038635253906 -5
vertex -126.75859069824219 -49.38038635253906 -0.5
vertex -126.79664611816406 -49.57172775268555 -0.5
endloop
endfacet
facet normal 0 1 0
outer loop
vertex -121.19664764404297 -51.07172775268555 -0.5
vertex -126.29664611816406 -51.07172775268555 -4
vertex -126.29664611816406 -51.07172775268555 -0.5
endloop
endfacet
facet normal 0.19508196428504695 0.9807869428222867 0
outer loop
vertex -126.48799133300781 -51.033668518066406 -4
vertex -126.48799133300781 -51.033668518066406 -0.5
vertex -126.29664611816406 -51.07172775268555 -0.5
endloop
endfacet
facet normal 0.9807899398239573 0.19506689606419184 0
outer loop
vertex -126.79664611816406 -50.57172775268555 -4
vertex -126.79664611816406 -50.57172775268555 -0.5
vertex -126.75859069824219 -50.76306915283203 -0.5
endloop
endfacet
facet normal 0 0 -1
outer loop
vertex -114.79664611816406 -52.25374984741211 -4
vertex -115.10530853271484 -51.033668518066406 -4
vertex -114.94309997558594 -50.9252815246582 -4
endloop
endfacet
facet normal 0 0 -1
outer loop
vertex -114.79664611816406 -52.25374984741211 -4
vertex -120.39665222167969 -51.07172775268555 -4
vertex -115.10530853271484 -51.033668518066406 -4
endloop
endfacet
facet normal 0 0 -1
outer loop
vertex -120.39665222167969 -52.25101852416992 -4
vertex -120.39665222167969 -51.07172775268555 -4
vertex -114.79664611816406 -52.25374984741211 -4
endloop
endfacet
facet normal 0 0 -1
outer loop
vertex -121.19664764404297 -52.25062561035156 -4
vertex -126.29664611816406 -51.07172775268555 -4
vertex -121.19664764404297 -51.07172775268555 -4
endloop
endfacet
facet normal -1 0 0
outer loop
vertex -114.79664611816406 -50.57172775268555 -4
vertex -114.79664611816406 -52.25374984741211 -5
vertex -114.79664611816406 -52.25374984741211 -4
endloop
endfacet
facet normal -1 0 0
outer loop
vertex -114.79664611816406 -49.57172775268555 -5
vertex -114.79664611816406 -52.25374984741211 -5
vertex -114.79664611816406 -50.57172775268555 -4
endloop
endfacet
facet normal 0.8314603453556484 -0.5555841017353411 0
outer loop
vertex -126.75859069824219 -49.38038635253906 -0.5
vertex -126.75859069824219 -49.38038635253906 -5
vertex -126.68225860595703 -49.266151428222656 -4.099999904632568
endloop
endfacet
facet normal 0 0 1
outer loop
vertex -126.75859069824219 -49.38038635253906 -5
vertex -126.79664611816406 -52.247894287109375 -5
vertex -126.65019989013672 -49.21817398071289 -5
endloop
endfacet
facet normal 0.29027606695585256 0.956942947595436 0
outer loop
vertex -120.99173736572266 13.164727210998535 -9.91245174407959
vertex -121.17933654785156 13.221632957458496 -9.906068801879883
vertex -121.17933654785156 13.221632957458496 -3.5
endloop
endfacet
facet normal 0 0 -1
outer loop
vertex -119.79664611816406 14.145512580871582 -3.5
vertex -119.81586456298828 13.950422286987305 -3.5
vertex -121.77743530273438 13.950422286987305 -3.5
endloop
endfacet
facet normal 0 0 -1
outer loop
vertex -119.81586456298828 13.950422286987305 -3.5
vertex -119.87277221679688 13.762828826904297 -3.5
vertex -121.77743530273438 13.950422286987305 -3.5
endloop
endfacet
facet normal 0 0 -1
outer loop
vertex -119.87277221679688 13.762828826904297 -3.5
vertex -119.96517944335938 13.58994197845459 -3.5
vertex -121.77743530273438 13.950422286987305 -3.5
endloop
endfacet
facet normal 0 0 -1
outer loop
vertex -119.96517944335938 13.58994197845459 -3.5
vertex -120.08954620361328 13.438405990600586 -3.5
vertex -121.77743530273438 13.950422286987305 -3.5
endloop
endfacet
facet normal -0.9951842453858402 -0.09802202678896124 0
outer loop
vertex -119.81364440917969 14.318090438842773 -8.935901641845703
vertex -119.79664611816406 14.145512580871582 -3.5
vertex -119.81364440917969 14.318090438842773 -3.5
endloop
endfacet
facet normal -0.9951828714737309 0.09803597464859251 0
outer loop
vertex -119.79664611816406 14.145512580871582 -3.5
vertex -119.79664611816406 14.145512580871582 -9.152152061462402
vertex -119.81586456298828 13.950422286987305 -3.5
endloop
endfacet
facet normal -0.956937785311714 0.29029308473112464 0
outer loop
vertex -119.81586456298828 13.950422286987305 -3.5
vertex -119.81586456298828 13.950422286987305 -9.389260292053223
vertex -119.87277221679688 13.762828826904297 -3.5
endloop
endfacet
facet normal 0.956937785311714 0.2902930847311246 0
outer loop
vertex -121.72052764892578 13.762828826904297 -3.5
vertex -121.72052764892578 13.762828826904297 -9.256465911865234
vertex -121.77743530273438 13.950422286987305 -3.5
endloop
endfacet
facet normal -0.8819270309797866 0.4713859480586778 0
outer loop
vertex -119.87277221679688 13.762828826904297 -3.5
vertex -119.87277221679688 13.762828826904297 -9.609906196594238
vertex -119.96517944335938 13.58994197845459 -3.5
endloop
endfacet
facet normal -0.7729994740531673 0.634406662254954 2.356658509703118e-7
outer loop
vertex -119.96517944335938 13.58994197845459 -3.5
vertex -120.0154800415039 13.528655052185059 -9.871630668640137
vertex -120.08954620361328 13.438405990600586 -3.5
endloop
endfacet
facet normal -0.6343974203505326 0.7730070588633648 0
outer loop
vertex -120.08954620361328 13.438405990600586 -3.5
vertex -120.08954620361328 13.438405990600586 -9.881753921508789
vertex -120.24108123779297 13.314043045043945 -3.5
endloop
endfacet
facet normal 0.8819270309797868 0.47138594805867784 0
outer loop
vertex -121.62812042236328 13.58994197845459 -3.5
vertex -121.62812042236328 13.58994197845459 -9.48752212524414
vertex -121.72052764892578 13.762828826904297 -3.5
endloop
endfacet
facet normal 0.7729994740531888 0.6344066622549717 0
outer loop
vertex -121.50375366210938 13.438405990600586 -3.5
vertex -121.50375366210938 13.438405990600586 -9.698339462280273
vertex -121.62812042236328 13.58994197845459 -3.5
endloop
endfacet
facet normal 0.6343972859113337 0.7730068950505143 0.0006510243442669965
outer loop
vertex -121.35221862792969 13.314043045043945 -3.5
vertex -121.3333969116211 13.303983688354492 -9.896832466125488
vertex -121.50375366210938 13.438405990600586 -3.5
endloop
endfacet
facet normal -0.9951842453858402 -0.09802202678896124 0
outer loop
vertex -119.81364440917969 14.318090438842773 -8.935901641845703
vertex -119.79664611816406 14.145512580871582 -9.152152061462402
vertex -119.79664611816406 14.145512580871582 -3.5
endloop
endfacet
facet normal 0.9951723328476337 0.09814289548713426 0
outer loop
vertex -121.77743530273438 13.950422286987305 -3.5
vertex -121.77743530273438 13.950422286987305 -9.014050483703613
vertex -121.77965545654297 13.97293472290039 -8.985840797424316
endloop
endfacet
facet normal 0.956937785311714 0.29029308473112464 0
outer loop
vertex -121.72052764892578 13.762828826904297 -9.256465911865234
vertex -121.77743530273438 13.950422286987305 -9.014050483703613
vertex -121.77743530273438 13.950422286987305 -3.5
endloop
endfacet
facet normal -0.9951828714737311 0.09803597464859252 0
outer loop
vertex -119.79664611816406 14.145512580871582 -9.152152061462402
vertex -119.81586456298828 13.950422286987305 -9.389260292053223
vertex -119.81586456298828 13.950422286987305 -3.5
endloop
endfacet
facet normal -0.956937785311714 0.29029308473112464 0
outer loop
vertex -119.81586456298828 13.950422286987305 -9.389260292053223
vertex -119.87277221679688 13.762828826904297 -9.609906196594238
vertex -119.87277221679688 13.762828826904297 -3.5
endloop
endfacet
facet normal 0.8819270309797865 0.47138594805867773 0
outer loop
vertex -121.62812042236328 13.58994197845459 -9.48752212524414
vertex -121.72052764892578 13.762828826904297 -9.256465911865234
vertex -121.72052764892578 13.762828826904297 -3.5
endloop
endfacet
facet normal 0.7729994740531887 0.6344066622549717 0
outer loop
vertex -121.50375366210938 13.438405990600586 -9.698339462280273
vertex -121.62812042236328 13.58994197845459 -9.48752212524414
vertex -121.62812042236328 13.58994197845459 -3.5
endloop
endfacet
facet normal -0.8819270309797866 0.4713859480586778 0
outer loop
vertex -119.87277221679688 13.762828826904297 -9.609906196594238
vertex -119.96517944335938 13.58994197845459 -9.805610656738281
vertex -119.96517944335938 13.58994197845459 -3.5
endloop
endfacet
facet normal -0.7729874590302809 0.6344213018033913 0
outer loop
vertex -119.96517944335938 13.58994197845459 -9.805610656738281
vertex -120.0154800415039 13.528655052185059 -9.871630668640137
vertex -119.96517944335938 13.58994197845459 -3.5
endloop
endfacet
facet normal 0 0 -1
outer loop
vertex -120.24108123779297 13.314043045043945 -3.5
vertex -120.4139633178711 13.221632957458496 -3.5
vertex -121.77743530273438 13.950422286987305 -3.5
endloop
endfacet
facet normal -0.7730076333488353 0.634396720344953 0
outer loop
vertex -120.0154800415039 13.528655052185059 -9.871630668640137
vertex -120.08954620361328 13.438405990600586 -9.881753921508789
vertex -120.08954620361328 13.438405990600586 -3.5
endloop
endfacet
facet normal 0 0 -1
outer loop
vertex -120.08954620361328 13.438405990600586 -3.5
vertex -120.24108123779297 13.314043045043945 -3.5
vertex -121.77743530273438 13.950422286987305 -3.5
endloop
endfacet
facet normal 0 0 -1
outer loop
vertex -120.4139633178711 13.221632957458496 -3.5
vertex -120.6015625 13.164727210998535 -3.5
vertex -121.77743530273438 13.950422286987305 -3.5
endloop
endfacet
facet normal 0 0 -1
outer loop
vertex -120.6015625 13.164727210998535 -3.5
vertex -120.79664611816406 13.145512580871582 -3.5
vertex -121.77743530273438 13.950422286987305 -3.5
endloop
endfacet
facet normal 0 0 -1
outer loop
vertex -120.79664611816406 13.145512580871582 -3.5
vertex -120.99173736572266 13.164727210998535 -3.5
vertex -121.77743530273438 13.950422286987305 -3.5
endloop
endfacet
facet normal 0 0 -1
outer loop
vertex -121.17933654785156 13.221632957458496 -3.5
vertex -121.35221862792969 13.314043045043945 -3.5
vertex -121.77743530273438 13.950422286987305 -3.5
endloop
endfacet
facet normal 0 0 -1
outer loop
vertex -120.99173736572266 13.164727210998535 -3.5
vertex -121.17933654785156 13.221632957458496 -3.5
vertex -121.77743530273438 13.950422286987305 -3.5
endloop
endfacet
facet normal 0 0 -1
outer loop
vertex -121.50375366210938 13.438405990600586 -3.5
vertex -121.72052764892578 13.762828826904297 -3.5
vertex -121.77743530273438 13.950422286987305 -3.5
endloop
endfacet
facet normal 0 0 -1
outer loop
vertex -121.50375366210938 13.438405990600586 -3.5
vertex -121.62812042236328 13.58994197845459 -3.5
vertex -121.72052764892578 13.762828826904297 -3.5
endloop
endfacet
facet normal 0 0 -1
outer loop
vertex -121.35221862792969 13.314043045043945 -3.5
vertex -121.50375366210938 13.438405990600586 -3.5
vertex -121.77743530273438 13.950422286987305 -3.5
endloop
endfacet
facet normal 0.47141344679935393 0.8819123324779561 2.0939089737749185e-7
outer loop
vertex -121.17933654785156 13.221632957458496 -9.906068801879883
vertex -121.3333969116211 13.303983688354492 -9.896832466125488
vertex -121.35221862792969 13.314043045043945 -3.5
endloop
endfacet
facet normal 0.09801622777686082 0.9951848165503705 0
outer loop
vertex -120.79664611816406 13.145512580871582 -9.914607048034668
vertex -120.99173736572266 13.164727210998535 -9.91245174407959
vertex -120.99173736572266 13.164727210998535 -3.5
endloop
endfacet
facet normal -0.09802002419897402 0.9951844426316322 0
outer loop
vertex -120.6015625 13.164727210998535 -9.91245174407959
vertex -120.79664611816406 13.145512580871582 -9.914607048034668
vertex -120.79664611816406 13.145512580871582 -3.5
endloop
endfacet
facet normal -0.29027606695585256 0.956942947595436 0
outer loop
vertex -120.4139633178711 13.221632957458496 -9.906068801879883
vertex -120.6015625 13.164727210998535 -9.91245174407959
vertex -120.6015625 13.164727210998535 -3.5
endloop
endfacet
facet normal -0.47140741214179077 0.8819155581901137 0
outer loop
vertex -120.24108123779297 13.314043045043945 -9.895703315734863
vertex -120.4139633178711 13.221632957458496 -9.906068801879883
vertex -120.4139633178711 13.221632957458496 -3.5
endloop
endfacet
facet normal 0.29027606695585256 0.956942947595436 0
outer loop
vertex -120.99173736572266 13.164727210998535 -3.5
vertex -120.99173736572266 13.164727210998535 -9.91245174407959
vertex -121.17933654785156 13.221632957458496 -3.5
endloop
endfacet
facet normal 0.47140741214179077 0.8819155581901137 0
outer loop
vertex -121.17933654785156 13.221632957458496 -3.5
vertex -121.17933654785156 13.221632957458496 -9.906068801879883
vertex -121.35221862792969 13.314043045043945 -3.5
endloop
endfacet
facet normal 0.09801622777686081 0.9951848165503704 0
outer loop
vertex -120.79664611816406 13.145512580871582 -3.5
vertex -120.79664611816406 13.145512580871582 -9.914607048034668
vertex -120.99173736572266 13.164727210998535 -3.5
endloop
endfacet
facet normal -0.09802002419897403 0.9951844426316323 0
outer loop
vertex -120.6015625 13.164727210998535 -3.5
vertex -120.6015625 13.164727210998535 -9.91245174407959
vertex -120.79664611816406 13.145512580871582 -3.5
endloop
endfacet
facet normal -0.6343974203505326 0.7730070588633648 0
outer loop
vertex -120.08954620361328 13.438405990600586 -9.881753921508789
vertex -120.24108123779297 13.314043045043945 -9.895703315734863
vertex -120.24108123779297 13.314043045043945 -3.5
endloop
endfacet
facet normal 0.6194459209988166 0.7850393308350403 0
outer loop
vertex -121.3333969116211 13.303983688354492 -9.896832466125488
vertex -121.50375366210938 13.438405990600586 -9.698339462280273
vertex -121.50375366210938 13.438405990600586 -3.5
endloop
endfacet
facet normal -0.29027606695585256 0.956942947595436 0
outer loop
vertex -120.4139633178711 13.221632957458496 -3.5
vertex -120.4139633178711 13.221632957458496 -9.906068801879883
vertex -120.6015625 13.164727210998535 -3.5
endloop
endfacet
facet normal -0.47140741214179077 0.8819155581901138 0
outer loop
vertex -120.24108123779297 13.314043045043945 -9.895703315734863
vertex -120.4139633178711 13.221632957458496 -3.5
vertex -120.24108123779297 13.314043045043945 -3.5
endloop
endfacet
facet normal 0 0 -1
outer loop
vertex -119.81364440917969 14.318090438842773 -3.5
vertex -119.79664611816406 14.145512580871582 -3.5
vertex -121.77743530273438 13.950422286987305 -3.5
endloop
endfacet
facet normal 0.9951828714737311 0.09803597464859252 0
outer loop
vertex 119.79534912109375 13.855293273925781 -9.35651969909668
vertex 119.77613067626953 14.050383567810059 -9.120055198669434
vertex 119.77613067626953 14.050383567810059 -3.5
endloop
endfacet
facet normal 0 0 -1
outer loop
vertex 119.94466400146484 13.494812965393066 -3.5
vertex 119.85224914550781 13.667699813842773 -3.5
vertex 119.79327392578125 14.224435806274414 -3.5
endloop
endfacet
facet normal 0 0 -1
outer loop
vertex 119.85224914550781 13.667699813842773 -3.5
vertex 119.79534912109375 13.855293273925781 -3.5
vertex 119.77613067626953 14.050383567810059 -3.5
endloop
endfacet
facet normal 0 0 -1
outer loop
vertex 119.79327392578125 14.224435806274414 -3.5
vertex 119.85224914550781 13.667699813842773 -3.5
vertex 119.77613067626953 14.050383567810059 -3.5
endloop
endfacet
facet normal -0.9569377853117141 0.29029308473112464 0
outer loop
vertex 121.75691986083984 13.855293273925781 -8.959663391113281
vertex 121.70001220703125 13.667699813842773 -3.5
vertex 121.75691986083984 13.855293273925781 -3.5
endloop
endfacet
facet normal 0 0 -1
outer loop
vertex 121.75691986083984 13.855293273925781 -3.5
vertex 121.70001220703125 13.667699813842773 -3.5
vertex 119.79327392578125 14.224435806274414 -3.5
endloop
endfacet
facet normal 0 0 -1
outer loop
vertex 121.70001220703125 13.667699813842773 -3.5
vertex 121.60759735107422 13.494812965393066 -3.5
vertex 119.79327392578125 14.224435806274414 -3.5
endloop
endfacet
facet normal 0 0 -1
outer loop
vertex 121.60759735107422 13.494812965393066 -3.5
vertex 121.48323822021484 13.343276977539062 -3.5
vertex 119.79327392578125 14.224435806274414 -3.5
endloop
endfacet
facet normal 0 0 -1
outer loop
vertex 121.48323822021484 13.343276977539062 -3.5
vertex 121.33170318603516 13.218914031982422 -3.5
vertex 119.79327392578125 14.224435806274414 -3.5
endloop
endfacet
facet normal 0 0 -1
outer loop
vertex 121.33170318603516 13.218914031982422 -3.5
vertex 121.1588134765625 13.126503944396973 -3.5
vertex 119.79327392578125 14.224435806274414 -3.5
endloop
endfacet
facet normal 0 0 -1
outer loop
vertex 121.1588134765625 13.126503944396973 -3.5
vertex 120.97122192382812 13.069598197937012 -3.5
vertex 119.79327392578125 14.224435806274414 -3.5
endloop
endfacet
facet normal 0 0 -1
outer loop
vertex 120.97122192382812 13.069598197937012 -3.5
vertex 120.77613067626953 13.050383567810059 -3.5
vertex 119.79327392578125 14.224435806274414 -3.5
endloop
endfacet
facet normal -0.8819108510723637 0.4714162181775454 0
outer loop
vertex 121.70001220703125 13.667699813842773 -3.5
vertex 121.70001220703125 13.667699813842773 -9.202291488647461
vertex 121.60759735107422 13.494812965393066 -3.5
endloop
endfacet
facet normal 0.995184391863447 -0.0980205396403279 0
outer loop
vertex 119.77613067626953 14.050383567810059 -3.5
vertex 119.79327392578125 14.224435806274414 -8.902153015136719
vertex 119.79327392578125 14.224435806274414 -3.5
endloop
endfacet
facet normal 0.9951828714737311 0.09803597464859254 0
outer loop
vertex 119.79534912109375 13.855293273925781 -3.5
vertex 119.79534912109375 13.855293273925781 -9.35651969909668
vertex 119.77613067626953 14.050383567810059 -3.5
endloop
endfacet
facet normal -0.7730185595374489 0.6343834066324936 0
outer loop
vertex 121.60759735107422 13.494812965393066 -3.5
vertex 121.60759735107422 13.494812965393066 -9.433984756469727
vertex 121.48323822021484 13.343276977539062 -3.5
endloop
endfacet
facet normal 0.8819108510723638 0.47141621817754553 0
outer loop
vertex 119.94466400146484 13.494812965393066 -3.5
vertex 119.94466400146484 13.494812965393066 -9.770423889160156
vertex 119.85224914550781 13.667699813842773 -3.5
endloop
endfacet
facet normal 0.6343974203505326 0.7730070588633648 0
outer loop
vertex 120.2205581665039 13.218914031982422 -9.906373977661133
vertex 120.06902313232422 13.343276977539062 -9.892424583435059
vertex 120.06902313232422 13.343276977539062 -3.5
endloop
endfacet
facet normal 0.47139123217101686 0.8819242066256546 0
outer loop
vertex 120.39344787597656 13.126503944396973 -9.916739463806152
vertex 120.2205581665039 13.218914031982422 -9.906373977661133
vertex 120.2205581665039 13.218914031982422 -3.5
endloop
endfacet
facet normal 0.09801622777686082 0.9951848165503705 0
outer loop
vertex 120.77613067626953 13.050383567810059 -9.925277709960938
vertex 120.58103942871094 13.069598197937012 -9.92312240600586
vertex 120.58103942871094 13.069598197937012 -3.5
endloop
endfacet
facet normal 0.2902868777571596 0.9569396682142505 0
outer loop
vertex 120.58103942871094 13.069598197937012 -9.92312240600586
vertex 120.39344787597656 13.126503944396973 -9.916739463806152
vertex 120.39344787597656 13.126503944396973 -3.5
endloop
endfacet
facet normal -0.09801622777686082 0.9951848165503705 0
outer loop
vertex 120.97122192382812 13.069598197937012 -9.92312240600586
vertex 120.77613067626953 13.050383567810059 -9.925277709960938
vertex 120.77613067626953 13.050383567810059 -3.5
endloop
endfacet
facet normal -0.2902868777571596 0.9569396682142505 0
outer loop
vertex 121.1588134765625 13.126503944396973 -9.916739463806152
vertex 120.97122192382812 13.069598197937012 -9.92312240600586
vertex 120.97122192382812 13.069598197937012 -3.5
endloop
endfacet
facet normal -0.47140211984837765 0.881918387041826 0
outer loop
vertex 121.23597717285156 13.167749404907227 -9.912113189697266
vertex 121.1588134765625 13.126503944396973 -9.916739463806152
vertex 121.1588134765625 13.126503944396973 -3.5
endloop
endfacet
facet normal -0.4713824555760222 0.881928897686837 0
outer loop
vertex 121.33170318603516 13.218914031982422 -9.829712867736816
vertex 121.23597717285156 13.167749404907227 -9.912113189697266
vertex 121.33170318603516 13.218914031982422 -3.5
endloop
endfacet
facet normal -0.6343974203505326 0.7730070588633648 0
outer loop
vertex 121.48323822021484 13.343276977539062 -9.64583969116211
vertex 121.33170318603516 13.218914031982422 -9.829712867736816
vertex 121.33170318603516 13.218914031982422 -3.5
endloop
endfacet
facet normal 0.9569485960343027 0.2902574452929277 0
outer loop
vertex 119.85224914550781 13.667699813842773 -3.5
vertex 119.85224914550781 13.667699813842773 -9.576122283935547
vertex 119.79534912109375 13.855293273925781 -3.5
endloop
endfacet
facet normal 0.7730185595374488 0.6343834066324935 0
outer loop
vertex 120.06902313232422 13.343276977539062 -3.5
vertex 120.06902313232422 13.343276977539062 -9.892424583435059
vertex 119.94466400146484 13.494812965393066 -3.5
endloop
endfacet
facet normal 0 0 -1
outer loop
vertex 120.39344787597656 13.126503944396973 -3.5
vertex 120.2205581665039 13.218914031982422 -3.5
vertex 119.79327392578125 14.224435806274414 -3.5
endloop
endfacet
facet normal -0.9952050451952127 0.09781062323692012 0
outer loop
vertex 121.75898742675781 13.876330375671387 -8.93332576751709
vertex 121.75691986083984 13.855293273925781 -8.959663391113281
vertex 121.75691986083984 13.855293273925781 -3.5
endloop
endfacet
facet normal -0.9569377853117139 0.2902930847311246 0
outer loop
vertex 121.75691986083984 13.855293273925781 -8.959663391113281
vertex 121.70001220703125 13.667699813842773 -9.202291488647461
vertex 121.70001220703125 13.667699813842773 -3.5
endloop
endfacet
facet normal 0.9951843918634471 -0.0980205396403279 0
outer loop
vertex 119.77613067626953 14.050383567810059 -3.5
vertex 119.77613067626953 14.050383567810059 -9.120055198669434
vertex 119.79327392578125 14.224435806274414 -8.902153015136719
endloop
endfacet
facet normal -0.8819108510723637 0.4714162181775455 0
outer loop
vertex 121.70001220703125 13.667699813842773 -9.202291488647461
vertex 121.60759735107422 13.494812965393066 -9.433984756469727
vertex 121.60759735107422 13.494812965393066 -3.5
endloop
endfacet
facet normal 0.47139123217101686 0.8819242066256546 0
outer loop
vertex 120.39344787597656 13.126503944396973 -3.5
vertex 120.39344787597656 13.126503944396973 -9.916739463806152
vertex 120.2205581665039 13.218914031982422 -3.5
endloop
endfacet
facet normal 0.6343974203505325 0.7730070588633647 0
outer loop
vertex 120.2205581665039 13.218914031982422 -3.5
vertex 120.2205581665039 13.218914031982422 -9.906373977661133
vertex 120.06902313232422 13.343276977539062 -3.5
endloop
endfacet
facet normal 0.2902868777571596 0.9569396682142505 0
outer loop
vertex 120.58103942871094 13.069598197937012 -3.5
vertex 120.58103942871094 13.069598197937012 -9.92312240600586
vertex 120.39344787597656 13.126503944396973 -3.5
endloop
endfacet
facet normal 0.09801622777686082 0.9951848165503705 0
outer loop
vertex 120.77613067626953 13.050383567810059 -3.5
vertex 120.77613067626953 13.050383567810059 -9.925277709960938
vertex 120.58103942871094 13.069598197937012 -3.5
endloop
endfacet
facet normal -0.09801622777686082 0.9951848165503705 0
outer loop
vertex 120.97122192382812 13.069598197937012 -3.5
vertex 120.97122192382812 13.069598197937012 -9.92312240600586
vertex 120.77613067626953 13.050383567810059 -3.5
endloop
endfacet
facet normal -0.2902868777571596 0.9569396682142505 0
outer loop
vertex 121.1588134765625 13.126503944396973 -3.5
vertex 121.1588134765625 13.126503944396973 -9.916739463806152
vertex 120.97122192382812 13.069598197937012 -3.5
endloop
endfacet
facet normal -0.4713912321710102 0.8819242066256422 1.684569208612052e-7
outer loop
vertex 121.33170318603516 13.218914031982422 -3.5
vertex 121.23597717285156 13.167749404907227 -9.912113189697266
vertex 121.1588134765625 13.126503944396973 -3.5
endloop
endfacet
facet normal -0.6343974203505326 0.7730070588633648 0
outer loop
vertex 121.48323822021484 13.343276977539062 -9.64583969116211
vertex 121.33170318603516 13.218914031982422 -3.5
vertex 121.48323822021484 13.343276977539062 -3.5
endloop
endfacet
facet normal 0 0 -1
outer loop
vertex 119.79327392578125 14.224435806274414 -3.5
vertex 120.06902313232422 13.343276977539062 -3.5
vertex 119.94466400146484 13.494812965393066 -3.5
endloop
endfacet
facet normal -0.7730185595374489 0.6343834066324936 0
outer loop
vertex 121.60759735107422 13.494812965393066 -9.433984756469727
vertex 121.48323822021484 13.343276977539062 -9.64583969116211
vertex 121.48323822021484 13.343276977539062 -3.5
endloop
endfacet
facet normal 0 0 -1
outer loop
vertex 119.79327392578125 14.224435806274414 -3.5
vertex 120.2205581665039 13.218914031982422 -3.5
vertex 120.06902313232422 13.343276977539062 -3.5
endloop
endfacet
facet normal 0 0 -1
outer loop
vertex 120.58103942871094 13.069598197937012 -3.5
vertex 120.39344787597656 13.126503944396973 -3.5
vertex 119.79327392578125 14.224435806274414 -3.5
endloop
endfacet
facet normal 0 0 -1
outer loop
vertex 120.77613067626953 13.050383567810059 -3.5
vertex 120.58103942871094 13.069598197937012 -3.5
vertex 119.79327392578125 14.224435806274414 -3.5
endloop
endfacet
facet normal 0.7730340475820346 0.634364533433558 7.487063078478146e-7
outer loop
vertex 120.06902313232422 13.343276977539062 -9.892424583435059
vertex 120.0350112915039 13.384723663330078 -9.887775421142578
vertex 119.94466400146484 13.494812965393066 -3.5
endloop
endfacet
facet normal 0.7730127441074539 0.634390492872855 0
outer loop
vertex 119.94466400146484 13.494812965393066 -3.5
vertex 120.0350112915039 13.384723663330078 -9.887775421142578
vertex 119.94466400146484 13.494812965393066 -9.770423889160156
endloop
endfacet
facet normal 0.8819108510723637 0.4714162181775455 0
outer loop
vertex 119.94466400146484 13.494812965393066 -9.770423889160156
vertex 119.85224914550781 13.667699813842773 -9.576122283935547
vertex 119.85224914550781 13.667699813842773 -3.5
endloop
endfacet
facet normal 0.9569485960343028 0.29025744529292774 0
outer loop
vertex 119.85224914550781 13.667699813842773 -9.576122283935547
vertex 119.79534912109375 13.855293273925781 -9.35651969909668
vertex 119.79534912109375 13.855293273925781 -3.5
endloop
endfacet
facet normal -0.021447815501679776 0.12216622716408972 -0.9922778865573383
outer loop
vertex -121.97857666015625 13.938011169433594 -2.5
vertex -121.919921875 14.760543823242188 -2.4000000953674316
vertex -119.9500503540039 15.106379508972168 -2.4000000953674316
endloop
endfacet
facet normal -0.9974670995245751 0.07112935656978354 0
outer loop
vertex -121.919921875 14.760543823242188 -2.4000000953674316
vertex -121.97857666015625 13.938011169433594 -1.100000023841858
vertex -121.919921875 14.760543823242188 -1.2000000476837158
endloop
endfacet
facet normal -0.02144780585125373 0.12216617219550141 0.9922778935334929
outer loop
vertex -119.9500503540039 15.106379508972168 -1.2000000476837158
vertex -121.919921875 14.760543823242188 -1.2000000476837158
vertex -119.6147232055664 14.35301399230957 -1.100000023841858
endloop
endfacet
facet normal -0.021447770620441512 0.12216636581658318 0.992277870456951
outer loop
vertex -121.919921875 14.760543823242188 -1.2000000476837158
vertex -121.97857666015625 13.938011169433594 -1.100000023841858
vertex -119.6147232055664 14.35301399230957 -1.100000023841858
endloop
endfacet
facet normal 0.9135872637064373 0.4066427321290578 0
outer loop
vertex -119.6147232055664 14.35301399230957 -2.5
vertex -119.9500503540039 15.106379508972168 -1.2000000476837158
vertex -119.6147232055664 14.35301399230957 -1.100000023841858
endloop
endfacet
facet normal -0.17291792649772122 0.9849362368680161 0
outer loop
vertex -119.9500503540039 15.106379508972168 -1.2000000476837158
vertex -121.919921875 14.760543823242188 -2.4000000953674316
vertex -121.919921875 14.760543823242188 -1.2000000476837158
endloop
endfacet
facet normal 0.9135872637064372 0.4066427321290578 0
outer loop
vertex -119.6147232055664 14.35301399230957 -2.5
vertex -119.9500503540039 15.106379508972168 -2.4000000953674316
vertex -119.9500503540039 15.106379508972168 -1.2000000476837158
endloop
endfacet
facet normal -0.17291792649772122 0.9849362368680161 0
outer loop
vertex -119.9500503540039 15.106379508972168 -2.4000000953674316
vertex -121.919921875 14.760543823242188 -2.4000000953674316
vertex -119.9500503540039 15.106379508972168 -1.2000000476837158
endloop
endfacet
facet normal -0.997467099524575 0.07112935656978353 0
outer loop
vertex -121.919921875 14.760543823242188 -2.4000000953674316
vertex -121.97857666015625 13.938011169433594 -2.5
vertex -121.97857666015625 13.938011169433594 -1.100000023841858
endloop
endfacet
facet normal -0.02144771642553686 0.12216605712274901 -0.9922779096337935
outer loop
vertex -119.6147232055664 14.35301399230957 -2.5
vertex -121.97857666015625 13.938011169433594 -2.5
vertex -119.9500503540039 15.106379508972168 -2.4000000953674316
endloop
endfacet
facet normal 0.02162866067254312 0.12213442252560941 0.9922778763390061
outer loop
vertex 119.93095397949219 15.012502670288086 -1.2000000476837158
vertex 121.95774841308594 13.841132164001465 -1.100000023841858
vertex 121.90031433105469 14.663750648498535 -1.2000000476837158
endloop
endfacet
facet normal 0.02162857818479969 0.12213428143507532 0.9922778955030904
outer loop
vertex 119.93095397949219 15.012502670288086 -1.2000000476837158
vertex 119.59451293945312 14.259634017944336 -1.100000023841858
vertex 121.95774841308594 13.841132164001465 -1.100000023841858
endloop
endfacet
facet normal 0.9975715553491908 0.06964906286660415 0
outer loop
vertex 121.95774841308594 13.841132164001465 -1.100000023841858
vertex 121.95774841308594 13.841132164001465 -2.5
vertex 121.90031433105469 14.663750648498535 -1.2000000476837158
endloop
endfacet
facet normal 0.17437583287874883 0.9846791705463475 0
outer loop
vertex 121.90031433105469 14.663750648498535 -1.2000000476837158
vertex 119.93095397949219 15.012502670288086 -2.4000000953674316
vertex 119.93095397949219 15.012502670288086 -1.2000000476837158
endloop
endfacet
facet normal 0.021628606121416136 0.12213411448201424 -0.9922779154435208
outer loop
vertex 119.59451293945312 14.259634017944336 -2.5
vertex 119.93095397949219 15.012502670288086 -2.4000000953674316
vertex 121.90031433105469 14.663750648498535 -2.4000000953674316
endloop
endfacet
facet normal 0.021628577101792463 0.12213427531944868 -0.9922778962794369
outer loop
vertex 121.95774841308594 13.841132164001465 -2.5
vertex 119.59451293945312 14.259634017944336 -2.5
vertex 121.90031433105469 14.663750648498535 -2.4000000953674316
endloop
endfacet
facet normal -0.9129848075336411 0.4079935553568961 0
outer loop
vertex 119.93095397949219 15.012502670288086 -2.4000000953674316
vertex 119.59451293945312 14.259634017944336 -2.5
vertex 119.59451293945312 14.259634017944336 -1.100000023841858
endloop
endfacet
facet normal -0.9129848075336409 0.40799355535689596 0
outer loop
vertex 119.93095397949219 15.012502670288086 -2.4000000953674316
vertex 119.59451293945312 14.259634017944336 -1.100000023841858
vertex 119.93095397949219 15.012502670288086 -1.2000000476837158
endloop
endfacet
facet normal 0.9975715553491908 0.06964906286660415 0
outer loop
vertex 121.95774841308594 13.841132164001465 -2.5
vertex 121.90031433105469 14.663750648498535 -2.4000000953674316
vertex 121.90031433105469 14.663750648498535 -1.2000000476837158
endloop
endfacet
facet normal 0.17437583287874883 0.9846791705463475 0
outer loop
vertex 121.90031433105469 14.663750648498535 -1.2000000476837158
vertex 121.90031433105469 14.663750648498535 -2.4000000953674316
vertex 119.93095397949219 15.012502670288086 -2.4000000953674316
endloop
endfacet
facet normal 0 0 1
outer loop
vertex 82.00813293457031 11.115387916564941 -0.5
vertex 83.23729705810547 14.051748275756836 -0.5
vertex 82.8779296875 14.345746040344238 -0.5
endloop
endfacet
facet normal 0 0 1
outer loop
vertex 79.566650390625 32.77568817138672 -0.5
vertex 80.03321075439453 32.44371795654297 -0.5
vertex 81.27510833740234 34.63871383666992 -0.5
endloop
endfacet
facet normal 0 0 1
outer loop
vertex -8.1639986038208 -49.93544387817383 -0.5
vertex -67.43373107910156 -52.13944625854492 -0.5
vertex 29.78835678100586 -52.13544464111328 -0.5
endloop
endfacet
facet normal 0 0 1
outer loop
vertex 34.686946868896484 -49.271728515625 -0.5
vertex 29.78835678100586 -52.13544464111328 -0.5
vertex 30.357864379882812 -52.09004211425781 -0.5
endloop
endfacet
facet normal 0 0 1
outer loop
vertex 34.686946868896484 -49.271728515625 -0.5
vertex 30.357864379882812 -52.09004211425781 -0.5
vertex 31.267724990844727 -51.851810455322266 -0.5
endloop
endfacet
facet normal 0 0 1
outer loop
vertex 34.686946868896484 -49.271728515625 -0.5
vertex 31.267724990844727 -51.851810455322266 -0.5
vertex 31.330188751220703 -51.84111785888672 -0.5
endloop
endfacet
facet normal 0 0 1
outer loop
vertex 34.686946868896484 -49.271728515625 -0.5
vertex 31.330188751220703 -51.84111785888672 -0.5
vertex 31.790441513061523 -51.77988815307617 -0.5
endloop
endfacet
facet normal 0 0 1
outer loop
vertex 34.686946868896484 -49.271728515625 -0.5
vertex 31.790441513061523 -51.77988815307617 -0.5
vertex 31.854753494262695 -51.775733947753906 -0.5
endloop
endfacet
facet normal 0 0 1
outer loop
vertex -67.43373107910156 -52.13944625854492 -0.5
vertex -8.1639986038208 -49.93544387817383 -0.5
vertex -69.16400146484375 -49.93544387817383 -0.5
endloop
endfacet
facet normal 0 0 1
outer loop
vertex -69.16400146484375 -49.93544387817383 -0.5
vertex -69.16400146484375 -49.873573303222656 -0.5
vertex -72.74357604980469 -50.500244140625 -0.5
endloop
endfacet
facet normal 0 0 1
outer loop
vertex -67.91322326660156 -52.19363021850586 -0.5
vertex -67.49247741699219 -52.14291000366211 -0.5
vertex -69.16400146484375 -49.93544387817383 -0.5
endloop
endfacet
facet normal 0 0 1
outer loop
vertex -67.49247741699219 -52.14291000366211 -0.5
vertex -67.43373107910156 -52.13944625854492 -0.5
vertex -69.16400146484375 -49.93544387817383 -0.5
endloop
endfacet
facet normal 0 0 1
outer loop
vertex -69.16400146484375 -49.93544387817383 -0.5
vertex -72.73831939697266 -53.00791549682617 -0.5
vertex -67.91322326660156 -52.19363021850586 -0.5
endloop
endfacet
facet normal 0 0 1
outer loop
vertex 30.295175552368164 -49.46379852294922 -0.5
vertex 30.105178833007812 -49.58162307739258 -0.5
vertex 29.78835678100586 -52.13544464111328 -0.5
endloop
endfacet
facet normal 0 0 1
outer loop
vertex 30.105178833007812 -49.58162307739258 -0.5
vertex 29.836002349853516 -49.93544387817383 -0.5
vertex 29.78835678100586 -52.13544464111328 -0.5
endloop
endfacet
facet normal 0 0 1
outer loop
vertex 29.836002349853516 -49.93544387817383 -0.5
vertex -8.1639986038208 -49.93544387817383 -0.5
vertex 29.78835678100586 -52.13544464111328 -0.5
endloop
endfacet
facet normal 0 0 1
outer loop
vertex 30.105178833007812 -49.58162307739258 -0.5
vertex 29.836002349853516 -49.63544464111328 -0.5
vertex 29.836002349853516 -49.93544387817383 -0.5
endloop
endfacet
facet normal 0 0 1
outer loop
vertex 34.686946868896484 -49.271728515625 -0.5
vertex 30.295175552368164 -49.46379852294922 -0.5
vertex 29.78835678100586 -52.13544464111328 -0.5
endloop
endfacet
facet normal 0 0 1
outer loop
vertex 34.686946868896484 -49.271728515625 -0.5
vertex 30.448965072631836 -49.271728515625 -0.5
vertex 30.295175552368164 -49.46379852294922 -0.5
endloop
endfacet
facet normal 0 0 1
outer loop
vertex 34.686946868896484 -49.271728515625 -0.5
vertex 31.854753494262695 -51.775733947753906 -0.5
vertex 64.70612335205078 -51.77267074584961 -0.5
endloop
endfacet
facet normal 0 0 1
outer loop
vertex 64.70612335205078 -51.77267074584961 -0.5
vertex 65.20040130615234 -49.271728515625 -0.5
vertex 34.686946868896484 -49.271728515625 -0.5
endloop
endfacet
facet normal 0 0 1
outer loop
vertex 65.07392883300781 -51.79530334472656 -0.5
vertex 65.1297607421875 -51.80193328857422 -0.5
vertex 65.20040130615234 -49.271728515625 -0.5
endloop
endfacet
facet normal 0 0 1
outer loop
vertex 64.70612335205078 -51.77267074584961 -0.5
vertex 65.07392883300781 -51.79530334472656 -0.5
vertex 65.20040130615234 -49.271728515625 -0.5
endloop
endfacet
facet normal 0 0 1
outer loop
vertex 65.1297607421875 -51.80193328857422 -0.5
vertex 72.9609146118164 -50.61296081542969 -0.5
vertex 65.20040130615234 -49.271728515625 -0.5
endloop
endfacet
facet normal 0 0 1
outer loop
vertex 72.9609146118164 -50.61296081542969 -0.5
vertex 65.1297607421875 -51.80193328857422 -0.5
vertex 72.05442810058594 -53.018917083740234 -0.5
endloop
endfacet
facet normal 0 0 1
outer loop
vertex -62.85795593261719 38.54552459716797 -0.5
vertex -78.89420318603516 35.71381378173828 -0.5
vertex -78.48208618164062 33.24790954589844 -0.5
endloop
endfacet
facet normal 0 0 1
outer loop
vertex -78.89420318603516 35.71381378173828 -0.5
vertex -79.33074951171875 35.621009826660156 -0.5
vertex -78.91311645507812 33.144737243652344 -0.5
endloop
endfacet
facet normal 0 0 1
outer loop
vertex -78.89420318603516 35.71381378173828 -0.5
vertex -78.91311645507812 33.144737243652344 -0.5
vertex -78.48208618164062 33.24790954589844 -0.5
endloop
endfacet
facet normal 0 0 1
outer loop
vertex -79.33074951171875 35.621009826660156 -0.5
vertex -80.26622009277344 35.30732727050781 -0.5
vertex -79.44658660888672 32.93665313720703 -0.5
endloop
endfacet
facet normal 0 0 1
outer loop
vertex -80.26622009277344 35.30732727050781 -0.5
vertex -81.20619201660156 34.80706787109375 -0.5
vertex -79.44658660888672 32.93665313720703 -0.5
endloop
endfacet
facet normal 0 0 1
outer loop
vertex -79.33074951171875 35.621009826660156 -0.5
vertex -79.44658660888672 32.93665313720703 -0.5
vertex -78.91311645507812 33.144737243652344 -0.5
endloop
endfacet
facet normal 0 0 1
outer loop
vertex -81.20619201660156 34.80706787109375 -0.5
vertex -79.9415512084961 32.648746490478516 -0.5
vertex -79.44658660888672 32.93665313720703 -0.5
endloop
endfacet
facet normal 0 0 1
outer loop
vertex -80.38616943359375 32.28791046142578 -0.5
vertex -81.20619201660156 34.80706787109375 -0.5
vertex -82.12906646728516 34.07741928100586 -0.5
endloop
endfacet
facet normal 0 0 1
outer loop
vertex -81.20619201660156 34.80706787109375 -0.5
vertex -80.38616943359375 32.28791046142578 -0.5
vertex -79.9415512084961 32.648746490478516 -0.5
endloop
endfacet
facet normal 0 0 1
outer loop
vertex -80.76978302001953 31.8627872467041 -0.5
vertex -80.38616943359375 32.28791046142578 -0.5
vertex -82.12906646728516 34.07741928100586 -0.5
endloop
endfacet
facet normal 0 0 1
outer loop
vertex -81.08320617675781 31.383563995361328 -0.5
vertex -80.76978302001953 31.8627872467041 -0.5
vertex -82.12906646728516 34.07741928100586 -0.5
endloop
endfacet
facet normal 0 0 1
outer loop
vertex -81.31893157958984 30.861719131469727 -0.5
vertex -82.12906646728516 34.07741928100586 -0.5
vertex -82.82869720458984 33.28009033203125 -0.5
endloop
endfacet
facet normal 0 0 1
outer loop
vertex -81.08320617675781 31.383563995361328 -0.5
vertex -82.12906646728516 34.07741928100586 -0.5
vertex -81.31893157958984 30.861719131469727 -0.5
endloop
endfacet
facet normal 0 0 1
outer loop
vertex -81.31893157958984 30.861719131469727 -0.5
vertex -82.82869720458984 33.28009033203125 -0.5
vertex -83.43387603759766 32.27120590209961 -0.5
endloop
endfacet
facet normal 0 0 1
outer loop
vertex -81.31893157958984 30.861719131469727 -0.5
vertex -83.43387603759766 32.27120590209961 -0.5
vertex -83.80630493164062 31.27796745300293 -0.5
endloop
endfacet
facet normal 0 0 1
outer loop
vertex -81.47130584716797 30.309749603271484 -0.5
vertex -81.31893157958984 30.861719131469727 -0.5
vertex -83.80630493164062 31.27796745300293 -0.5
endloop
endfacet
facet normal 0 0 1
outer loop
vertex -81.47130584716797 30.309749603271484 -0.5
vertex -83.80630493164062 31.27796745300293 -0.5
vertex -84.01555633544922 30.120254516601562 -0.5
endloop
endfacet
facet normal 0 0 1
outer loop
vertex -81.53668212890625 29.74087905883789 -0.5
vertex -81.47130584716797 30.309749603271484 -0.5
vertex -84.01555633544922 30.120254516601562 -0.5
endloop
endfacet
facet normal 0 0 1
outer loop
vertex -81.51349639892578 29.168733596801758 -0.5
vertex -81.53668212890625 29.74087905883789 -0.5
vertex -84.01555633544922 30.120254516601562 -0.5
endloop
endfacet
facet normal 0 0 1
outer loop
vertex -81.51349639892578 29.168733596801758 -0.5
vertex -84.01555633544922 30.120254516601562 -0.5
vertex -84.01263427734375 29.05689239501953 -0.5
endloop
endfacet
facet normal 0 0 1
outer loop
vertex 72.9609146118164 -50.61296081542969 -0.5
vertex 72.05442810058594 -53.018917083740234 -0.5
vertex 72.95548248291016 -53.112754821777344 -0.5
endloop
endfacet
facet normal 0 0 1
outer loop
vertex 74.09696197509766 -50.498504638671875 -0.5
vertex 72.95548248291016 -53.112754821777344 -0.5
vertex 74.1517562866211 -53.0386848449707 -0.5
endloop
endfacet
facet normal 0 0 1
outer loop
vertex 74.09696197509766 -50.498504638671875 -0.5
vertex 74.1517562866211 -53.0386848449707 -0.5
vertex 74.21405792236328 -53.02799987792969 -0.5
endloop
endfacet
facet normal 0 0 1
outer loop
vertex 74.09696197509766 -50.498504638671875 -0.5
vertex 74.21405792236328 -53.02799987792969 -0.5
vertex 75.36653137207031 -52.711021423339844 -0.5
endloop
endfacet
facet normal 0 0 1
outer loop
vertex 73.56932830810547 -50.59601974487305 -0.5
vertex 72.9609146118164 -50.61296081542969 -0.5
vertex 72.95548248291016 -53.112754821777344 -0.5
endloop
endfacet
facet normal 0 0 1
outer loop
vertex 74.09696197509766 -50.498504638671875 -0.5
vertex 73.56932830810547 -50.59601974487305 -0.5
vertex 72.95548248291016 -53.112754821777344 -0.5
endloop
endfacet
facet normal 0 0 1
outer loop
vertex 74.6381607055664 -50.31143569946289 -0.5
vertex 74.09696197509766 -50.498504638671875 -0.5
vertex 75.36653137207031 -52.711021423339844 -0.5
endloop
endfacet
facet normal 0 0 1
outer loop
vertex -96.51348114013672 8.918721199035645 -0.5
vertex -94.30509185791016 12.953030586242676 -0.5
vertex -94.66106414794922 13.255228996276855 -0.5
endloop
endfacet
facet normal 0 0 1
outer loop
vertex -96.51348114013672 8.918721199035645 -0.5
vertex -94.66106414794922 13.255228996276855 -0.5
vertex -94.71617126464844 13.309529304504395 -0.5
endloop
endfacet
facet normal 0 0 1
outer loop
vertex -96.51348114013672 8.918721199035645 -0.5
vertex -94.71617126464844 13.309529304504395 -0.5
vertex -95.01969146728516 13.660896301269531 -0.5
endloop
endfacet
facet normal 0 0 1
outer loop
vertex -138.93798828125 5.499695777893066 -0.5
vertex -132.4056396484375 -25.939756393432617 -0.5
vertex -137.779296875 4.571133136749268 -0.5
endloop
endfacet
facet normal 0 0 1
outer loop
vertex -138.93798828125 5.499695777893066 -0.5
vertex -137.19984436035156 -4.408874988555908 -0.5
vertex -132.4056396484375 -25.939756393432617 -0.5
endloop
endfacet
facet normal 0 0 1
outer loop
vertex -96.51348114013672 8.918721199035645 -0.5
vertex -95.01969146728516 13.660896301269531 -0.5
vertex -95.06257629394531 13.720964431762695 -0.5
endloop
endfacet
facet normal 0 0 1
outer loop
vertex -95.06257629394531 13.720964431762695 -0.5
vertex -95.40711975097656 14.262474060058594 -0.5
vertex -96.51348114013672 8.918721199035645 -0.5
endloop
endfacet
facet normal 0 0 1
outer loop
vertex -95.40711975097656 14.262474060058594 -0.5
vertex -96.1485366821289 15.20022201538086 -0.5
vertex -96.51348114013672 8.918721199035645 -0.5
endloop
endfacet
facet normal 0 0 1
outer loop
vertex -132.4056396484375 -25.939756393432617 -0.5
vertex -137.19984436035156 -4.408874988555908 -0.5
vertex -133.6578826904297 -24.600568771362305 -0.5
endloop
endfacet
facet normal 0 0 1
outer loop
vertex 78.50888061523438 33.205596923828125 -0.5
vertex 80.25878143310547 35.23131561279297 -0.5
vertex 79.25870513916016 35.59221267700195 -0.5
endloop
endfacet
facet normal 0 0 1
outer loop
vertex 79.566650390625 32.77568817138672 -0.5
vertex 81.27510833740234 34.63871383666992 -0.5
vertex 80.25878143310547 35.23131561279297 -0.5
endloop
endfacet
facet normal 0 0 1
outer loop
vertex 80.03321075439453 32.44371795654297 -0.5
vertex 82.08106231689453 33.949031829833984 -0.5
vertex 81.27510833740234 34.63871383666992 -0.5
endloop
endfacet
facet normal 0 0 1
outer loop
vertex -133.6578826904297 -24.600568771362305 -0.5
vertex -135.22462463378906 -25.00554084777832 -0.5
vertex -135.23135375976562 -25.082569122314453 -0.5
endloop
endfacet
facet normal 0 0 1
outer loop
vertex -133.6578826904297 -24.600568771362305 -0.5
vertex -135.222412109375 -24.87501335144043 -0.5
vertex -135.22462463378906 -25.00554084777832 -0.5
endloop
endfacet
facet normal 0 0 1
outer loop
vertex 75.04488372802734 8.945764541625977 -0.5
vertex 75.1406021118164 8.276394844055176 -0.5
vertex 75.64344787597656 9.282488822937012 -0.5
endloop
endfacet
facet normal 0 0 1
outer loop
vertex 75.1406021118164 8.276394844055176 -0.5
vertex 76.1846694946289 9.469491958618164 -0.5
vertex 75.64344787597656 9.282488822937012 -0.5
endloop
endfacet
facet normal 0 0 1
outer loop
vertex 75.04488372802734 8.945764541625977 -0.5
vertex 75.64344787597656 9.282488822937012 -0.5
vertex 75.16947174072266 9.192102432250977 -0.5
endloop
endfacet
facet normal 0 0 1
outer loop
vertex 75.1406021118164 8.276394844055176 -0.5
vertex 76.6905517578125 9.73776912689209 -0.5
vertex 76.1846694946289 9.469491958618164 -0.5
endloop
endfacet
facet normal 0 0 1
outer loop
vertex 75.1406021118164 8.276394844055176 -0.5
vertex 77.14897155761719 10.080892562866211 -0.5
vertex 76.6905517578125 9.73776912689209 -0.5
endloop
endfacet
facet normal 0 0 1
outer loop
vertex 75.1406021118164 8.276394844055176 -0.5
vertex 79.01721954345703 7.5928497314453125 -0.5
vertex 77.14897155761719 10.080892562866211 -0.5
endloop
endfacet
facet normal 0 0 1
outer loop
vertex 79.01721954345703 7.5928497314453125 -0.5
vertex 79.20350646972656 8.523951530456543 -0.5
vertex 77.14897155761719 10.080892562866211 -0.5
endloop
endfacet
facet normal 0 0 1
outer loop
vertex 79.20350646972656 8.523951530456543 -0.5
vertex 77.54896545410156 10.490643501281738 -0.5
vertex 77.14897155761719 10.080892562866211 -0.5
endloop
endfacet
facet normal 0 0 1
outer loop
vertex 79.20350646972656 8.523951530456543 -0.5
vertex 79.40528106689453 9.059836387634277 -0.5
vertex 77.54896545410156 10.490643501281738 -0.5
endloop
endfacet
facet normal 0 0 1
outer loop
vertex 79.40528106689453 9.059836387634277 -0.5
vertex 79.68733978271484 9.558168411254883 -0.5
vertex 77.88093566894531 10.957207679748535 -0.5
endloop
endfacet
facet normal 0 0 1
outer loop
vertex 79.40528106689453 9.059836387634277 -0.5
vertex 77.88093566894531 10.957207679748535 -0.5
vertex 77.54896545410156 10.490643501281738 -0.5
endloop
endfacet
facet normal 0 0 1
outer loop
vertex 79.68733978271484 9.558168411254883 -0.5
vertex 78.1369400024414 11.469408988952637 -0.5
vertex 77.88093566894531 10.957207679748535 -0.5
endloop
endfacet
facet normal 0 0 1
outer loop
vertex 80.04290771484375 10.007009506225586 -0.5
vertex 78.31084442138672 12.014978408813477 -0.5
vertex 78.1369400024414 11.469408988952637 -0.5
endloop
endfacet
facet normal 0 0 1
outer loop
vertex 79.68733978271484 9.558168411254883 -0.5
vertex 80.04290771484375 10.007009506225586 -0.5
vertex 78.1369400024414 11.469408988952637 -0.5
endloop
endfacet
facet normal 0 0 1
outer loop
vertex 80.04290771484375 10.007009506225586 -0.5
vertex 80.4634780883789 10.395608901977539 -0.5
vertex 78.31084442138672 12.014978408813477 -0.5
endloop
endfacet
facet normal 0 0 1
outer loop
vertex 80.4634780883789 10.395608901977539 -0.5
vertex 80.93897247314453 10.714658737182617 -0.5
vertex 78.31084442138672 12.014978408813477 -0.5
endloop
endfacet
facet normal 0 0 1
outer loop
vertex 80.93897247314453 10.714658737182617 -0.5
vertex 81.45800018310547 10.95651626586914 -0.5
vertex 78.31084442138672 12.014978408813477 -0.5
endloop
endfacet
facet normal 0 0 1
outer loop
vertex 81.45800018310547 10.95651626586914 -0.5
vertex 82.8779296875 14.345746040344238 -0.5
vertex 78.31084442138672 12.014978408813477 -0.5
endloop
endfacet
facet normal 0 0 1
outer loop
vertex 81.45800018310547 10.95651626586914 -0.5
vertex 82.00813293457031 11.115387916564941 -0.5
vertex 82.8779296875 14.345746040344238 -0.5
endloop
endfacet
facet normal 0 0 1
outer loop
vertex 82.5761947631836 11.187469482421875 -0.5
vertex 83.15608215332031 11.170031547546387 -0.5
vertex 83.77019500732422 13.737720489501953 -0.5
endloop
endfacet
facet normal 0 0 1
outer loop
vertex 82.00813293457031 11.115387916564941 -0.5
vertex 82.5761947631836 11.187469482421875 -0.5
vertex 83.23729705810547 14.051748275756836 -0.5
endloop
endfacet
facet normal 0 0 1
outer loop
vertex 82.5761947631836 11.187469482421875 -0.5
vertex 83.77019500732422 13.737720489501953 -0.5
vertex 83.7008285522461 13.771971702575684 -0.5
endloop
endfacet
facet normal 0 0 1
outer loop
vertex 75.36653137207031 -52.711021423339844 -0.5
vertex 76.52702331542969 -52.14114761352539 -0.5
vertex 75.14401245117188 -50.0431022644043 -0.5
endloop
endfacet
facet normal 0 0 1
outer loop
vertex 82.5761947631836 11.187469482421875 -0.5
vertex 83.7008285522461 13.771971702575684 -0.5
vertex 83.30046081542969 14.007105827331543 -0.5
endloop
endfacet
facet normal 0 0 1
outer loop
vertex 82.5761947631836 11.187469482421875 -0.5
vertex 83.30046081542969 14.007105827331543 -0.5
vertex 83.23729705810547 14.051748275756836 -0.5
endloop
endfacet
facet normal 0 0 1
outer loop
vertex 83.15608215332031 11.170031547546387 -0.5
vertex 84.20191955566406 13.566864967346191 -0.5
vertex 83.77019500732422 13.737720489501953 -0.5
endloop
endfacet
facet normal 0 0 1
outer loop
vertex 83.15608215332031 11.170031547546387 -0.5
vertex 84.79661560058594 13.428426742553711 -0.5
vertex 84.27754211425781 13.54366683959961 -0.5
endloop
endfacet
facet normal 0 0 1
outer loop
vertex 83.15608215332031 11.170031547546387 -0.5
vertex 84.27754211425781 13.54366683959961 -0.5
vertex 84.20191955566406 13.566864967346191 -0.5
endloop
endfacet
facet normal 0 0 1
outer loop
vertex 83.15608215332031 11.170031547546387 -0.5
vertex 91.75536346435547 12.205055236816406 -0.5
vertex 84.79661560058594 13.428426742553711 -0.5
endloop
endfacet
facet normal 0 0 1
outer loop
vertex 79.05445098876953 33.03169250488281 -0.5
vertex 79.566650390625 32.77568817138672 -0.5
vertex 80.25878143310547 35.23131561279297 -0.5
endloop
endfacet
facet normal 0 0 1
outer loop
vertex 91.75536346435547 12.205055236816406 -0.5
vertex 83.15608215332031 11.170031547546387 -0.5
vertex 96.49698638916016 8.826321601867676 -0.5
endloop
endfacet
facet normal 0 0 1
outer loop
vertex 78.50888061523438 33.205596923828125 -0.5
vertex 79.05445098876953 33.03169250488281 -0.5
vertex 80.25878143310547 35.23131561279297 -0.5
endloop
endfacet
facet normal 0 0 1
outer loop
vertex 76.52702331542969 -52.14114761352539 -0.5
vertex 76.83032989501953 -52.0076789855957 -0.5
vertex 75.6023941040039 -49.69992446899414 -0.5
endloop
endfacet
facet normal 0 0 1
outer loop
vertex 76.83032989501953 -52.0076789855957 -0.5
vertex 76.8914566040039 -51.98735427856445 -0.5
vertex 75.6023941040039 -49.69992446899414 -0.5
endloop
endfacet
facet normal 0 0 1
outer loop
vertex 74.6381607055664 -50.31143569946289 -0.5
vertex 75.36653137207031 -52.711021423339844 -0.5
vertex 75.14401245117188 -50.0431022644043 -0.5
endloop
endfacet
facet normal 0 0 1
outer loop
vertex -92.20284271240234 12.269097328186035 -0.5
vertex -96.51348114013672 8.918721199035645 -0.5
vertex -91.66328430175781 12.316509246826172 -0.5
endloop
endfacet
facet normal 0 0 1
outer loop
vertex -132.6919708251953 -26.256202697753906 -0.5
vertex -132.4056396484375 -25.939756393432617 -0.5
vertex -133.6578826904297 -24.600568771362305 -0.5
endloop
endfacet
facet normal 0 0 1
outer loop
vertex -133.6578826904297 -24.600568771362305 -0.5
vertex -135.23135375976562 -25.082569122314453 -0.5
vertex -132.6919708251953 -26.256202697753906 -0.5
endloop
endfacet
facet normal 0 0 1
outer loop
vertex -135.23135375976562 -25.082569122314453 -0.5
vertex -133.01470947265625 -26.729202270507812 -0.5
vertex -132.6919708251953 -26.256202697753906 -0.5
endloop
endfacet
facet normal 0 0 1
outer loop
vertex -135.23135375976562 -25.082569122314453 -0.5
vertex -135.3089141845703 -25.54034996032715 -0.5
vertex -133.01470947265625 -26.729202270507812 -0.5
endloop
endfacet
facet normal 0 0 1
outer loop
vertex 91.75536346435547 12.205055236816406 -0.5
vertex 96.49698638916016 8.826321601867676 -0.5
vertex 91.81919860839844 12.19800090789795 -0.5
endloop
endfacet
facet normal 0 0 1
outer loop
vertex 96.49698638916016 8.826321601867676 -0.5
vertex 92.28308868408203 12.17837905883789 -0.5
vertex 91.81919860839844 12.19800090789795 -0.5
endloop
endfacet
facet normal 0 0 1
outer loop
vertex 96.49698638916016 8.826321601867676 -0.5
vertex 92.36036682128906 12.179391860961914 -0.5
vertex 92.28308868408203 12.17837905883789 -0.5
endloop
endfacet
facet normal 0 0 1
outer loop
vertex 96.49698638916016 8.826321601867676 -0.5
vertex 92.82170104980469 12.231897354125977 -0.5
vertex 92.36036682128906 12.179391860961914 -0.5
endloop
endfacet
facet normal 0 0 1
outer loop
vertex 96.49698638916016 8.826321601867676 -0.5
vertex 92.8979263305664 12.244511604309082 -0.5
vertex 92.82170104980469 12.231897354125977 -0.5
endloop
endfacet
facet normal 0 0 1
outer loop
vertex 96.49698638916016 8.826321601867676 -0.5
vertex 93.3456039428711 12.367691040039062 -0.5
vertex 92.8979263305664 12.244511604309082 -0.5
endloop
endfacet
facet normal 0 0 1
outer loop
vertex 96.49698638916016 8.826321601867676 -0.5
vertex 93.41900634765625 12.391799926757812 -0.5
vertex 93.3456039428711 12.367691040039062 -0.5
endloop
endfacet
facet normal 0 0 1
outer loop
vertex 96.49698638916016 8.826321601867676 -0.5
vertex 93.84233856201172 12.582517623901367 -0.5
vertex 93.41900634765625 12.391799926757812 -0.5
endloop
endfacet
facet normal 0 0 1
outer loop
vertex 96.49698638916016 8.826321601867676 -0.5
vertex 93.9111099243164 12.617728233337402 -0.5
vertex 93.84233856201172 12.582517623901367 -0.5
endloop
endfacet
facet normal 0 0 1
outer loop
vertex 96.49698638916016 8.826321601867676 -0.5
vertex 94.30094146728516 12.86994743347168 -0.5
vertex 93.9111099243164 12.617728233337402 -0.5
endloop
endfacet
facet normal 0 0 1
outer loop
vertex 96.49698638916016 8.826321601867676 -0.5
vertex 94.36246490478516 12.916885375976562 -0.5
vertex 94.30094146728516 12.86994743347168 -0.5
endloop
endfacet
facet normal 0 0 1
outer loop
vertex -135.3089141845703 -25.54034996032715 -0.5
vertex -135.3294219970703 -25.619094848632812 -0.5
vertex -133.01470947265625 -26.729202270507812 -0.5
endloop
endfacet
facet normal 0 0 1
outer loop
vertex 76.52702331542969 -52.14114761352539 -0.5
vertex 75.6023941040039 -49.69992446899414 -0.5
vertex 75.14401245117188 -50.0431022644043 -0.5
endloop
endfacet
facet normal 0 0 1
outer loop
vertex 76.8914566040039 -51.98735427856445 -0.5
vertex 77.33666229248047 -51.85553741455078 -0.5
vertex 76.0175552368164 -49.271728515625 -0.5
endloop
endfacet
facet normal 0 0 1
outer loop
vertex 77.33666229248047 -51.85553741455078 -0.5
vertex 77.41259002685547 -51.84111785888672 -0.5
vertex 76.0175552368164 -49.271728515625 -0.5
endloop
endfacet
facet normal 0 0 1
outer loop
vertex -133.01470947265625 -26.729202270507812 -0.5
vertex -135.3294219970703 -25.619094848632812 -0.5
vertex -135.79815673828125 -26.985708236694336 -0.5
endloop
endfacet
facet normal 0 0 1
outer loop
vertex -78.48030090332031 11.980264663696289 -0.5
vertex -81.51349639892578 29.168733596801758 -0.5
vertex -84.01263427734375 29.05689239501953 -0.5
endloop
endfacet
facet normal 0 0 1
outer loop
vertex -84.01263427734375 29.05689239501953 -0.5
vertex -82.01258087158203 17.567005157470703 -0.5
vertex -78.48030090332031 11.980264663696289 -0.5
endloop
endfacet
facet normal 0 0 1
outer loop
vertex -75.43762969970703 -49.756534576416016 -0.5
vertex -75.954833984375 -49.271728515625 -0.5
vertex -77.57246398925781 -51.79330062866211 -0.5
endloop
endfacet
facet normal 0 0 1
outer loop
vertex -69.16400146484375 -49.93544387817383 -0.5
vertex -72.74357604980469 -50.500244140625 -0.5
vertex -72.73831939697266 -53.00791549682617 -0.5
endloop
endfacet
facet normal 0 0 1
outer loop
vertex -73.91204071044922 -52.97986602783203 -0.5
vertex -72.74357604980469 -50.500244140625 -0.5
vertex -73.31571960449219 -50.52342987060547 -0.5
endloop
endfacet
facet normal 0 0 1
outer loop
vertex -74.95085144042969 -52.76515579223633 -0.5
vertex -73.31571960449219 -50.52342987060547 -0.5
vertex -73.88459014892578 -50.45804977416992 -0.5
endloop
endfacet
facet normal 0 0 1
outer loop
vertex -72.73831939697266 -53.00791549682617 -0.5
vertex -72.74357604980469 -50.500244140625 -0.5
vertex -73.91204071044922 -52.97986602783203 -0.5
endloop
endfacet
facet normal 0 0 1
outer loop
vertex -74.95085144042969 -52.76515579223633 -0.5
vertex -73.91204071044922 -52.97986602783203 -0.5
vertex -73.31571960449219 -50.52342987060547 -0.5
endloop
endfacet
facet normal 0 0 1
outer loop
vertex 76.8914566040039 -51.98735427856445 -0.5
vertex 76.0175552368164 -49.271728515625 -0.5
vertex 75.6023941040039 -49.69992446899414 -0.5
endloop
endfacet
facet normal 0 0 1
outer loop
vertex 77.41259002685547 -51.84111785888672 -0.5
vertex 77.87284088134766 -51.77988815307617 -0.5
vertex 89.67517852783203 -49.271728515625 -0.5
endloop
endfacet
facet normal 0 0 1
outer loop
vertex 77.87284088134766 -51.77988815307617 -0.5
vertex 77.9370346069336 -51.77574157714844 -0.5
vertex 89.67517852783203 -49.271728515625 -0.5
endloop
endfacet
facet normal 0 0 1
outer loop
vertex -76.60107421875 -52.043724060058594 -0.5
vertex -74.95840454101562 -50.06995391845703 -0.5
vertex -75.43762969970703 -49.756534576416016 -0.5
endloop
endfacet
facet normal 0 0 1
outer loop
vertex -76.06194305419922 -52.314422607421875 -0.5
vertex -74.43656158447266 -50.3056755065918 -0.5
vertex -74.95840454101562 -50.06995391845703 -0.5
endloop
endfacet
facet normal 0 0 1
outer loop
vertex -76.06194305419922 -52.314422607421875 -0.5
vertex -73.88459014892578 -50.45804977416992 -0.5
vertex -74.43656158447266 -50.3056755065918 -0.5
endloop
endfacet
facet normal 0 0 1
outer loop
vertex -77.57246398925781 -51.79330062866211 -0.5
vertex -77.11518096923828 -51.873722076416016 -0.5
vertex -75.43762969970703 -49.756534576416016 -0.5
endloop
endfacet
facet normal 0 0 1
outer loop
vertex -77.11518096923828 -51.873722076416016 -0.5
vertex -77.04047393798828 -51.893699645996094 -0.5
vertex -75.43762969970703 -49.756534576416016 -0.5
endloop
endfacet
facet normal 0 0 1
outer loop
vertex -76.53419494628906 -52.07298278808594 -0.5
vertex -76.06194305419922 -52.314422607421875 -0.5
vertex -74.95840454101562 -50.06995391845703 -0.5
endloop
endfacet
facet normal 0 0 1
outer loop
vertex -76.06194305419922 -52.314422607421875 -0.5
vertex -74.95085144042969 -52.76515579223633 -0.5
vertex -73.88459014892578 -50.45804977416992 -0.5
endloop
endfacet
facet normal 0 0 1
outer loop
vertex -76.60107421875 -52.043724060058594 -0.5
vertex -76.53419494628906 -52.07298278808594 -0.5
vertex -74.95840454101562 -50.06995391845703 -0.5
endloop
endfacet
facet normal 0 0 1
outer loop
vertex -77.04047393798828 -51.893699645996094 -0.5
vertex -76.60107421875 -52.043724060058594 -0.5
vertex -75.43762969970703 -49.756534576416016 -0.5
endloop
endfacet
facet normal 0 0 1
outer loop
vertex 96.49698638916016 8.826321601867676 -0.5
vertex 94.70870208740234 13.226236343383789 -0.5
vertex 94.36246490478516 12.916885375976562 -0.5
endloop
endfacet
facet normal 0 0 1
outer loop
vertex 96.49698638916016 8.826321601867676 -0.5
vertex 94.76224517822266 13.282105445861816 -0.5
vertex 94.70870208740234 13.226236343383789 -0.5
endloop
endfacet
facet normal 0 0 1
outer loop
vertex 96.49698638916016 8.826321601867676 -0.5
vertex 94.90943145751953 13.461641311645508 -0.5
vertex 94.76224517822266 13.282105445861816 -0.5
endloop
endfacet
facet normal 0 0 1
outer loop
vertex 96.49698638916016 8.826321601867676 -0.5
vertex 95.08113098144531 13.677014350891113 -0.5
vertex 95.05624389648438 13.641473770141602 -0.5
endloop
endfacet
facet normal 0 0 1
outer loop
vertex 96.49698638916016 8.826321601867676 -0.5
vertex 95.05624389648438 13.641473770141602 -0.5
vertex 94.90943145751953 13.461641311645508 -0.5
endloop
endfacet
facet normal 0 0 1
outer loop
vertex 96.49698638916016 8.826321601867676 -0.5
vertex 95.82877349853516 14.76716423034668 -0.5
vertex 95.08113098144531 13.677014350891113 -0.5
endloop
endfacet
facet normal 0 0 1
outer loop
vertex 96.49698638916016 8.826321601867676 -0.5
vertex 96.66038513183594 15.59761905670166 -0.5
vertex 95.82877349853516 14.76716423034668 -0.5
endloop
endfacet
facet normal 0 0 1
outer loop
vertex 97.53300476074219 16.200748443603516 -0.5
vertex 96.49698638916016 8.826321601867676 -0.5
vertex 97.00386047363281 11.665631294250488 -0.5
endloop
endfacet
facet normal 0 0 1
outer loop
vertex -77.63499450683594 -51.7878303527832 -0.5
vertex -75.954833984375 -49.271728515625 -0.5
vertex -77.92443084716797 -51.773834228515625 -0.5
endloop
endfacet
facet normal 0 0 1
outer loop
vertex -77.63499450683594 -51.7878303527832 -0.5
vertex -77.57246398925781 -51.79330062866211 -0.5
vertex -75.954833984375 -49.271728515625 -0.5
endloop
endfacet
facet normal 0 0 1
outer loop
vertex 77.41259002685547 -51.84111785888672 -0.5
vertex 89.67517852783203 -49.271728515625 -0.5
vertex 76.0175552368164 -49.271728515625 -0.5
endloop
endfacet
facet normal 0 0 1
outer loop
vertex 90.44019317626953 -49.37943649291992 -0.5
vertex 89.67517852783203 -49.271728515625 -0.5
vertex 77.9370346069336 -51.77574157714844 -0.5
endloop
endfacet
facet normal 0 0 1
outer loop
vertex 90.44019317626953 -49.37943649291992 -0.5
vertex 77.9370346069336 -51.77574157714844 -0.5
vertex 91.01265716552734 -49.366363525390625 -0.5
endloop
endfacet
facet normal 0 0 1
outer loop
vertex 114.88679504394531 -49.271728515625 -0.5
vertex 77.9370346069336 -51.77574157714844 -0.5
vertex 89.21220397949219 -51.7752799987793 -0.5
endloop
endfacet
facet normal 0 0 1
outer loop
vertex 32.07254409790039 50.074825286865234 -0.5
vertex 47.446502685546875 44.090030670166016 -0.5
vertex 33.34208679199219 52.228607177734375 -0.5
endloop
endfacet
facet normal 0 0 1
outer loop
vertex 77.9370346069336 -51.77574157714844 -0.5
vertex 114.88679504394531 -49.271728515625 -0.5
vertex 91.01265716552734 -49.366363525390625 -0.5
endloop
endfacet
facet normal 0 0 1
outer loop
vertex -82.01258087158203 17.567005157470703 -0.5
vertex -81.96643829345703 17.165199279785156 -0.5
vertex -78.48030090332031 11.980264663696289 -0.5
endloop
endfacet
facet normal 0 0 1
outer loop
vertex 114.88679504394531 -49.271728515625 -0.5
vertex 89.21220397949219 -51.7752799987793 -0.5
vertex 90.54151916503906 -51.88207244873047 -0.5
endloop
endfacet
facet normal 0 0 1
outer loop
vertex 114.88679504394531 -49.271728515625 -0.5
vertex 90.54151916503906 -51.88207244873047 -0.5
vertex 91.9259033203125 -51.779022216796875 -0.5
endloop
endfacet
facet normal 0 0 1
outer loop
vertex 114.88679504394531 -49.271728515625 -0.5
vertex 91.9259033203125 -51.779022216796875 -0.5
vertex 91.96349334716797 -51.77573013305664 -0.5
endloop
endfacet
facet normal 0 0 1
outer loop
vertex -62.85795593261719 38.54552459716797 -0.5
vertex -78.48208618164062 33.24790954589844 -0.5
vertex -62.058868408203125 36.143768310546875 -0.5
endloop
endfacet
facet normal 0 0 1
outer loop
vertex -62.794532775878906 38.561038970947266 -0.5
vertex -62.85795593261719 38.54552459716797 -0.5
vertex -62.058868408203125 36.143768310546875 -0.5
endloop
endfacet
facet normal 0 0 1
outer loop
vertex -62.29951477050781 38.718631744384766 -0.5
vertex -62.794532775878906 38.561038970947266 -0.5
vertex -62.058868408203125 36.143768310546875 -0.5
endloop
endfacet
facet normal 0 0 1
outer loop
vertex -77.92443084716797 -51.773834228515625 -0.5
vertex -75.954833984375 -49.271728515625 -0.5
vertex -90.27344512939453 -49.271728515625 -0.5
endloop
endfacet
facet normal 0 0 1
outer loop
vertex -90.27344512939453 -49.271728515625 -0.5
vertex -90.79542541503906 -49.2900276184082 -0.5
vertex -77.92443084716797 -51.773834228515625 -0.5
endloop
endfacet
facet normal 0 0 1
outer loop
vertex -90.79542541503906 -49.2900276184082 -0.5
vertex -91.04351043701172 -49.271728515625 -0.5
vertex -77.92443084716797 -51.773834228515625 -0.5
endloop
endfacet
facet normal 0 0 1
outer loop
vertex -91.04351043701172 -49.271728515625 -0.5
vertex -114.79664611816406 -49.57172775268555 -0.5
vertex -77.92443084716797 -51.773834228515625 -0.5
endloop
endfacet
facet normal 0 0 1
outer loop
vertex -47.89673614501953 43.96306610107422 -0.5
vertex -62.29951477050781 38.718631744384766 -0.5
vertex -62.058868408203125 36.143768310546875 -0.5
endloop
endfacet
facet normal 0 0 1
outer loop
vertex -114.79664611816406 -49.57172775268555 -0.5
vertex -114.79664611816406 -50.57172775268555 -0.5
vertex -77.92443084716797 -51.773834228515625 -0.5
endloop
endfacet
facet normal 0 0 1
outer loop
vertex -114.79664611816406 -50.57172775268555 -0.5
vertex -114.83470916748047 -50.76306915283203 -0.5
vertex -77.92443084716797 -51.773834228515625 -0.5
endloop
endfacet
facet normal 0 0 1
outer loop
vertex -114.83470916748047 -50.76306915283203 -0.5
vertex -114.94309997558594 -50.9252815246582 -0.5
vertex -77.92443084716797 -51.773834228515625 -0.5
endloop
endfacet
facet normal 0 0 1
outer loop
vertex -114.94309997558594 -50.9252815246582 -0.5
vertex -115.10530853271484 -51.033668518066406 -0.5
vertex -77.92443084716797 -51.773834228515625 -0.5
endloop
endfacet
facet normal 0 0 1
outer loop
vertex -116.29664611816406 -51.75301742553711 -0.5
vertex -77.92443084716797 -51.773834228515625 -0.5
vertex -115.10530853271484 -51.033668518066406 -0.5
endloop
endfacet
facet normal 0 0 1
outer loop
vertex -62.058868408203125 36.143768310546875 -0.5
vertex -46.69269561767578 41.736629486083984 -0.5
vertex -47.89673614501953 43.96306610107422 -0.5
endloop
endfacet
facet normal 0 0 1
outer loop
vertex -133.26058959960938 -27.246337890625 -0.5
vertex -133.01470947265625 -26.729202270507812 -0.5
vertex -135.79815673828125 -26.985708236694336 -0.5
endloop
endfacet
facet normal 0 0 1
outer loop
vertex -133.42373657226562 -27.79522132873535 -0.5
vertex -133.26058959960938 -27.246337890625 -0.5
vertex -135.79815673828125 -26.985708236694336 -0.5
endloop
endfacet
facet normal 0 0 1
outer loop
vertex -133.42373657226562 -27.79522132873535 -0.5
vertex -135.79815673828125 -26.985708236694336 -0.5
vertex -135.98080444335938 -28.038818359375 -0.5
endloop
endfacet
facet normal 0 0 1
outer loop
vertex -47.84491729736328 43.98532485961914 -0.5
vertex -47.89673614501953 43.96306610107422 -0.5
vertex -46.69269561767578 41.736629486083984 -0.5
endloop
endfacet
facet normal 0 0 1
outer loop
vertex -133.42373657226562 -27.79522132873535 -0.5
vertex -135.98080444335938 -28.038818359375 -0.5
vertex -133.50022888183594 -28.362703323364258 -0.5
endloop
endfacet
facet normal 0 0 1
outer loop
vertex -47.51609802246094 44.15107727050781 -0.5
vertex -47.84491729736328 43.98532485961914 -0.5
vertex -46.69269561767578 41.736629486083984 -0.5
endloop
endfacet
facet normal 0 0 1
outer loop
vertex -135.98080444335938 -28.038818359375 -0.5
vertex -133.50633239746094 -45.57172775268555 -0.5
vertex -133.50022888183594 -28.362703323364258 -0.5
endloop
endfacet
facet normal 0 0 1
outer loop
vertex -133.50633239746094 -45.57172775268555 -0.5
vertex -135.98080444335938 -28.038818359375 -0.5
vertex -136.00631713867188 -45.54963684082031 -0.5
endloop
endfacet
facet normal 0 0 1
outer loop
vertex -91.04351043701172 -49.271728515625 -0.5
vertex -114.90980529785156 -49.26799392700195 -0.5
vertex -114.83470916748047 -49.38038635253906 -0.5
endloop
endfacet
facet normal 0 0 1
outer loop
vertex -91.04351043701172 -49.271728515625 -0.5
vertex -114.83470916748047 -49.38038635253906 -0.5
vertex -114.79664611816406 -49.57172775268555 -0.5
endloop
endfacet
facet normal 0 0 1
outer loop
vertex -115.10530853271484 -51.033668518066406 -0.5
vertex -118.62506103515625 -51.07172775268555 -0.5
vertex -116.29664611816406 -51.75301742553711 -0.5
endloop
endfacet
facet normal 0 0 1
outer loop
vertex -116.29664611816406 -52.34982681274414 -0.5
vertex -116.29664611816406 -51.75301742553711 -0.5
vertex -118.62506103515625 -51.07172775268555 -0.5
endloop
endfacet
facet normal 0 0 1
outer loop
vertex -116.79664611816406 -52.69993209838867 -0.5
vertex -116.29664611816406 -52.34982681274414 -0.5
vertex -118.62506103515625 -51.07172775268555 -0.5
endloop
endfacet
facet normal 0 0 1
outer loop
vertex 114.88679504394531 -49.271728515625 -0.5
vertex 91.54853057861328 -49.271728515625 -0.5
vertex 91.01265716552734 -49.366363525390625 -0.5
endloop
endfacet
facet normal 0 0 1
outer loop
vertex -118.06048583984375 -53.289268493652344 -0.5
vertex -116.79664611816406 -52.69993209838867 -0.5
vertex -118.62506103515625 -51.07172775268555 -0.5
endloop
endfacet
facet normal 0 0 1
outer loop
vertex -119.40746307373047 -53.65018844604492 -0.5
vertex -118.06048583984375 -53.289268493652344 -0.5
vertex -118.62506103515625 -51.07172775268555 -0.5
endloop
endfacet
facet normal 0 0 1
outer loop
vertex -81.96643829345703 17.165199279785156 -0.5
vertex -81.96349334716797 17.095373153686523 -0.5
vertex -78.48030090332031 11.980264663696289 -0.5
endloop
endfacet
facet normal 0 0 1
outer loop
vertex -81.96349334716797 17.095373153686523 -0.5
vertex -81.9774169921875 16.63127326965332 -0.5
vertex -78.48030090332031 11.980264663696289 -0.5
endloop
endfacet
facet normal 0 0 1
outer loop
vertex -119.40746307373047 -53.65018844604492 -0.5
vertex -118.62506103515625 -51.07172775268555 -0.5
vertex -120.39665222167969 -51.07172775268555 -0.5
endloop
endfacet
facet normal 0 0 1
outer loop
vertex -120.39665222167969 -51.07172775268555 -0.5
vertex -120.39665222167969 -53.736732482910156 -0.5
vertex -119.40746307373047 -53.65018844604492 -0.5
endloop
endfacet
facet normal 0 0 1
outer loop
vertex -124.79664611816406 -52.69993209838867 -0.5
vertex -121.19664764404297 -53.736732482910156 -0.5
vertex -121.19664764404297 -51.07172775268555 -0.5
endloop
endfacet
facet normal 0 0 1
outer loop
vertex -124.79664611816406 -52.69993209838867 -0.5
vertex -123.5328140258789 -53.289268493652344 -0.5
vertex -121.19664764404297 -53.736732482910156 -0.5
endloop
endfacet
facet normal 0 0 1
outer loop
vertex -123.5328140258789 -53.289268493652344 -0.5
vertex -122.18583679199219 -53.65018844604492 -0.5
vertex -121.19664764404297 -53.736732482910156 -0.5
endloop
endfacet
facet normal 0 0 1
outer loop
vertex 46.51469802856445 41.736629486083984 -0.5
vertex 62.389522552490234 38.62333679199219 -0.5
vertex 47.98566436767578 43.86365509033203 -0.5
endloop
endfacet
facet normal 0 0 1
outer loop
vertex 46.51469802856445 41.736629486083984 -0.5
vertex 47.98566436767578 43.86365509033203 -0.5
vertex 47.505619049072266 44.06246566772461 -0.5
endloop
endfacet
facet normal 0 0 1
outer loop
vertex 46.51469802856445 41.736629486083984 -0.5
vertex 47.505619049072266 44.06246566772461 -0.5
vertex 47.446502685546875 44.090030670166016 -0.5
endloop
endfacet
facet normal 0 0 1
outer loop
vertex 47.446502685546875 44.090030670166016 -0.5
vertex 32.07254409790039 50.074825286865234 -0.5
vertex 46.51469802856445 41.736629486083984 -0.5
endloop
endfacet
facet normal 0 0 1
outer loop
vertex -81.9774169921875 16.63127326965332 -0.5
vertex -81.98485565185547 16.554351806640625 -0.5
vertex -78.48030090332031 11.980264663696289 -0.5
endloop
endfacet
facet normal 0 0 1
outer loop
vertex 82.8779296875 14.345746040344238 -0.5
vertex 82.82289123535156 14.400032043457031 -0.5
vertex 78.31084442138672 12.014978408813477 -0.5
endloop
endfacet
facet normal 0 0 1
outer loop
vertex 82.82289123535156 14.400032043457031 -0.5
vertex 82.51271057128906 14.745529174804688 -0.5
vertex 78.31084442138672 12.014978408813477 -0.5
endloop
endfacet
facet normal 0 0 1
outer loop
vertex 82.51271057128906 14.745529174804688 -0.5
vertex 82.46708679199219 14.807905197143555 -0.5
vertex 78.31084442138672 12.014978408813477 -0.5
endloop
endfacet
facet normal 0 0 1
outer loop
vertex 82.46708679199219 14.807905197143555 -0.5
vertex 82.21354675292969 15.196880340576172 -0.5
vertex 78.31084442138672 12.014978408813477 -0.5
endloop
endfacet
facet normal 0 0 1
outer loop
vertex 82.21354675292969 15.196880340576172 -0.5
vertex 82.17833709716797 15.265654563903809 -0.5
vertex 78.31084442138672 12.014978408813477 -0.5
endloop
endfacet
facet normal 0 0 1
outer loop
vertex 82.17833709716797 15.265654563903809 -0.5
vertex 81.98761749267578 15.688986778259277 -0.5
vertex 78.31084442138672 12.014978408813477 -0.5
endloop
endfacet
facet normal 0 0 1
outer loop
vertex 81.98761749267578 15.688986778259277 -0.5
vertex 81.96350860595703 15.762389183044434 -0.5
vertex 78.31084442138672 12.014978408813477 -0.5
endloop
endfacet
facet normal 0 0 1
outer loop
vertex 78.31084442138672 12.014978408813477 -0.5
vertex 81.96350860595703 15.762389183044434 -0.5
vertex 81.84033203125 16.21006202697754 -0.5
endloop
endfacet
facet normal 0 0 1
outer loop
vertex 78.31084442138672 12.014978408813477 -0.5
vertex 81.84033203125 16.21006202697754 -0.5
vertex 81.82771301269531 16.286291122436523 -0.5
endloop
endfacet
facet normal 0 0 1
outer loop
vertex 62.9602165222168 38.49397277832031 -0.5
vertex 62.45256042480469 38.6064453125 -0.5
vertex 61.8808708190918 36.143768310546875 -0.5
endloop
endfacet
facet normal 0 0 1
outer loop
vertex 62.45256042480469 38.6064453125 -0.5
vertex 62.389522552490234 38.62333679199219 -0.5
vertex 61.8808708190918 36.143768310546875 -0.5
endloop
endfacet
facet normal 0 0 1
outer loop
vertex 79.25870513916016 35.59221267700195 -0.5
vertex 62.9602165222168 38.49397277832031 -0.5
vertex 61.8808708190918 36.143768310546875 -0.5
endloop
endfacet
facet normal 0 0 1
outer loop
vertex 62.389522552490234 38.62333679199219 -0.5
vertex 46.51469802856445 41.736629486083984 -0.5
vertex 61.8808708190918 36.143768310546875 -0.5
endloop
endfacet
facet normal 0 0 1
outer loop
vertex 31.13311767578125 50.45655059814453 -0.5
vertex 32.9472541809082 52.43852996826172 -0.5
vertex 32.02887725830078 52.799522399902344 -0.5
endloop
endfacet
facet normal 0 0 1
outer loop
vertex 30.56887435913086 50.554115295410156 -0.5
vertex 32.02887725830078 52.799522399902344 -0.5
vertex 30.98724365234375 53.020416259765625 -0.5
endloop
endfacet
facet normal 0 0 1
outer loop
vertex 31.675546646118164 50.27309036254883 -0.5
vertex 33.34208679199219 52.228607177734375 -0.5
vertex 32.9472541809082 52.43852996826172 -0.5
endloop
endfacet
facet normal 0 0 1
outer loop
vertex 31.13311767578125 50.45655059814453 -0.5
vertex 31.675546646118164 50.27309036254883 -0.5
vertex 32.9472541809082 52.43852996826172 -0.5
endloop
endfacet
facet normal 0 0 1
outer loop
vertex 30.56887435913086 50.554115295410156 -0.5
vertex 31.13311767578125 50.45655059814453 -0.5
vertex 32.02887725830078 52.799522399902344 -0.5
endloop
endfacet
facet normal 0 0 1
outer loop
vertex 31.675546646118164 50.27309036254883 -0.5
vertex 32.07254409790039 50.074825286865234 -0.5
vertex 33.34208679199219 52.228607177734375 -0.5
endloop
endfacet
facet normal 0 0 1
outer loop
vertex 29.996335983276367 50.563446044921875 -0.5
vertex 30.98724365234375 53.020416259765625 -0.5
vertex 29.811269760131836 53.05458450317383 -0.5
endloop
endfacet
facet normal 0 0 1
outer loop
vertex 29.996335983276367 50.563446044921875 -0.5
vertex 29.811269760131836 53.05458450317383 -0.5
vertex 28.7628173828125 52.8934211730957 -0.5
endloop
endfacet
facet normal 0 0 1
outer loop
vertex 27.650760650634766 52.50947952270508 -0.5
vertex 25.141557693481445 50.419105529785156 -0.5
vertex 28.7628173828125 52.8934211730957 -0.5
endloop
endfacet
facet normal 0 0 1
outer loop
vertex 29.996335983276367 50.563446044921875 -0.5
vertex 30.56887435913086 50.554115295410156 -0.5
vertex 30.98724365234375 53.020416259765625 -0.5
endloop
endfacet
facet normal 0 0 1
outer loop
vertex 29.429214477539062 50.484317779541016 -0.5
vertex 29.996335983276367 50.563446044921875 -0.5
vertex 28.7628173828125 52.8934211730957 -0.5
endloop
endfacet
facet normal 0 0 1
outer loop
vertex 28.881093978881836 50.31863021850586 -0.5
vertex 29.429214477539062 50.484317779541016 -0.5
vertex 28.7628173828125 52.8934211730957 -0.5
endloop
endfacet
facet normal 0 0 1
outer loop
vertex 28.3651065826416 50.07034683227539 -0.5
vertex 28.881093978881836 50.31863021850586 -0.5
vertex 28.7628173828125 52.8934211730957 -0.5
endloop
endfacet
facet normal 0 0 1
outer loop
vertex 25.141557693481445 50.419105529785156 -0.5
vertex 27.650760650634766 52.50947952270508 -0.5
vertex 26.727066040039062 51.98793029785156 -0.5
endloop
endfacet
facet normal 0 0 1
outer loop
vertex 81.82771301269531 16.286291122436523 -0.5
vertex 81.7769775390625 16.747817993164062 -0.5
vertex 78.31084442138672 12.014978408813477 -0.5
endloop
endfacet
facet normal 0 0 1
outer loop
vertex 81.7769775390625 16.747817993164062 -0.5
vertex 81.7741928100586 16.824901580810547 -0.5
vertex 78.31084442138672 12.014978408813477 -0.5
endloop
endfacet
facet normal 0 0 1
outer loop
vertex 81.7741928100586 16.824901580810547 -0.5
vertex 81.79381561279297 17.288795471191406 -0.5
vertex 78.31084442138672 12.014978408813477 -0.5
endloop
endfacet
facet normal 0 0 1
outer loop
vertex 81.79381561279297 17.288795471191406 -0.5
vertex 81.8008804321289 17.35273551940918 -0.5
vertex 78.31084442138672 12.014978408813477 -0.5
endloop
endfacet
facet normal 0 0 1
outer loop
vertex 28.3651065826416 50.07034683227539 -0.5
vertex 28.7628173828125 52.8934211730957 -0.5
vertex 27.89360809326172 49.74542236328125 -0.5
endloop
endfacet
facet normal 0 0 1
outer loop
vertex 28.7628173828125 52.8934211730957 -0.5
vertex 27.477895736694336 49.35163116455078 -0.5
vertex 27.89360809326172 49.74542236328125 -0.5
endloop
endfacet
facet normal 0 0 1
outer loop
vertex 28.7628173828125 52.8934211730957 -0.5
vertex 27.127925872802734 48.89841079711914 -0.5
vertex 27.477895736694336 49.35163116455078 -0.5
endloop
endfacet
facet normal 0 0 1
outer loop
vertex 28.7628173828125 52.8934211730957 -0.5
vertex 25.141557693481445 50.419105529785156 -0.5
vertex 27.127925872802734 48.89841079711914 -0.5
endloop
endfacet
facet normal 0 0 1
outer loop
vertex 25.82266616821289 51.235504150390625 -0.5
vertex 25.141557693481445 50.419105529785156 -0.5
vertex 26.727066040039062 51.98793029785156 -0.5
endloop
endfacet
facet normal 0 0 1
outer loop
vertex 91.96349334716797 -51.77573013305664 -0.5
vertex 115.27613067626953 -51.07172775268555 -0.5
vertex 115.08479309082031 -51.033668518066406 -0.5
endloop
endfacet
facet normal 0 0 1
outer loop
vertex 91.96349334716797 -51.77573013305664 -0.5
vertex 115.08479309082031 -51.033668518066406 -0.5
vertex 114.92257690429688 -50.9252815246582 -0.5
endloop
endfacet
facet normal 0 0 1
outer loop
vertex 91.96349334716797 -51.77573013305664 -0.5
vertex 114.92257690429688 -50.9252815246582 -0.5
vertex 114.81419372558594 -50.76306915283203 -0.5
endloop
endfacet
facet normal 0 0 1
outer loop
vertex 91.96349334716797 -51.77573013305664 -0.5
vertex 114.81419372558594 -50.76306915283203 -0.5
vertex 114.77613067626953 -50.57172775268555 -0.5
endloop
endfacet
facet normal 0 0 1
outer loop
vertex 91.96349334716797 -51.77573013305664 -0.5
vertex 114.77613067626953 -50.57172775268555 -0.5
vertex 114.77613067626953 -49.57172775268555 -0.5
endloop
endfacet
facet normal 0 0 1
outer loop
vertex 91.96349334716797 -51.77573013305664 -0.5
vertex 116.27613067626953 -51.773155212402344 -0.5
vertex 115.27613067626953 -51.07172775268555 -0.5
endloop
endfacet
facet normal 0 0 1
outer loop
vertex 91.96349334716797 -51.77573013305664 -0.5
vertex 114.77613067626953 -49.57172775268555 -0.5
vertex 114.81419372558594 -49.38038635253906 -0.5
endloop
endfacet
facet normal 0 0 1
outer loop
vertex 91.96349334716797 -51.77573013305664 -0.5
vertex 114.81419372558594 -49.38038635253906 -0.5
vertex 114.88679504394531 -49.271728515625 -0.5
endloop
endfacet
facet normal 0 0 1
outer loop
vertex 25.141557693481445 50.419105529785156 -0.5
vertex 18.518138885498047 33.9979362487793 -0.5
vertex 27.127925872802734 48.89841079711914 -0.5
endloop
endfacet
facet normal 0 0 1
outer loop
vertex 18.518138885498047 33.9979362487793 -0.5
vertex 25.141557693481445 50.419105529785156 -0.5
vertex 16.1193790435791 34.8458251953125 -0.5
endloop
endfacet
facet normal 0 0 1
outer loop
vertex 18.320037841796875 33.60126876831055 -0.5
vertex 18.518138885498047 33.9979362487793 -0.5
vertex 16.1193790435791 34.8458251953125 -0.5
endloop
endfacet
facet normal 0 0 1
outer loop
vertex 116.27613067626953 -51.773155212402344 -0.5
vertex 116.27613067626953 -52.34982681274414 -0.5
vertex 116.77613067626953 -52.69993209838867 -0.5
endloop
endfacet
facet normal 0 0 1
outer loop
vertex 116.77613067626953 -52.69993209838867 -0.5
vertex 118.03997039794922 -53.289268493652344 -0.5
vertex 120.37612915039062 -53.736732482910156 -0.5
endloop
endfacet
facet normal 0 0 1
outer loop
vertex 116.27613067626953 -51.773155212402344 -0.5
vertex 120.37612915039062 -51.07172775268555 -0.5
vertex 115.27613067626953 -51.07172775268555 -0.5
endloop
endfacet
facet normal 0 0 1
outer loop
vertex -133.1696319580078 -47.1134147644043 -0.5
vertex -133.36724853515625 -46.57597732543945 -0.5
vertex -135.84420776367188 -46.971614837646484 -0.5
endloop
endfacet
facet normal 0 0 1
outer loop
vertex -133.47955322265625 -46.01448440551758 -0.5
vertex -133.50633239746094 -45.57172775268555 -0.5
vertex -136.00631713867188 -45.54963684082031 -0.5
endloop
endfacet
facet normal 0 0 1
outer loop
vertex -133.47955322265625 -46.01448440551758 -0.5
vertex -136.00631713867188 -45.54963684082031 -0.5
vertex -135.99073791503906 -45.995819091796875 -0.5
endloop
endfacet
facet normal 0 0 1
outer loop
vertex -133.36724853515625 -46.57597732543945 -0.5
vertex -133.47955322265625 -46.01448440551758 -0.5
vertex -135.99073791503906 -45.995819091796875 -0.5
endloop
endfacet
facet normal 0 0 1
outer loop
vertex -133.36724853515625 -46.57597732543945 -0.5
vertex -135.99073791503906 -45.995819091796875 -0.5
vertex -135.84420776367188 -46.971614837646484 -0.5
endloop
endfacet
facet normal 0 0 1
outer loop
vertex -47.51609802246094 44.15107727050781 -0.5
vertex -46.69269561767578 41.736629486083984 -0.5
vertex -32.066471099853516 50.17405700683594 -0.5
endloop
endfacet
facet normal 0 0 1
outer loop
vertex -32.02824401855469 52.850669860839844 -0.5
vertex -33.02631759643555 52.48422622680664 -0.5
vertex -47.51609802246094 44.15107727050781 -0.5
endloop
endfacet
facet normal 0 0 1
outer loop
vertex -28.65304183959961 52.81631088256836 -0.5
vertex -47.51609802246094 44.15107727050781 -0.5
vertex -32.066471099853516 50.17405700683594 -0.5
endloop
endfacet
facet normal 0 0 1
outer loop
vertex -47.51609802246094 44.15107727050781 -0.5
vertex -30.868793487548828 53.05006408691406 -0.5
vertex -32.02824401855469 52.850669860839844 -0.5
endloop
endfacet
facet normal 0 0 1
outer loop
vertex -47.51609802246094 44.15107727050781 -0.5
vertex -29.80807876586914 53.03986358642578 -0.5
vertex -30.868793487548828 53.05006408691406 -0.5
endloop
endfacet
facet normal 0 0 1
outer loop
vertex -29.80807876586914 53.03986358642578 -0.5
vertex -47.51609802246094 44.15107727050781 -0.5
vertex -28.65304183959961 52.81631088256836 -0.5
endloop
endfacet
facet normal 0 0 1
outer loop
vertex -126.75859069824219 -49.38038635253906 -0.5
vertex -126.68225860595703 -49.266151428222656 -0.5
vertex -130.01535034179688 -49.265628814697266 -0.5
endloop
endfacet
facet normal 0 0 1
outer loop
vertex -126.79664611816406 -49.57172775268555 -0.5
vertex -126.75859069824219 -49.38038635253906 -0.5
vertex -130.01535034179688 -49.265628814697266 -0.5
endloop
endfacet
facet normal 0 0 1
outer loop
vertex -126.79664611816406 -50.57172775268555 -0.5
vertex -126.79664611816406 -49.57172775268555 -0.5
vertex -130.01535034179688 -49.265628814697266 -0.5
endloop
endfacet
facet normal 0 0 1
outer loop
vertex -130.01535034179688 -49.265628814697266 -0.5
vertex -130.5828399658203 -49.18913650512695 -0.5
vertex -126.79664611816406 -50.57172775268555 -0.5
endloop
endfacet
facet normal 0 0 1
outer loop
vertex -130.5828399658203 -49.18913650512695 -0.5
vertex -134.9563751220703 -49.01968765258789 -0.5
vertex -126.79664611816406 -50.57172775268555 -0.5
endloop
endfacet
facet normal 0 0 1
outer loop
vertex -126.79664611816406 -50.57172775268555 -0.5
vertex -134.2926025390625 -49.84711837768555 -0.5
vertex -133.4040985107422 -50.618247985839844 -0.5
endloop
endfacet
facet normal 0 0 1
outer loop
vertex -125.29664611816406 -51.748626708984375 -0.5
vertex -121.19664764404297 -51.07172775268555 -0.5
vertex -126.29664611816406 -51.07172775268555 -0.5
endloop
endfacet
facet normal 0 0 1
outer loop
vertex -130.3394775390625 -51.74616622924805 -0.5
vertex -125.29664611816406 -51.748626708984375 -0.5
vertex -126.29664611816406 -51.07172775268555 -0.5
endloop
endfacet
facet normal 0 0 1
outer loop
vertex -16.234155654907227 34.75428771972656 -0.5
vertex -18.596912384033203 33.81386184692383 -0.5
vertex -18.379436492919922 33.28415298461914 -0.5
endloop
endfacet
facet normal 0 0 1
outer loop
vertex -125.29664611816406 -51.748626708984375 -0.5
vertex -125.29664611816406 -52.34982681274414 -0.5
vertex -124.79664611816406 -52.69993209838867 -0.5
endloop
endfacet
facet normal 0 0 1
outer loop
vertex 116.27613067626953 -51.773155212402344 -0.5
vertex 116.77613067626953 -52.69993209838867 -0.5
vertex 120.37612915039062 -51.07172775268555 -0.5
endloop
endfacet
facet normal 0 0 1
outer loop
vertex 81.8008804321289 17.35273551940918 -0.5
vertex 81.3556900024414 29.402143478393555 -0.5
vertex 78.31084442138672 12.014978408813477 -0.5
endloop
endfacet
facet normal 0 0 1
outer loop
vertex 18.320037841796875 33.60126876831055 -0.5
vertex 16.1193790435791 34.8458251953125 -0.5
vertex 16.07961082458496 34.78709030151367 -0.5
endloop
endfacet
facet normal 0 0 1
outer loop
vertex 81.8008804321289 17.35273551940918 -0.5
vertex 83.76335906982422 28.505653381347656 -0.5
vertex 81.3556900024414 29.402143478393555 -0.5
endloop
endfacet
facet normal 0 0 1
outer loop
vertex -130.3394775390625 -51.74616622924805 -0.5
vertex -126.75859069824219 -50.76306915283203 -0.5
vertex -126.79664611816406 -50.57172775268555 -0.5
endloop
endfacet
facet normal 0 0 1
outer loop
vertex -130.3394775390625 -51.74616622924805 -0.5
vertex -126.65019989013672 -50.9252815246582 -0.5
vertex -126.75859069824219 -50.76306915283203 -0.5
endloop
endfacet
facet normal 0 0 1
outer loop
vertex -130.3394775390625 -51.74616622924805 -0.5
vertex -126.48799133300781 -51.033668518066406 -0.5
vertex -126.65019989013672 -50.9252815246582 -0.5
endloop
endfacet
facet normal 0 0 1
outer loop
vertex -130.3394775390625 -51.74616622924805 -0.5
vertex -126.29664611816406 -51.07172775268555 -0.5
vertex -126.48799133300781 -51.033668518066406 -0.5
endloop
endfacet
facet normal 0 0 1
outer loop
vertex -131.3867950439453 -51.56451416015625 -0.5
vertex -130.3394775390625 -51.74616622924805 -0.5
vertex -126.79664611816406 -50.57172775268555 -0.5
endloop
endfacet
facet normal 0 0 1
outer loop
vertex -126.79664611816406 -50.57172775268555 -0.5
vertex -132.4906005859375 -51.15745162963867 -0.5
vertex -131.3867950439453 -51.56451416015625 -0.5
endloop
endfacet
facet normal 0 0 1
outer loop
vertex -126.79664611816406 -50.57172775268555 -0.5
vertex -133.4040985107422 -50.618247985839844 -0.5
vertex -132.4906005859375 -51.15745162963867 -0.5
endloop
endfacet
facet normal 0 0 1
outer loop
vertex -16.277835845947266 34.8179931640625 -0.5
vertex -27.440799713134766 49.090641021728516 -0.5
vertex -18.596912384033203 33.81386184692383 -0.5
endloop
endfacet
facet normal 0 0 1
outer loop
vertex -18.450716018676758 30.81268310546875 -0.5
vertex -18.413785934448242 30.764554977416992 -0.5
vertex -15.096155166625977 33.722900390625 -0.5
endloop
endfacet
facet normal 0 0 1
outer loop
vertex -18.374326705932617 31.027915954589844 -0.5
vertex -18.450716018676758 30.81268310546875 -0.5
vertex -15.096155166625977 33.722900390625 -0.5
endloop
endfacet
facet normal 0 0 1
outer loop
vertex -18.243715286254883 31.58543586730957 -0.5
vertex -18.374326705932617 31.027915954589844 -0.5
vertex -15.096155166625977 33.722900390625 -0.5
endloop
endfacet
facet normal 0 0 1
outer loop
vertex 118.03997039794922 -53.289268493652344 -0.5
vertex 119.38694763183594 -53.65018844604492 -0.5
vertex 120.37612915039062 -53.736732482910156 -0.5
endloop
endfacet
facet normal 0 0 1
outer loop
vertex 116.77613067626953 -52.69993209838867 -0.5
vertex 120.37612915039062 -53.736732482910156 -0.5
vertex 120.37612915039062 -51.07172775268555 -0.5
endloop
endfacet
facet normal 0 0 1
outer loop
vertex 18.13654899597168 33.0588493347168 -0.5
vertex 16.07961082458496 34.78709030151367 -0.5
vertex 15.792348861694336 34.42231369018555 -0.5
endloop
endfacet
facet normal 0 0 1
outer loop
vertex 18.13654899597168 33.0588493347168 -0.5
vertex 15.792348861694336 34.42231369018555 -0.5
vertex 15.738842964172363 34.366554260253906 -0.5
endloop
endfacet
facet normal 0 0 1
outer loop
vertex 18.13654899597168 33.0588493347168 -0.5
vertex 18.320037841796875 33.60126876831055 -0.5
vertex 16.07961082458496 34.78709030151367 -0.5
endloop
endfacet
facet normal 0 0 1
outer loop
vertex -132.89146423339844 -47.613922119140625 -0.5
vertex -133.1696319580078 -47.1134147644043 -0.5
vertex -135.84420776367188 -46.971614837646484 -0.5
endloop
endfacet
facet normal 0 0 1
outer loop
vertex -135.84420776367188 -46.971614837646484 -0.5
vertex -132.12185668945312 -48.45737075805664 -0.5
vertex -132.53939819335938 -48.065513610839844 -0.5
endloop
endfacet
facet normal 0 0 1
outer loop
vertex -132.89146423339844 -47.613922119140625 -0.5
vertex -135.84420776367188 -46.971614837646484 -0.5
vertex -132.53939819335938 -48.065513610839844 -0.5
endloop
endfacet
facet normal 0 0 1
outer loop
vertex -132.12185668945312 -48.45737075805664 -0.5
vertex -135.84420776367188 -46.971614837646484 -0.5
vertex -135.5147247314453 -47.98415756225586 -0.5
endloop
endfacet
facet normal 0 0 1
outer loop
vertex -18.20069694519043 32.15643310546875 -0.5
vertex -18.243715286254883 31.58543586730957 -0.5
vertex -15.096155166625977 33.722900390625 -0.5
endloop
endfacet
facet normal 0 0 1
outer loop
vertex -132.12185668945312 -48.45737075805664 -0.5
vertex -135.5147247314453 -47.98415756225586 -0.5
vertex -134.9563751220703 -49.01968765258789 -0.5
endloop
endfacet
facet normal 0 0 1
outer loop
vertex -14.533658027648926 33.4667854309082 -0.5
vertex -14.606072425842285 33.49323654174805 -0.5
vertex -18.413785934448242 30.764554977416992 -0.5
endloop
endfacet
facet normal 0 0 1
outer loop
vertex -14.086499214172363 33.34177017211914 -0.5
vertex -14.533658027648926 33.4667854309082 -0.5
vertex -18.413785934448242 30.764554977416992 -0.5
endloop
endfacet
facet normal 0 0 1
outer loop
vertex -14.000905990600586 33.325748443603516 -0.5
vertex -14.086499214172363 33.34177017211914 -0.5
vertex -18.413785934448242 30.764554977416992 -0.5
endloop
endfacet
facet normal 0 0 1
outer loop
vertex 18.038957595825195 32.49461364746094 -0.5
vertex 15.738842964172363 34.366554260253906 -0.5
vertex 15.399803161621094 34.0493278503418 -0.5
endloop
endfacet
facet normal 0 0 1
outer loop
vertex -130.5828399658203 -49.18913650512695 -0.5
vertex -131.13172912597656 -49.02599334716797 -0.5
vertex -134.9563751220703 -49.01968765258789 -0.5
endloop
endfacet
facet normal 0 0 1
outer loop
vertex 97.17776489257812 12.211199760437012 -0.5
vertex 97.53300476074219 16.200748443603516 -0.5
vertex 97.00386047363281 11.665631294250488 -0.5
endloop
endfacet
facet normal 0 0 1
outer loop
vertex 96.49698638916016 8.826321601867676 -0.5
vertex 97.53300476074219 16.200748443603516 -0.5
vertex 96.66038513183594 15.59761905670166 -0.5
endloop
endfacet
facet normal 0 0 1
outer loop
vertex 97.17776489257812 12.211199760437012 -0.5
vertex 97.43376922607422 12.723401069641113 -0.5
vertex 97.53300476074219 16.200748443603516 -0.5
endloop
endfacet
facet normal 0 0 1
outer loop
vertex 97.43376922607422 12.723401069641113 -0.5
vertex 97.76573944091797 13.18996524810791 -0.5
vertex 97.53300476074219 16.200748443603516 -0.5
endloop
endfacet
facet normal 0 0 1
outer loop
vertex 97.76573944091797 13.18996524810791 -0.5
vertex 98.16573333740234 13.599716186523438 -0.5
vertex 97.53300476074219 16.200748443603516 -0.5
endloop
endfacet
facet normal 0 0 1
outer loop
vertex 98.16573333740234 13.599716186523438 -0.5
vertex 98.62415313720703 13.942839622497559 -0.5
vertex 97.53300476074219 16.200748443603516 -0.5
endloop
endfacet
facet normal 0 0 1
outer loop
vertex 98.62415313720703 13.942839622497559 -0.5
vertex 99.13003540039062 14.211116790771484 -0.5
vertex 97.53300476074219 16.200748443603516 -0.5
endloop
endfacet
facet normal 0 0 1
outer loop
vertex -131.64886474609375 -48.78010940551758 -0.5
vertex -132.12185668945312 -48.45737075805664 -0.5
vertex -134.9563751220703 -49.01968765258789 -0.5
endloop
endfacet
facet normal 0 0 1
outer loop
vertex -131.13172912597656 -49.02599334716797 -0.5
vertex -131.64886474609375 -48.78010940551758 -0.5
vertex -134.9563751220703 -49.01968765258789 -0.5
endloop
endfacet
facet normal 0 0 1
outer loop
vertex -126.79664611816406 -50.57172775268555 -0.5
vertex -134.9563751220703 -49.01968765258789 -0.5
vertex -134.2926025390625 -49.84711837768555 -0.5
endloop
endfacet
facet normal 0 0 1
outer loop
vertex 18.038957595825195 32.49461364746094 -0.5
vertex 15.399803161621094 34.0493278503418 -0.5
vertex 15.339211463928223 34.001190185546875 -0.5
endloop
endfacet
facet normal 0 0 1
outer loop
vertex 99.13003540039062 14.211116790771484 -0.5
vertex 98.60568237304688 16.683914184570312 -0.5
vertex 97.53300476074219 16.200748443603516 -0.5
endloop
endfacet
facet normal 0 0 1
outer loop
vertex 99.63520812988281 16.939449310302734 -0.5
vertex 99.13003540039062 14.211116790771484 -0.5
vertex 99.67125701904297 14.398120880126953 -0.5
endloop
endfacet
facet normal 0 0 1
outer loop
vertex 100.81306457519531 17.012243270874023 -0.5
vertex 99.67125701904297 14.398120880126953 -0.5
vertex 100.23484802246094 14.499372482299805 -0.5
endloop
endfacet
facet normal 0 0 1
outer loop
vertex 100.81306457519531 17.012243270874023 -0.5
vertex 100.23484802246094 14.499372482299805 -0.5
vertex 100.80731201171875 14.512446403503418 -0.5
endloop
endfacet
facet normal 0 0 1
outer loop
vertex 99.13003540039062 14.211116790771484 -0.5
vertex 99.63520812988281 16.939449310302734 -0.5
vertex 98.60568237304688 16.683914184570312 -0.5
endloop
endfacet
facet normal 0 0 1
outer loop
vertex 100.81306457519531 17.012243270874023 -0.5
vertex 99.63520812988281 16.939449310302734 -0.5
vertex 99.67125701904297 14.398120880126953 -0.5
endloop
endfacet
facet normal 0 0 1
outer loop
vertex 101.71235656738281 16.918582916259766 -0.5
vertex 100.81306457519531 17.012243270874023 -0.5
vertex 100.80731201171875 14.512446403503418 -0.5
endloop
endfacet
facet normal 0 0 1
outer loop
vertex 101.71235656738281 16.918582916259766 -0.5
vertex 100.80731201171875 14.512446403503418 -0.5
vertex 101.24763488769531 14.461973190307617 -0.5
endloop
endfacet
facet normal 0 0 1
outer loop
vertex -93.3498764038086 12.455471992492676 -0.5
vertex -93.7786865234375 12.633525848388672 -0.5
vertex -96.51348114013672 8.918721199035645 -0.5
endloop
endfacet
facet normal 0 0 1
outer loop
vertex -76.49699401855469 9.531119346618652 -0.5
vertex -76.99176025390625 9.81938648223877 -0.5
vertex -79.2325210571289 8.65851879119873 -0.5
endloop
endfacet
facet normal 0 0 1
outer loop
vertex -15.096155166625977 33.722900390625 -0.5
vertex -18.246301651000977 32.727230072021484 -0.5
vertex -18.20069694519043 32.15643310546875 -0.5
endloop
endfacet
facet normal 0 0 1
outer loop
vertex -15.545082092285156 34.02531051635742 -0.5
vertex -18.379436492919922 33.28415298461914 -0.5
vertex -18.246301651000977 32.727230072021484 -0.5
endloop
endfacet
facet normal 0 0 1
outer loop
vertex -96.51348114013672 8.918721199035645 -0.5
vertex -93.27688598632812 12.430079460144043 -0.5
vertex -93.3498764038086 12.455471992492676 -0.5
endloop
endfacet
facet normal 0 0 1
outer loop
vertex -14.606072425842285 33.49323654174805 -0.5
vertex -15.028585433959961 33.685752868652344 -0.5
vertex -18.413785934448242 30.764554977416992 -0.5
endloop
endfacet
facet normal 0 0 1
outer loop
vertex -18.413785934448242 30.764554977416992 -0.5
vertex -15.028585433959961 33.685752868652344 -0.5
vertex -15.096155166625977 33.722900390625 -0.5
endloop
endfacet
facet normal 0 0 1
outer loop
vertex -14.000905990600586 33.325748443603516 -0.5
vertex -18.413785934448242 30.764554977416992 -0.5
vertex -13.419333457946777 33.26693344116211 -0.5
endloop
endfacet
facet normal 0 0 1
outer loop
vertex -18.413785934448242 30.764554977416992 -0.5
vertex 13.34825611114502 33.26856231689453 -0.5
vertex -13.419333457946777 33.26693344116211 -0.5
endloop
endfacet
facet normal 0 0 1
outer loop
vertex -15.545082092285156 34.02531051635742 -0.5
vertex -15.889666557312012 34.33650588989258 -0.5
vertex -18.379436492919922 33.28415298461914 -0.5
endloop
endfacet
facet normal 0 0 1
outer loop
vertex 121.17613220214844 -51.07172775268555 -0.5
vertex 121.17613220214844 -53.736732482910156 -0.5
vertex 122.16531372070312 -53.65018844604492 -0.5
endloop
endfacet
facet normal 0 0 1
outer loop
vertex 121.17613220214844 -51.07172775268555 -0.5
vertex 122.16531372070312 -53.65018844604492 -0.5
vertex 123.51229095458984 -53.289268493652344 -0.5
endloop
endfacet
facet normal 0 0 1
outer loop
vertex 121.17613220214844 -51.07172775268555 -0.5
vertex 123.51229095458984 -53.289268493652344 -0.5
vertex 124.77613067626953 -52.69993209838867 -0.5
endloop
endfacet
facet normal 0 0 1
outer loop
vertex -81.98485565185547 16.554351806640625 -0.5
vertex -82.06922149658203 16.097774505615234 -0.5
vertex -80.51465606689453 10.51506519317627 -0.5
endloop
endfacet
facet normal 0 0 1
outer loop
vertex -82.06922149658203 16.097774505615234 -0.5
vertex -82.08879852294922 16.022932052612305 -0.5
vertex -80.51465606689453 10.51506519317627 -0.5
endloop
endfacet
facet normal 0 0 1
outer loop
vertex 124.77613067626953 -52.69993209838867 -0.5
vertex 125.27613067626953 -52.34982681274414 -0.5
vertex 125.27613067626953 -51.7722053527832 -0.5
endloop
endfacet
facet normal 0 0 1
outer loop
vertex 121.17613220214844 -51.07172775268555 -0.5
vertex 124.77613067626953 -52.69993209838867 -0.5
vertex 125.27613067626953 -51.7722053527832 -0.5
endloop
endfacet
facet normal 0 0 1
outer loop
vertex 126.46747589111328 -51.033668518066406 -0.5
vertex 121.17613220214844 -51.07172775268555 -0.5
vertex 125.27613067626953 -51.7722053527832 -0.5
endloop
endfacet
facet normal 0 0 1
outer loop
vertex 129.7673797607422 -51.771728515625 -0.5
vertex 126.46747589111328 -51.033668518066406 -0.5
vertex 125.27613067626953 -51.7722053527832 -0.5
endloop
endfacet
facet normal 0 0 1
outer loop
vertex -82.08879852294922 16.022932052612305 -0.5
vertex -82.24259948730469 15.584840774536133 -0.5
vertex -80.51465606689453 10.51506519317627 -0.5
endloop
endfacet
facet normal 0 0 1
outer loop
vertex -82.24259948730469 15.584840774536133 -0.5
vertex -82.27381134033203 15.514028549194336 -0.5
vertex -80.51465606689453 10.51506519317627 -0.5
endloop
endfacet
facet normal 0 0 1
outer loop
vertex 18.038957595825195 32.49461364746094 -0.5
vertex 18.13654899597168 33.0588493347168 -0.5
vertex 15.738842964172363 34.366554260253906 -0.5
endloop
endfacet
facet normal 0 0 1
outer loop
vertex 18.029598236083984 31.922073364257812 -0.5
vertex 18.038957595825195 32.49461364746094 -0.5
vertex 15.339211463928223 34.001190185546875 -0.5
endloop
endfacet
facet normal 0 0 1
outer loop
vertex 15.339211463928223 34.001190185546875 -0.5
vertex 14.9544038772583 33.74137496948242 -0.5
vertex 18.029598236083984 31.922073364257812 -0.5
endloop
endfacet
facet normal 0 0 1
outer loop
vertex 14.9544038772583 33.74137496948242 -0.5
vertex 14.887110710144043 33.70316696166992 -0.5
vertex 18.029598236083984 31.922073364257812 -0.5
endloop
endfacet
facet normal 0 0 1
outer loop
vertex 14.887110710144043 33.70316696166992 -0.5
vertex 14.466821670532227 33.50584030151367 -0.5
vertex 18.10869789123535 31.354948043823242 -0.5
endloop
endfacet
facet normal 0 0 1
outer loop
vertex 14.887110710144043 33.70316696166992 -0.5
vertex 18.10869789123535 31.354948043823242 -0.5
vertex 18.029598236083984 31.922073364257812 -0.5
endloop
endfacet
facet normal 0 0 1
outer loop
vertex 14.466821670532227 33.50584030151367 -0.5
vertex 18.272380828857422 30.812240600585938 -0.5
vertex 18.10869789123535 31.354948043823242 -0.5
endloop
endfacet
facet normal 0 0 1
outer loop
vertex 14.466821670532227 33.50584030151367 -0.5
vertex 14.394438743591309 33.47847366333008 -0.5
vertex 18.235788345336914 30.764554977416992 -0.5
endloop
endfacet
facet normal 0 0 1
outer loop
vertex 14.394438743591309 33.47847366333008 -0.5
vertex 13.948735237121582 33.34836196899414 -0.5
vertex 18.235788345336914 30.764554977416992 -0.5
endloop
endfacet
facet normal 0 0 1
outer loop
vertex -82.27381134033203 15.514028549194336 -0.5
vertex -82.49337768554688 15.104917526245117 -0.5
vertex -80.99390411376953 10.828439712524414 -0.5
endloop
endfacet
facet normal 0 0 1
outer loop
vertex 13.948735237121582 33.34836196899414 -0.5
vertex 13.872806549072266 33.333946228027344 -0.5
vertex 18.235788345336914 30.764554977416992 -0.5
endloop
endfacet
facet normal 0 0 1
outer loop
vertex 13.872806549072266 33.333946228027344 -0.5
vertex 13.412364959716797 33.274169921875 -0.5
vertex 18.235788345336914 30.764554977416992 -0.5
endloop
endfacet
facet normal 0 0 1
outer loop
vertex 13.412364959716797 33.274169921875 -0.5
vertex 13.34825611114502 33.26856231689453 -0.5
vertex 18.235788345336914 30.764554977416992 -0.5
endloop
endfacet
facet normal 0 0 1
outer loop
vertex 14.466821670532227 33.50584030151367 -0.5
vertex 18.235788345336914 30.764554977416992 -0.5
vertex 18.272380828857422 30.812240600585938 -0.5
endloop
endfacet
facet normal 0 0 1
outer loop
vertex 13.34825611114502 33.26856231689453 -0.5
vertex -18.413785934448242 30.764554977416992 -0.5
vertex 18.235788345336914 30.764554977416992 -0.5
endloop
endfacet
facet normal 0 0 1
outer loop
vertex -96.51348114013672 8.918721199035645 -0.5
vertex -84.6998062133789 13.544356346130371 -0.5
vertex -91.66328430175781 12.316509246826172 -0.5
endloop
endfacet
facet normal 0 0 1
outer loop
vertex -82.49337768554688 15.104917526245117 -0.5
vertex -82.53638458251953 15.040714263916016 -0.5
vertex -81.51577758789062 11.064108848571777 -0.5
endloop
endfacet
facet normal 0 0 1
outer loop
vertex 61.8808708190918 36.143768310546875 -0.5
vertex 78.50888061523438 33.205596923828125 -0.5
vertex 79.25870513916016 35.59221267700195 -0.5
endloop
endfacet
facet normal 0 0 1
outer loop
vertex -84.6998062133789 13.544356346130371 -0.5
vertex -96.51348114013672 8.918721199035645 -0.5
vertex -84.63742065429688 13.559579849243164 -0.5
endloop
endfacet
facet normal 0 0 1
outer loop
vertex -96.51348114013672 8.918721199035645 -0.5
vertex -84.19435119628906 13.698394775390625 -0.5
vertex -84.63742065429688 13.559579849243164 -0.5
endloop
endfacet
facet normal 0 0 1
outer loop
vertex -84.19435119628906 13.698394775390625 -0.5
vertex -96.51348114013672 8.918721199035645 -0.5
vertex -83.20877838134766 11.258511543273926 -0.5
endloop
endfacet
facet normal 0 0 1
outer loop
vertex -82.53638458251953 15.040714263916016 -0.5
vertex -82.81520080566406 14.66943645477295 -0.5
vertex -82.06776428222656 11.216429710388184 -0.5
endloop
endfacet
facet normal 0 0 1
outer loop
vertex -27.818817138671875 49.520748138427734 -0.5
vertex -25.2567195892334 50.33006286621094 -0.5
vertex -25.87154197692871 51.101890563964844 -0.5
endloop
endfacet
facet normal 0 0 1
outer loop
vertex 137.78302001953125 4.7125067710876465 -0.5
vertex 139.7591094970703 7.415699481964111 -0.5
vertex 137.76988220214844 5.284971714019775 -0.5
endloop
endfacet
facet normal 0 0 1
outer loop
vertex 139.7591094970703 7.415699481964111 -0.5
vertex 137.6685791015625 5.848553657531738 -0.5
vertex 137.76988220214844 5.284971714019775 -0.5
endloop
endfacet
facet normal 0 0 1
outer loop
vertex 137.4815216064453 6.389753818511963 -0.5
vertex 137.6685791015625 5.848553657531738 -0.5
vertex 139.7591094970703 7.415699481964111 -0.5
endloop
endfacet
facet normal 0 0 1
outer loop
vertex -27.440799713134766 49.090641021728516 -0.5
vertex -25.019752502441406 49.95083236694336 -0.5
vertex -25.2567195892334 50.33006286621094 -0.5
endloop
endfacet
facet normal 0 0 1
outer loop
vertex -82.81520080566406 14.66943645477295 -0.5
vertex -82.86778259277344 14.612828254699707 -0.5
vertex -82.06776428222656 11.216429710388184 -0.5
endloop
endfacet
facet normal 0 0 1
outer loop
vertex 138.8450469970703 4.823141098022461 -0.5
vertex 140.1292266845703 6.298961162567139 -0.5
vertex 137.78302001953125 4.7125067710876465 -0.5
endloop
endfacet
facet normal 0 0 1
outer loop
vertex 138.8450469970703 4.823141098022461 -0.5
vertex 140.26084899902344 4.573704242706299 -0.5
vertex 140.1292266845703 6.298961162567139 -0.5
endloop
endfacet
facet normal 0 0 1
outer loop
vertex 140.26084899902344 4.573704242706299 -0.5
vertex 140.27792358398438 5.244595050811768 -0.5
vertex 140.1292266845703 6.298961162567139 -0.5
endloop
endfacet
facet normal 0 0 1
outer loop
vertex 140.1292266845703 6.298961162567139 -0.5
vertex 139.7591094970703 7.415699481964111 -0.5
vertex 137.78302001953125 4.7125067710876465 -0.5
endloop
endfacet
facet normal 0 0 1
outer loop
vertex -82.86778259277344 14.612828254699707 -0.5
vertex -83.20036315917969 14.288830757141113 -0.5
vertex -82.63663482666016 11.28175163269043 -0.5
endloop
endfacet
facet normal 0 0 1
outer loop
vertex 129.7673797607422 -51.771728515625 -0.5
vertex 126.62968444824219 -50.9252815246582 -0.5
vertex 126.46747589111328 -51.033668518066406 -0.5
endloop
endfacet
facet normal 0 0 1
outer loop
vertex -140.28135681152344 5.522655010223389 -0.5
vertex -140.28065490722656 5.264169216156006 -0.5
vertex -138.93798828125 5.499695777893066 -0.5
endloop
endfacet
facet normal 0 0 1
outer loop
vertex 129.7673797607422 -51.771728515625 -0.5
vertex 126.73806762695312 -50.76306915283203 -0.5
vertex 126.62968444824219 -50.9252815246582 -0.5
endloop
endfacet
facet normal 0 0 1
outer loop
vertex -140.0720977783203 6.680367469787598 -0.5
vertex -140.28135681152344 5.522655010223389 -0.5
vertex -138.93798828125 5.499695777893066 -0.5
endloop
endfacet
facet normal 0 0 1
outer loop
vertex -138.93798828125 5.499695777893066 -0.5
vertex -137.80247497558594 5.1432785987854 -0.5
vertex -139.69967651367188 7.673604488372803 -0.5
endloop
endfacet
facet normal 0 0 1
outer loop
vertex -138.93798828125 5.499695777893066 -0.5
vertex -137.779296875 4.571133136749268 -0.5
vertex -137.80247497558594 5.1432785987854 -0.5
endloop
endfacet
facet normal 0 0 1
outer loop
vertex 135.6855926513672 10.902307510375977 -0.5
vertex 101.24763488769531 14.461973190307617 -0.5
vertex 134.93582153320312 8.515680313110352 -0.5
endloop
endfacet
facet normal 0 0 1
outer loop
vertex -137.7371063232422 5.712149143218994 -0.5
vertex -139.69967651367188 7.673604488372803 -0.5
vertex -137.80247497558594 5.1432785987854 -0.5
endloop
endfacet
facet normal 0 0 1
outer loop
vertex 135.48141479492188 8.34183120727539 -0.5
vertex 135.99363708496094 8.085877418518066 -0.5
vertex 136.68553161621094 10.541570663452148 -0.5
endloop
endfacet
facet normal 0 0 1
outer loop
vertex 134.93582153320312 8.515680313110352 -0.5
vertex 135.48141479492188 8.34183120727539 -0.5
vertex 136.68553161621094 10.541570663452148 -0.5
endloop
endfacet
facet normal 0 0 1
outer loop
vertex -137.7371063232422 5.712149143218994 -0.5
vertex -137.58473205566406 6.264118194580078 -0.5
vertex -139.69967651367188 7.673604488372803 -0.5
endloop
endfacet
facet normal 0 0 1
outer loop
vertex 129.7673797607422 -51.771728515625 -0.5
vertex 130.2326202392578 -49.24494934082031 -0.5
vertex 126.73806762695312 -50.76306915283203 -0.5
endloop
endfacet
facet normal 0 0 1
outer loop
vertex 129.7673797607422 -51.771728515625 -0.5
vertex 130.2139434814453 -51.756126403808594 -0.5
vertex 130.2326202392578 -49.24494934082031 -0.5
endloop
endfacet
facet normal 0 0 1
outer loop
vertex 130.2139434814453 -51.756126403808594 -0.5
vertex 131.1897430419922 -51.60960388183594 -0.5
vertex 130.7941131591797 -49.13263702392578 -0.5
endloop
endfacet
facet normal 0 0 1
outer loop
vertex 131.1897430419922 -51.60960388183594 -0.5
vertex 132.20228576660156 -51.28012466430664 -0.5
vertex 131.33154296875 -48.935028076171875 -0.5
endloop
endfacet
facet normal 0 0 1
outer loop
vertex 130.2326202392578 -49.24494934082031 -0.5
vertex 126.77613067626953 -50.57172775268555 -0.5
vertex 126.73806762695312 -50.76306915283203 -0.5
endloop
endfacet
facet normal 0 0 1
outer loop
vertex 137.21319580078125 6.895608425140381 -0.5
vertex 137.4815216064453 6.389753818511963 -0.5
vertex 139.7591094970703 7.415699481964111 -0.5
endloop
endfacet
facet normal 0 0 1
outer loop
vertex 136.46023559570312 7.753950595855713 -0.5
vertex 136.87002563476562 7.354000568389893 -0.5
vertex 138.5079345703125 9.259466171264648 -0.5
endloop
endfacet
facet normal 0 0 1
outer loop
vertex 136.87002563476562 7.354000568389893 -0.5
vertex 137.21319580078125 6.895608425140381 -0.5
vertex 139.2490692138672 8.345796585083008 -0.5
endloop
endfacet
facet normal 0 0 1
outer loop
vertex -138.93798828125 5.499695777893066 -0.5
vertex -139.69967651367188 7.673604488372803 -0.5
vertex -140.0720977783203 6.680367469787598 -0.5
endloop
endfacet
facet normal 0 0 1
outer loop
vertex 130.2326202392578 -49.24494934082031 -0.5
vertex 126.77613067626953 -49.57172775268555 -0.5
vertex 126.77613067626953 -50.57172775268555 -0.5
endloop
endfacet
facet normal 0 0 1
outer loop
vertex 137.21319580078125 6.895608425140381 -0.5
vertex 139.7591094970703 7.415699481964111 -0.5
vertex 139.2490692138672 8.345796585083008 -0.5
endloop
endfacet
facet normal 0 0 1
outer loop
vertex -137.34901428222656 6.785964488983154 -0.5
vertex -139.09449768066406 8.682488441467285 -0.5
vertex -139.69967651367188 7.673604488372803 -0.5
endloop
endfacet
facet normal 0 0 1
outer loop
vertex -137.58473205566406 6.264118194580078 -0.5
vertex -137.34901428222656 6.785964488983154 -0.5
vertex -139.69967651367188 7.673604488372803 -0.5
endloop
endfacet
facet normal 0 0 1
outer loop
vertex 135.99363708496094 8.085877418518066 -0.5
vertex 136.46023559570312 7.753950595855713 -0.5
vertex 138.5079345703125 9.259466171264648 -0.5
endloop
endfacet
facet normal 0 0 1
outer loop
vertex 135.99363708496094 8.085877418518066 -0.5
vertex 138.5079345703125 9.259466171264648 -0.5
vertex 137.701904296875 9.949068069458008 -0.5
endloop
endfacet
facet normal 0 0 1
outer loop
vertex 136.87002563476562 7.354000568389893 -0.5
vertex 139.2490692138672 8.345796585083008 -0.5
vertex 138.5079345703125 9.259466171264648 -0.5
endloop
endfacet
facet normal 0 0 1
outer loop
vertex -139.09449768066406 8.682488441467285 -0.5
vertex -137.34901428222656 6.785964488983154 -0.5
vertex -137.03558349609375 7.265188217163086 -0.5
endloop
endfacet
facet normal 0 0 1
outer loop
vertex 135.99363708496094 8.085877418518066 -0.5
vertex 137.701904296875 9.949068069458008 -0.5
vertex 136.68553161621094 10.541570663452148 -0.5
endloop
endfacet
facet normal 0 0 1
outer loop
vertex -138.39486694335938 9.479818344116211 -0.5
vertex -137.03558349609375 7.265188217163086 -0.5
vertex -136.6519775390625 7.690309524536133 -0.5
endloop
endfacet
facet normal 0 0 1
outer loop
vertex 130.2326202392578 -49.24494934082031 -0.5
vertex 126.73806762695312 -49.38038635253906 -0.5
vertex 126.77613067626953 -49.57172775268555 -0.5
endloop
endfacet
facet normal 0 0 1
outer loop
vertex 135.6855926513672 10.902307510375977 -0.5
vertex 134.93582153320312 8.515680313110352 -0.5
vertex 136.68553161621094 10.541570663452148 -0.5
endloop
endfacet
facet normal 0 0 1
outer loop
vertex 130.2326202392578 -49.24494934082031 -0.5
vertex 126.66546630859375 -49.271728515625 -0.5
vertex 126.73806762695312 -49.38038635253906 -0.5
endloop
endfacet
facet normal 0 0 1
outer loop
vertex 130.2139434814453 -51.756126403808594 -0.5
vertex 130.7941131591797 -49.13263702392578 -0.5
vertex 130.2326202392578 -49.24494934082031 -0.5
endloop
endfacet
facet normal 0 0 1
outer loop
vertex 131.1897430419922 -51.60960388183594 -0.5
vertex 131.33154296875 -48.935028076171875 -0.5
vertex 130.7941131591797 -49.13263702392578 -0.5
endloop
endfacet
facet normal 0 0 1
outer loop
vertex 132.20228576660156 -51.28012466430664 -0.5
vertex 131.83204650878906 -48.6568603515625 -0.5
vertex 131.33154296875 -48.935028076171875 -0.5
endloop
endfacet
facet normal 0 0 1
outer loop
vertex 132.20228576660156 -51.28012466430664 -0.5
vertex 133.23782348632812 -50.72176742553711 -0.5
vertex 131.83204650878906 -48.6568603515625 -0.5
endloop
endfacet
facet normal 0 0 1
outer loop
vertex 133.23782348632812 -50.72176742553711 -0.5
vertex 134.06524658203125 -50.05800247192383 -0.5
vertex 134.8363800048828 -49.169498443603516 -0.5
endloop
endfacet
facet normal 0 0 1
outer loop
vertex 133.23782348632812 -50.72176742553711 -0.5
vertex 132.2836456298828 -48.30479049682617 -0.5
vertex 131.83204650878906 -48.6568603515625 -0.5
endloop
endfacet
facet normal 0 0 1
outer loop
vertex 133.23782348632812 -50.72176742553711 -0.5
vertex 132.67550659179688 -47.88725280761719 -0.5
vertex 132.2836456298828 -48.30479049682617 -0.5
endloop
endfacet
facet normal 0 0 1
outer loop
vertex 133.23782348632812 -50.72176742553711 -0.5
vertex 132.99822998046875 -47.41425323486328 -0.5
vertex 132.67550659179688 -47.88725280761719 -0.5
endloop
endfacet
facet normal 0 0 1
outer loop
vertex 133.23782348632812 -50.72176742553711 -0.5
vertex 133.24412536621094 -46.897117614746094 -0.5
vertex 132.99822998046875 -47.41425323486328 -0.5
endloop
endfacet
facet normal 0 0 1
outer loop
vertex 133.23782348632812 -50.72176742553711 -0.5
vertex 133.40725708007812 -46.348236083984375 -0.5
vertex 133.24412536621094 -46.897117614746094 -0.5
endloop
endfacet
facet normal 0 0 1
outer loop
vertex 133.23782348632812 -50.72176742553711 -0.5
vertex 133.4837646484375 -45.7807502746582 -0.5
vertex 133.40725708007812 -46.348236083984375 -0.5
endloop
endfacet
facet normal 0 0 1
outer loop
vertex 134.8363800048828 -49.169498443603516 -0.5
vertex 135.96434020996094 -46.104637145996094 -0.5
vertex 133.23782348632812 -50.72176742553711 -0.5
endloop
endfacet
facet normal 0 0 1
outer loop
vertex 133.23782348632812 -50.72176742553711 -0.5
vertex 135.96434020996094 -46.104637145996094 -0.5
vertex 133.4837646484375 -45.7807502746582 -0.5
endloop
endfacet
facet normal 0 0 1
outer loop
vertex 135.96434020996094 -46.104637145996094 -0.5
vertex 134.8363800048828 -49.169498443603516 -0.5
vertex 135.37557983398438 -48.25599670410156 -0.5
endloop
endfacet
facet normal 0 0 1
outer loop
vertex -138.39486694335938 9.479818344116211 -0.5
vertex -139.09449768066406 8.682488441467285 -0.5
vertex -137.03558349609375 7.265188217163086 -0.5
endloop
endfacet
facet normal 0 0 1
outer loop
vertex -138.39486694335938 9.479818344116211 -0.5
vertex -136.6519775390625 7.690309524536133 -0.5
vertex -137.47198486328125 10.209468841552734 -0.5
endloop
endfacet
facet normal 0 0 1
outer loop
vertex 135.96434020996094 -46.104637145996094 -0.5
vertex 135.37557983398438 -48.25599670410156 -0.5
vertex 135.7826385498047 -47.152191162109375 -0.5
endloop
endfacet
facet normal 0 0 1
outer loop
vertex -96.1485366821289 15.20022201538086 -0.5
vertex -96.94586181640625 15.899856567382812 -0.5
vertex -96.51348114013672 8.918721199035645 -0.5
endloop
endfacet
facet normal 0 0 1
outer loop
vertex 135.96434020996094 -46.104637145996094 -0.5
vertex 133.43533325195312 -27.93995475769043 -0.5
vertex 133.4837646484375 -45.7807502746582 -0.5
endloop
endfacet
facet normal 0 0 1
outer loop
vertex 133.43533325195312 -27.93995475769043 -0.5
vertex 135.96434020996094 -46.104637145996094 -0.5
vertex 135.98983764648438 -28.593820571899414 -0.5
endloop
endfacet
facet normal 0 0 1
outer loop
vertex 133.43533325195312 -27.93995475769043 -0.5
vertex 135.406494140625 -25.921016693115234 -0.5
vertex 133.294189453125 -27.385007858276367 -0.5
endloop
endfacet
facet normal 0 0 1
outer loop
vertex 133.43533325195312 -27.93995475769043 -0.5
vertex 135.98983764648438 -28.593820571899414 -0.5
vertex 135.9827117919922 -28.389545440673828 -0.5
endloop
endfacet
facet normal 0 0 1
outer loop
vertex 135.97425842285156 -28.14763641357422 -0.5
vertex 133.43533325195312 -27.93995475769043 -0.5
vertex 135.9827117919922 -28.389545440673828 -0.5
endloop
endfacet
facet normal 0 0 1
outer loop
vertex 135.97425842285156 -28.14763641357422 -0.5
vertex 135.9065704345703 -27.696842193603516 -0.5
vertex 133.43533325195312 -27.93995475769043 -0.5
endloop
endfacet
facet normal 0 0 1
outer loop
vertex 135.9065704345703 -27.696842193603516 -0.5
vertex 135.82810974121094 -27.17430877685547 -0.5
vertex 133.43533325195312 -27.93995475769043 -0.5
endloop
endfacet
facet normal 0 0 1
outer loop
vertex 135.82810974121094 -27.17430877685547 -0.5
vertex 135.406494140625 -25.921016693115234 -0.5
vertex 133.43533325195312 -27.93995475769043 -0.5
endloop
endfacet
facet normal 0 0 1
outer loop
vertex -136.6519775390625 7.690309524536133 -0.5
vertex -136.2073516845703 8.051146507263184 -0.5
vertex -137.47198486328125 10.209468841552734 -0.5
endloop
endfacet
facet normal 0 0 1
outer loop
vertex -99.91620635986328 14.542459487915039 -0.5
vertex -97.95475006103516 16.50503158569336 -0.5
vertex -98.94798278808594 16.877460479736328 -0.5
endloop
endfacet
facet normal 0 0 1
outer loop
vertex -136.2073516845703 8.051146507263184 -0.5
vertex -136.5320281982422 10.709726333618164 -0.5
vertex -137.47198486328125 10.209468841552734 -0.5
endloop
endfacet
facet normal 0 0 1
outer loop
vertex -136.2073516845703 8.051146507263184 -0.5
vertex -135.71238708496094 8.339055061340332 -0.5
vertex -136.5320281982422 10.709726333618164 -0.5
endloop
endfacet
facet normal 0 0 1
outer loop
vertex -135.71238708496094 8.339055061340332 -0.5
vertex -135.1789093017578 8.547138214111328 -0.5
vertex -135.5964813232422 11.023426055908203 -0.5
endloop
endfacet
facet normal 0 0 1
outer loop
vertex -135.1789093017578 8.547138214111328 -0.5
vertex -134.74752807617188 8.650372505187988 -0.5
vertex -135.1595916748047 11.1162748336792 -0.5
endloop
endfacet
facet normal 0 0 1
outer loop
vertex -96.94586181640625 15.899856567382812 -0.5
vertex -97.95475006103516 16.50503158569336 -0.5
vertex -97.93804168701172 13.457328796386719 -0.5
endloop
endfacet
facet normal 0 0 1
outer loop
vertex 101.24763488769531 14.461973190307617 -0.5
vertex 135.6855926513672 10.902307510375977 -0.5
vertex 101.71235656738281 16.918582916259766 -0.5
endloop
endfacet
facet normal 0 0 1
outer loop
vertex -99.3642349243164 14.390085220336914 -0.5
vertex -98.8423843383789 14.154363632202148 -0.5
vertex -97.95475006103516 16.50503158569336 -0.5
endloop
endfacet
facet normal 0 0 1
outer loop
vertex -100.48507690429688 14.60783863067627 -0.5
vertex -98.94798278808594 16.877460479736328 -0.5
vertex -100.10569763183594 17.086715698242188 -0.5
endloop
endfacet
facet normal 0 0 1
outer loop
vertex -101.05722045898438 14.584653854370117 -0.5
vertex -100.10569763183594 17.086715698242188 -0.5
vertex -101.16869354248047 17.08379364013672 -0.5
endloop
endfacet
facet normal 0 0 1
outer loop
vertex -99.91620635986328 14.542459487915039 -0.5
vertex -99.3642349243164 14.390085220336914 -0.5
vertex -97.95475006103516 16.50503158569336 -0.5
endloop
endfacet
facet normal 0 0 1
outer loop
vertex -100.48507690429688 14.60783863067627 -0.5
vertex -99.91620635986328 14.542459487915039 -0.5
vertex -98.94798278808594 16.877460479736328 -0.5
endloop
endfacet
facet normal 0 0 1
outer loop
vertex -15.889666557312012 34.33650588989258 -0.5
vertex -15.942157745361328 34.39329147338867 -0.5
vertex -18.379436492919922 33.28415298461914 -0.5
endloop
endfacet
facet normal 0 0 1
outer loop
vertex -15.942157745361328 34.39329147338867 -0.5
vertex -16.234155654907227 34.75428771972656 -0.5
vertex -18.379436492919922 33.28415298461914 -0.5
endloop
endfacet
facet normal 0 0 1
outer loop
vertex -15.096155166625977 33.722900390625 -0.5
vertex -15.483901977539062 33.97830581665039 -0.5
vertex -18.246301651000977 32.727230072021484 -0.5
endloop
endfacet
facet normal 0 0 1
outer loop
vertex -101.05722045898438 14.584653854370117 -0.5
vertex -100.48507690429688 14.60783863067627 -0.5
vertex -100.10569763183594 17.086715698242188 -0.5
endloop
endfacet
facet normal 0 0 1
outer loop
vertex -15.483901977539062 33.97830581665039 -0.5
vertex -15.545082092285156 34.02531051635742 -0.5
vertex -18.246301651000977 32.727230072021484 -0.5
endloop
endfacet
facet normal 0 0 1
outer loop
vertex -16.234155654907227 34.75428771972656 -0.5
vertex -16.277835845947266 34.8179931640625 -0.5
vertex -18.596912384033203 33.81386184692383 -0.5
endloop
endfacet
facet normal 0 0 1
outer loop
vertex -84.12330627441406 13.728771209716797 -0.5
vertex -84.19435119628906 13.698394775390625 -0.5
vertex -83.20877838134766 11.258511543273926 -0.5
endloop
endfacet
facet normal 0 0 1
outer loop
vertex -27.440799713134766 49.090641021728516 -0.5
vertex -16.277835845947266 34.8179931640625 -0.5
vertex -25.019752502441406 49.95083236694336 -0.5
endloop
endfacet
facet normal 0 0 1
outer loop
vertex -27.818817138671875 49.520748138427734 -0.5
vertex -27.440799713134766 49.090641021728516 -0.5
vertex -25.2567195892334 50.33006286621094 -0.5
endloop
endfacet
facet normal 0 0 1
outer loop
vertex -28.25867462158203 49.88737487792969 -0.5
vertex -27.818817138671875 49.520748138427734 -0.5
vertex -25.87154197692871 51.101890563964844 -0.5
endloop
endfacet
facet normal 0 0 1
outer loop
vertex -77.43611907958984 10.18054485321045 -0.5
vertex -79.7286148071289 9.686910629272461 -0.5
vertex -79.44065856933594 9.191967964172363 -0.5
endloop
endfacet
facet normal 0 0 1
outer loop
vertex -98.8423843383789 14.154363632202148 -0.5
vertex -98.36316680908203 13.8409423828125 -0.5
vertex -97.95475006103516 16.50503158569336 -0.5
endloop
endfacet
facet normal 0 0 1
outer loop
vertex -98.36316680908203 13.8409423828125 -0.5
vertex -97.93804168701172 13.457328796386719 -0.5
vertex -97.95475006103516 16.50503158569336 -0.5
endloop
endfacet
facet normal 0 0 1
outer loop
vertex -97.28929901123047 12.517739295959473 -0.5
vertex -96.94586181640625 15.899856567382812 -0.5
vertex -97.57720947265625 13.012710571289062 -0.5
endloop
endfacet
facet normal 0 0 1
outer loop
vertex -96.94586181640625 15.899856567382812 -0.5
vertex -97.93804168701172 13.457328796386719 -0.5
vertex -97.57720947265625 13.012710571289062 -0.5
endloop
endfacet
facet normal 0 0 1
outer loop
vertex -97.28929901123047 12.517739295959473 -0.5
vertex -97.08121490478516 11.984270095825195 -0.5
vertex -96.94586181640625 15.899856567382812 -0.5
endloop
endfacet
facet normal 0 0 1
outer loop
vertex -78.36783599853516 11.60741138458252 -0.5
vertex -78.48030090332031 11.980264663696289 -0.5
vertex -79.7286148071289 9.686910629272461 -0.5
endloop
endfacet
facet normal 0 0 1
outer loop
vertex -77.81941986083984 10.60594367980957 -0.5
vertex -78.13249206542969 11.085394859313965 -0.5
vertex -79.7286148071289 9.686910629272461 -0.5
endloop
endfacet
facet normal 0 0 1
outer loop
vertex -78.13249206542969 11.085394859313965 -0.5
vertex -78.36783599853516 11.60741138458252 -0.5
vertex -79.7286148071289 9.686910629272461 -0.5
endloop
endfacet
facet normal 0 0 1
outer loop
vertex 135.406494140625 -25.921016693115234 -0.5
vertex 133.069091796875 -26.858488082885742 -0.5
vertex 133.294189453125 -27.385007858276367 -0.5
endloop
endfacet
facet normal 0 0 1
outer loop
vertex -92.20284271240234 12.269097328186035 -0.5
vertex -92.28651428222656 12.27097225189209 -0.5
vertex -96.51348114013672 8.918721199035645 -0.5
endloop
endfacet
facet normal 0 0 1
outer loop
vertex -76.99176025390625 9.81938648223877 -0.5
vertex -79.44065856933594 9.191967964172363 -0.5
vertex -79.2325210571289 8.65851879119873 -0.5
endloop
endfacet
facet normal 0 0 1
outer loop
vertex -92.28651428222656 12.27097225189209 -0.5
vertex -92.74935150146484 12.307905197143555 -0.5
vertex -96.51348114013672 8.918721199035645 -0.5
endloop
endfacet
facet normal 0 0 1
outer loop
vertex 132.7654571533203 -26.373004913330078 -0.5
vertex 133.069091796875 -26.858488082885742 -0.5
vertex 135.406494140625 -25.921016693115234 -0.5
endloop
endfacet
facet normal 0 0 1
outer loop
vertex 132.40310668945312 -25.953128814697266 -0.5
vertex 133.6295928955078 -24.77967643737793 -0.5
vertex 137.78302001953125 4.7125067710876465 -0.5
endloop
endfacet
facet normal 0 0 1
outer loop
vertex -92.74935150146484 12.307905197143555 -0.5
vertex -92.8253173828125 12.322043418884277 -0.5
vertex -96.51348114013672 8.918721199035645 -0.5
endloop
endfacet
facet normal 0 0 1
outer loop
vertex -76.49699401855469 9.531119346618652 -0.5
vertex -79.2325210571289 8.65851879119873 -0.5
vertex -75.42220306396484 8.3221435546875 -0.5
endloop
endfacet
facet normal 0 0 1
outer loop
vertex -79.2325210571289 8.65851879119873 -0.5
vertex -79.03372955322266 7.685329914093018 -0.5
vertex -75.42220306396484 8.3221435546875 -0.5
endloop
endfacet
facet normal 0 0 1
outer loop
vertex 132.40310668945312 -25.953128814697266 -0.5
vertex 132.7654571533203 -26.373004913330078 -0.5
vertex 135.26380920410156 -25.36786651611328 -0.5
endloop
endfacet
facet normal 0 0 1
outer loop
vertex 132.40310668945312 -25.953128814697266 -0.5
vertex 135.2283172607422 -25.06134033203125 -0.5
vertex 133.6295928955078 -24.77967643737793 -0.5
endloop
endfacet
facet normal 0 0 1
outer loop
vertex -77.43611907958984 10.18054485321045 -0.5
vertex -77.81941986083984 10.60594367980957 -0.5
vertex -79.7286148071289 9.686910629272461 -0.5
endloop
endfacet
facet normal 0 0 1
outer loop
vertex -75.42010498046875 9.201493263244629 -0.5
vertex -75.96367645263672 9.322649002075195 -0.5
vertex -75.42220306396484 8.3221435546875 -0.5
endloop
endfacet
facet normal 0 0 1
outer loop
vertex -75.32447814941406 9.008960723876953 -0.5
vertex -75.42010498046875 9.201493263244629 -0.5
vertex -75.42220306396484 8.3221435546875 -0.5
endloop
endfacet
facet normal 0 0 1
outer loop
vertex -28.65304183959961 52.81631088256836 -0.5
vertex -32.066471099853516 50.17405700683594 -0.5
vertex -31.536771774291992 50.39155960083008 -0.5
endloop
endfacet
facet normal 0 0 1
outer loop
vertex -28.65304183959961 52.81631088256836 -0.5
vertex -31.536771774291992 50.39155960083008 -0.5
vertex -30.979856491088867 50.524723052978516 -0.5
endloop
endfacet
facet normal 0 0 1
outer loop
vertex -30.409061431884766 50.57035446166992 -0.5
vertex -28.65304183959961 52.81631088256836 -0.5
vertex -30.979856491088867 50.524723052978516 -0.5
endloop
endfacet
facet normal 0 0 1
outer loop
vertex -135.71238708496094 8.339055061340332 -0.5
vertex -135.5964813232422 11.023426055908203 -0.5
vertex -136.5320281982422 10.709726333618164 -0.5
endloop
endfacet
facet normal 0 0 1
outer loop
vertex -75.96367645263672 9.322649002075195 -0.5
vertex -76.49699401855469 9.531119346618652 -0.5
vertex -75.42220306396484 8.3221435546875 -0.5
endloop
endfacet
facet normal 0 0 1
outer loop
vertex -76.99176025390625 9.81938648223877 -0.5
vertex -77.43611907958984 10.18054485321045 -0.5
vertex -79.44065856933594 9.191967964172363 -0.5
endloop
endfacet
facet normal 0 0 1
outer loop
vertex 132.7654571533203 -26.373004913330078 -0.5
vertex 135.406494140625 -25.921016693115234 -0.5
vertex 135.27642822265625 -25.4440975189209 -0.5
endloop
endfacet
facet normal 0 0 1
outer loop
vertex -29.838062286376953 50.527366638183594 -0.5
vertex -29.280536651611328 50.39678192138672 -0.5
vertex -28.65304183959961 52.81631088256836 -0.5
endloop
endfacet
facet normal 0 0 1
outer loop
vertex -30.409061431884766 50.57035446166992 -0.5
vertex -29.838062286376953 50.527366638183594 -0.5
vertex -28.65304183959961 52.81631088256836 -0.5
endloop
endfacet
facet normal 0 0 1
outer loop
vertex -29.280536651611328 50.39678192138672 -0.5
vertex -28.749835968017578 50.18173599243164 -0.5
vertex -28.65304183959961 52.81631088256836 -0.5
endloop
endfacet
facet normal 0 0 1
outer loop
vertex -81.98485565185547 16.554351806640625 -0.5
vertex -80.51465606689453 10.51506519317627 -0.5
vertex -78.48030090332031 11.980264663696289 -0.5
endloop
endfacet
facet normal 0 0 1
outer loop
vertex 80.78608703613281 31.58530044555664 -0.5
vertex 82.82211303710938 33.0352897644043 -0.5
vertex 82.08106231689453 33.949031829833984 -0.5
endloop
endfacet
facet normal 0 0 1
outer loop
vertex 137.78302001953125 4.7125067710876465 -0.5
vertex 133.6295928955078 -24.77967643737793 -0.5
vertex 135.28811645507812 -15.365921974182129 -0.5
endloop
endfacet
facet normal 0 0 1
outer loop
vertex -96.51348114013672 8.918721199035645 -0.5
vertex -92.8253173828125 12.322043418884277 -0.5
vertex -93.27688598632812 12.430079460144043 -0.5
endloop
endfacet
facet normal 0 0 1
outer loop
vertex 83.33206176757812 32.105140686035156 -0.5
vertex 82.82211303710938 33.0352897644043 -0.5
vertex 81.05436706542969 31.07942008972168 -0.5
endloop
endfacet
facet normal 0 0 1
outer loop
vertex 80.78608703613281 31.58530044555664 -0.5
vertex 81.05436706542969 31.07942008972168 -0.5
vertex 82.82211303710938 33.0352897644043 -0.5
endloop
endfacet
facet normal 0 0 1
outer loop
vertex 135.28811645507812 -15.365921974182129 -0.5
vertex 138.8450469970703 4.823141098022461 -0.5
vertex 137.78302001953125 4.7125067710876465 -0.5
endloop
endfacet
facet normal 0 0 1
outer loop
vertex -82.27381134033203 15.514028549194336 -0.5
vertex -80.99390411376953 10.828439712524414 -0.5
vertex -80.51465606689453 10.51506519317627 -0.5
endloop
endfacet
facet normal 0 0 1
outer loop
vertex -83.20036315917969 14.288830757141113 -0.5
vertex -83.26109313964844 14.241071701049805 -0.5
vertex -82.63663482666016 11.28175163269043 -0.5
endloop
endfacet
facet normal 0 0 1
outer loop
vertex -83.26109313964844 14.241071701049805 -0.5
vertex -83.63964080810547 13.97221565246582 -0.5
vertex -83.20877838134766 11.258511543273926 -0.5
endloop
endfacet
facet normal 0 0 1
outer loop
vertex -135.1789093017578 8.547138214111328 -0.5
vertex -135.1595916748047 11.1162748336792 -0.5
vertex -135.5964813232422 11.023426055908203 -0.5
endloop
endfacet
facet normal 0 0 1
outer loop
vertex -83.63964080810547 13.97221565246582 -0.5
vertex -83.70696258544922 13.934290885925293 -0.5
vertex -83.20877838134766 11.258511543273926 -0.5
endloop
endfacet
facet normal 0 0 1
outer loop
vertex -82.49337768554688 15.104917526245117 -0.5
vertex -81.51577758789062 11.064108848571777 -0.5
vertex -80.99390411376953 10.828439712524414 -0.5
endloop
endfacet
facet normal 0 0 1
outer loop
vertex 132.7654571533203 -26.373004913330078 -0.5
vertex 135.27642822265625 -25.4440975189209 -0.5
vertex 135.26380920410156 -25.36786651611328 -0.5
endloop
endfacet
facet normal 0 0 1
outer loop
vertex -82.53638458251953 15.040714263916016 -0.5
vertex -82.06776428222656 11.216429710388184 -0.5
vertex -81.51577758789062 11.064108848571777 -0.5
endloop
endfacet
facet normal 0 0 1
outer loop
vertex -82.86778259277344 14.612828254699707 -0.5
vertex -82.63663482666016 11.28175163269043 -0.5
vertex -82.06776428222656 11.216429710388184 -0.5
endloop
endfacet
facet normal 0 0 1
outer loop
vertex -83.26109313964844 14.241071701049805 -0.5
vertex -83.20877838134766 11.258511543273926 -0.5
vertex -82.63663482666016 11.28175163269043 -0.5
endloop
endfacet
facet normal 0 0 1
outer loop
vertex 132.40310668945312 -25.953128814697266 -0.5
vertex 135.26380920410156 -25.36786651611328 -0.5
vertex 135.2283172607422 -25.06134033203125 -0.5
endloop
endfacet
facet normal 0 0 1
outer loop
vertex -134.74752807617188 8.650372505187988 -0.5
vertex -101.16869354248047 17.08379364013672 -0.5
vertex -135.1595916748047 11.1162748336792 -0.5
endloop
endfacet
facet normal 0 0 1
outer loop
vertex -28.749835968017578 50.18173599243164 -0.5
vertex -28.25867462158203 49.88737487792969 -0.5
vertex -26.66316032409668 51.81402587890625 -0.5
endloop
endfacet
facet normal 0 0 1
outer loop
vertex -28.25867462158203 49.88737487792969 -0.5
vertex -25.87154197692871 51.101890563964844 -0.5
vertex -26.66316032409668 51.81402587890625 -0.5
endloop
endfacet
facet normal 0 0 1
outer loop
vertex 81.3556900024414 29.402143478393555 -0.5
vertex 83.76335906982422 28.505653381347656 -0.5
vertex 83.8254623413086 28.947643280029297 -0.5
endloop
endfacet
facet normal 0 0 1
outer loop
vertex 81.34262084960938 29.974609375 -0.5
vertex 81.3556900024414 29.402143478393555 -0.5
vertex 83.8254623413086 28.947643280029297 -0.5
endloop
endfacet
facet normal 0 0 1
outer loop
vertex 83.85065460205078 29.933982849121094 -0.5
vertex 81.34262084960938 29.974609375 -0.5
vertex 83.8254623413086 28.947643280029297 -0.5
endloop
endfacet
facet normal 0 0 1
outer loop
vertex -28.749835968017578 50.18173599243164 -0.5
vertex -27.66448402404785 52.4316291809082 -0.5
vertex -28.65304183959961 52.81631088256836 -0.5
endloop
endfacet
facet normal 0 0 1
outer loop
vertex -80.51465606689453 10.51506519317627 -0.5
vertex -80.08949279785156 10.131492614746094 -0.5
vertex -78.48030090332031 11.980264663696289 -0.5
endloop
endfacet
facet normal 0 0 1
outer loop
vertex -28.749835968017578 50.18173599243164 -0.5
vertex -26.66316032409668 51.81402587890625 -0.5
vertex -27.66448402404785 52.4316291809082 -0.5
endloop
endfacet
facet normal 0 0 1
outer loop
vertex -134.74752807617188 8.650372505187988 -0.5
vertex -101.05722045898438 14.584653854370117 -0.5
vertex -101.16869354248047 17.08379364013672 -0.5
endloop
endfacet
facet normal 0 0 1
outer loop
vertex -80.08949279785156 10.131492614746094 -0.5
vertex -79.7286148071289 9.686910629272461 -0.5
vertex -78.48030090332031 11.980264663696289 -0.5
endloop
endfacet
facet normal 0 0 1
outer loop
vertex -83.70696258544922 13.934290885925293 -0.5
vertex -84.12330627441406 13.728771209716797 -0.5
vertex -83.20877838134766 11.258511543273926 -0.5
endloop
endfacet
facet normal 0 0 1
outer loop
vertex -97.08121490478516 11.984270095825195 -0.5
vertex -96.51348114013672 8.918721199035645 -0.5
vertex -96.94586181640625 15.899856567382812 -0.5
endloop
endfacet
facet normal 0 0 1
outer loop
vertex -93.7786865234375 12.633525848388672 -0.5
vertex -93.8375015258789 12.660950660705566 -0.5
vertex -96.51348114013672 8.918721199035645 -0.5
endloop
endfacet
facet normal 0 0 1
outer loop
vertex -96.51348114013672 8.918721199035645 -0.5
vertex -93.8375015258789 12.660950660705566 -0.5
vertex -94.24391174316406 12.910191535949707 -0.5
endloop
endfacet
facet normal 0 0 1
outer loop
vertex 83.85065460205078 29.933982849121094 -0.5
vertex 81.24137115478516 30.53820037841797 -0.5
vertex 81.34262084960938 29.974609375 -0.5
endloop
endfacet
facet normal 0 0 1
outer loop
vertex 83.70206451416016 30.988367080688477 -0.5
vertex 81.05436706542969 31.07942008972168 -0.5
vertex 81.24137115478516 30.53820037841797 -0.5
endloop
endfacet
facet normal 0 0 1
outer loop
vertex 83.85065460205078 29.933982849121094 -0.5
vertex 83.70206451416016 30.988367080688477 -0.5
vertex 81.24137115478516 30.53820037841797 -0.5
endloop
endfacet
facet normal 0 0 1
outer loop
vertex 83.70206451416016 30.988367080688477 -0.5
vertex 83.33206176757812 32.105140686035156 -0.5
vertex 81.05436706542969 31.07942008972168 -0.5
endloop
endfacet
facet normal 0 0 1
outer loop
vertex -96.51348114013672 8.918721199035645 -0.5
vertex -94.24391174316406 12.910191535949707 -0.5
vertex -94.30509185791016 12.953030586242676 -0.5
endloop
endfacet
facet normal 0 0 1
outer loop
vertex 80.44296264648438 32.04372787475586 -0.5
vertex 80.78608703613281 31.58530044555664 -0.5
vertex 82.08106231689453 33.949031829833984 -0.5
endloop
endfacet
facet normal 0 0 1
outer loop
vertex 80.03321075439453 32.44371795654297 -0.5
vertex 80.44296264648438 32.04372787475586 -0.5
vertex 82.08106231689453 33.949031829833984 -0.5
endloop
endfacet
facet normal 0 0 1
outer loop
vertex -125.29664611816406 -51.748626708984375 -0.5
vertex -124.79664611816406 -52.69993209838867 -0.5
vertex -121.19664764404297 -51.07172775268555 -0.5
endloop
endfacet
facet normal 0 0 1
outer loop
vertex 137.1865234375 -4.59061336517334 -1
vertex 135.28811645507812 -15.365921974182129 -1
vertex 139.15618896484375 -4.937631130218506 -1
endloop
endfacet
facet normal 0 0 1
outer loop
vertex 135.28811645507812 -15.365921974182129 -1
vertex 133.6295928955078 -24.77967643737793 -1
vertex 139.15618896484375 -4.937631130218506 -1
endloop
endfacet
facet normal 0.9848323486061954 -0.17350863130923844 0
outer loop
vertex 135.28811645507812 -15.365921974182129 -0.5
vertex 133.6295928955078 -24.77967643737793 -0.5
vertex 135.28811645507812 -15.365921974182129 -1
endloop
endfacet
facet normal 0 0 1
outer loop
vertex 139.15618896484375 -4.937631130218506 -1
vertex 133.6295928955078 -24.77967643737793 -1
vertex 135.72938537597656 -24.38806915283203 -1
endloop
endfacet
facet normal 0.9848323486061954 -0.17350863130923844 0
outer loop
vertex 133.6295928955078 -24.77967643737793 -1
vertex 135.28811645507812 -15.365921974182129 -1
vertex 133.6295928955078 -24.77967643737793 -0.5
endloop
endfacet
facet normal 0.17350816929302085 0.9848324300045082 0
outer loop
vertex 133.6295928955078 -24.77967643737793 -0.5
vertex 135.2283172607422 -25.06134033203125 -0.5
vertex 133.6295928955078 -24.77967643737793 -1
endloop
endfacet
facet normal 0 0 1
outer loop
vertex 133.6295928955078 -24.77967643737793 -1
vertex 135.74127197265625 -25.15171241760254 -1
vertex 135.70831298828125 -24.851896286010742 -1
endloop
endfacet
facet normal 0 0 1
outer loop
vertex 133.6295928955078 -24.77967643737793 -1
vertex 135.70831298828125 -24.851896286010742 -1
vertex 135.72938537597656 -24.38806915283203 -1
endloop
endfacet
facet normal 0.1735079523393762 0.9848324682272032 7.152300619612232e-7
outer loop
vertex 135.74127197265625 -25.15171241760254 -1
vertex 133.6295928955078 -24.77967643737793 -1
vertex 135.2283172607422 -25.06134033203125 -0.5
endloop
endfacet
facet normal 0 0 1
outer loop
vertex 138.8450469970703 4.823141098022461 -1
vertex 137.1865234375 -4.59061336517334 -1
vertex 139.15618896484375 -4.937631130218506 -1
endloop
endfacet
facet normal 0.9848323184882555 -0.17350880225811974 0
outer loop
vertex 135.28811645507812 -15.365921974182129 -0.5
vertex 138.8450469970703 4.823141098022461 -1
vertex 138.8450469970703 4.823141098022461 -0.5
endloop
endfacet
facet normal 0.9848323485812547 -0.17350863130484437 0.000007116850332844635
outer loop
vertex 135.28811645507812 -15.365921974182129 -0.5
vertex 137.1865234375 -4.59061336517334 -1
vertex 138.8450469970703 4.823141098022461 -1
endloop
endfacet
facet normal 0.984832292175957 -0.17350895160610727 0
outer loop
vertex 135.28811645507812 -15.365921974182129 -1
vertex 137.1865234375 -4.59061336517334 -1
vertex 135.28811645507812 -15.365921974182129 -0.5
endloop
endfacet
facet normal -0.173508368582896 -0.9848323948917579 0.0000018618990996206004
outer loop
vertex 138.8450469970703 4.823141098022461 -0.5
vertex 140.75877380371094 4.485978603363037 -1
vertex 140.26084899902344 4.573704242706299 -0.5
endloop
endfacet
facet normal -0.17350884039717393 -0.9848323117688756 0
outer loop
vertex 138.8450469970703 4.823141098022461 -1
vertex 140.75877380371094 4.485978603363037 -1
vertex 138.8450469970703 4.823141098022461 -0.5
endloop
endfacet
facet normal 0 0 1
outer loop
vertex 140.75877380371094 4.485978603363037 -1
vertex 138.8450469970703 4.823141098022461 -1
vertex 140.75193786621094 4.216904163360596 -1
endloop
endfacet
facet normal 0 0 1
outer loop
vertex 138.8450469970703 4.823141098022461 -1
vertex 140.68458557128906 3.7374989986419678 -1
vertex 140.75193786621094 4.216904163360596 -1
endloop
endfacet
facet normal 0 0 1
outer loop
vertex 138.8450469970703 4.823141098022461 -1
vertex 139.15618896484375 -4.937631130218506 -1
vertex 140.68458557128906 3.7374989986419678 -1
endloop
endfacet
facet normal -0.9849604391185014 -0.17278001438675952 0
outer loop
vertex -137.19984436035156 -4.408874988555908 -1
vertex -138.93798828125 5.499695777893066 -0.5
vertex -138.93798828125 5.499695777893066 -1
endloop
endfacet
facet normal 0 0 1
outer loop
vertex -138.93798828125 5.499695777893066 -1
vertex -140.78041076660156 5.176502227783203 -1
vertex -140.7783203125 4.415417671203613 -1
endloop
endfacet
facet normal 0.17277952864001217 -0.9849605243254134 0.0000018820316179824913
outer loop
vertex -138.93798828125 5.499695777893066 -1
vertex -140.28065490722656 5.264169216156006 -0.5
vertex -140.78041076660156 5.176502227783203 -1
endloop
endfacet
facet normal 0 0 1
outer loop
vertex -137.9672088623047 -11.609848022460938 -1
vertex -137.36593627929688 -15.037555694580078 -1
vertex -135.39601135253906 -14.691997528076172 -1
endloop
endfacet
facet normal 0 0 1
outer loop
vertex -137.9672088623047 -11.609848022460938 -1
vertex -135.39601135253906 -14.691997528076172 -1
vertex -137.19984436035156 -4.408874988555908 -1
endloop
endfacet
facet normal 0 0 1
outer loop
vertex -137.19984436035156 -4.408874988555908 -1
vertex -138.93798828125 5.499695777893066 -1
vertex -137.9672088623047 -11.609848022460938 -1
endloop
endfacet
facet normal 0.1727788487067942 -0.9849606435993038 0
outer loop
vertex -138.93798828125 5.499695777893066 -1
vertex -138.93798828125 5.499695777893066 -0.5
vertex -140.28065490722656 5.264169216156006 -0.5
endloop
endfacet
facet normal 0 0 1
outer loop
vertex -138.93798828125 5.499695777893066 -1
vertex -140.7783203125 4.415417671203613 -1
vertex -137.9672088623047 -11.609848022460938 -1
endloop
endfacet
facet normal -0.9849604391185014 -0.17278001438675952 0
outer loop
vertex -137.19984436035156 -4.408874988555908 -0.5
vertex -138.93798828125 5.499695777893066 -0.5
vertex -137.19984436035156 -4.408874988555908 -1
endloop
endfacet
facet normal 0 0 1
outer loop
vertex -135.7180633544922 -24.53482437133789 -1
vertex -135.7235870361328 -24.962928771972656 -1
vertex -133.6578826904297 -24.600568771362305 -1
endloop
endfacet
facet normal 0 0 1
outer loop
vertex -135.7180633544922 -24.53482437133789 -1
vertex -133.6578826904297 -24.600568771362305 -1
vertex -135.75738525390625 -24.20740509033203 -1
endloop
endfacet
facet normal -0.17277899936727278 0.9849606171708816 0
outer loop
vertex -135.7235870361328 -24.962928771972656 -1
vertex -133.6578826904297 -24.600568771362305 -0.5
vertex -133.6578826904297 -24.600568771362305 -1
endloop
endfacet
facet normal -0.17277855010434273 0.9849606959773475 -0.0000019132013961225345
outer loop
vertex -135.222412109375 -24.87501335144043 -0.5
vertex -133.6578826904297 -24.600568771362305 -0.5
vertex -135.7235870361328 -24.962928771972656 -1
endloop
endfacet
facet normal 0 0 1
outer loop
vertex -133.6578826904297 -24.600568771362305 -1
vertex -137.36593627929688 -15.037555694580078 -1
vertex -135.75738525390625 -24.20740509033203 -1
endloop
endfacet
facet normal 0 0 1
outer loop
vertex -137.36593627929688 -15.037555694580078 -1
vertex -133.6578826904297 -24.600568771362305 -1
vertex -135.39601135253906 -14.691997528076172 -1
endloop
endfacet
facet normal -0.9849606837111358 -0.17277862004105735 0
outer loop
vertex -133.6578826904297 -24.600568771362305 -1
vertex -133.6578826904297 -24.600568771362305 -0.5
vertex -137.19984436035156 -4.408874988555908 -0.5
endloop
endfacet
facet normal -0.984960698657256 -0.17277853480111613 -0.0000035481547518793185
outer loop
vertex -133.6578826904297 -24.600568771362305 -1
vertex -137.19984436035156 -4.408874988555908 -0.5
vertex -135.39601135253906 -14.691997528076172 -1
endloop
endfacet
facet normal -0.9849606693034304 -0.17277870217517688 0
outer loop
vertex -135.39601135253906 -14.691997528076172 -1
vertex -137.19984436035156 -4.408874988555908 -0.5
vertex -137.19984436035156 -4.408874988555908 -1
endloop
endfacet
endsolid auto-kdk-case
